TradingDate,TradingPeriod,PointOfConnection,DollarsPerMegawattHour
2026-10-04,1,ABY0111,20.17
2026-10-04,2,ABY0111,19.98
2026-10-04,3,ABY0111,19.66
2026-10-04,4,ABY0111,19.67
2026-10-04,5,ABY0111,22.10
2026-10-04,6,ABY0111,21.71
2026-10-04,7,ABY0111,20.66
2026-10-04,8,ABY0111,19.75
2026-10-04,9,ABY0111,19.75
2026-10-04,10,ABY0111,18.93
2026-10-04,11,ABY0111,11.22
2026-10-04,12,ABY0111,19.89
2026-10-04,13,ABY0111,15.09
2026-10-04,14,ABY0111,20.02
2026-10-04,15,ABY0111,20.00
2026-10-04,16,ABY0111,20.02
2026-10-04,17,ABY0111,19.59
2026-10-04,18,ABY0111,18.80
2026-10-04,19,ABY0111,19.08
2026-10-04,20,ABY0111,18.44
2026-10-04,21,ABY0111,5.09
2026-10-04,22,ABY0111,0.02
2026-10-04,23,ABY0111,0.02
2026-10-04,24,ABY0111,0.02
2026-10-04,25,ABY0111,2.45
2026-10-04,26,ABY0111,0.40
2026-10-04,27,ABY0111,0.02
2026-10-04,28,ABY0111,0.02
2026-10-04,29,ABY0111,0.02
2026-10-04,30,ABY0111,0.02
2026-10-04,31,ABY0111,0.02
2026-10-04,32,ABY0111,1.26
2026-10-04,33,ABY0111,1.44
2026-10-04,34,ABY0111,11.44
2026-10-04,35,ABY0111,17.16
2026-10-04,36,ABY0111,19.41
2026-10-04,37,ABY0111,19.62
2026-10-04,38,ABY0111,19.48
2026-10-04,39,ABY0111,19.58
2026-10-04,40,ABY0111,19.67
2026-10-04,41,ABY0111,46.88
2026-10-04,42,ABY0111,49.64
2026-10-04,43,ABY0111,48.26
2026-10-04,44,ABY0111,46.76
2026-10-04,45,ABY0111,49.64
2026-10-04,46,ABY0111,49.63
2026-10-04,47,ABY0111,49.65
2026-10-04,48,ABY0111,49.31
2026-10-04,1,ALB0331,22.24
2026-10-04,2,ALB0331,23.48
2026-10-04,3,ALB0331,21.93
2026-10-04,4,ALB0331,21.87
2026-10-04,5,ALB0331,24.50
2026-10-04,6,ALB0331,24.00
2026-10-04,7,ALB0331,22.84
2026-10-04,8,ALB0331,21.80
2026-10-04,9,ALB0331,21.76
2026-10-04,10,ALB0331,20.80
2026-10-04,11,ALB0331,12.39
2026-10-04,12,ALB0331,22.47
2026-10-04,13,ALB0331,17.38
2026-10-04,14,ALB0331,23.65
2026-10-04,15,ALB0331,23.74
2026-10-04,16,ALB0331,25.03
2026-10-04,17,ALB0331,24.26
2026-10-04,18,ALB0331,23.27
2026-10-04,19,ALB0331,24.86
2026-10-04,20,ALB0331,25.28
2026-10-04,21,ALB0331,8.64
2026-10-04,22,ALB0331,0.64
2026-10-04,23,ALB0331,0.11
2026-10-04,24,ALB0331,0.03
2026-10-04,25,ALB0331,3.16
2026-10-04,26,ALB0331,0.50
2026-10-04,27,ALB0331,0.02
2026-10-04,28,ALB0331,0.03
2026-10-04,29,ALB0331,0.08
2026-10-04,30,ALB0331,0.06
2026-10-04,31,ALB0331,0.02
2026-10-04,32,ALB0331,2.37
2026-10-04,33,ALB0331,6.65
2026-10-04,34,ALB0331,23.08
2026-10-04,35,ALB0331,32.15
2026-10-04,36,ALB0331,46.91
2026-10-04,37,ALB0331,53.80
2026-10-04,38,ALB0331,93.96
2026-10-04,39,ALB0331,99.77
2026-10-04,40,ALB0331,81.40
2026-10-04,41,ALB0331,117.30
2026-10-04,42,ALB0331,112.39
2026-10-04,43,ALB0331,87.30
2026-10-04,44,ALB0331,197.00
2026-10-04,45,ALB0331,102.52
2026-10-04,46,ALB0331,77.28
2026-10-04,47,ALB0331,71.37
2026-10-04,48,ALB0331,68.45
2026-10-04,1,ALB1101,22.23
2026-10-04,2,ALB1101,23.46
2026-10-04,3,ALB1101,21.90
2026-10-04,4,ALB1101,21.84
2026-10-04,5,ALB1101,24.48
2026-10-04,6,ALB1101,23.98
2026-10-04,7,ALB1101,22.81
2026-10-04,8,ALB1101,21.77
2026-10-04,9,ALB1101,21.74
2026-10-04,10,ALB1101,20.78
2026-10-04,11,ALB1101,12.38
2026-10-04,12,ALB1101,22.44
2026-10-04,13,ALB1101,17.36
2026-10-04,14,ALB1101,23.63
2026-10-04,15,ALB1101,23.73
2026-10-04,16,ALB1101,25.03
2026-10-04,17,ALB1101,24.24
2026-10-04,18,ALB1101,23.25
2026-10-04,19,ALB1101,24.83
2026-10-04,20,ALB1101,25.25
2026-10-04,21,ALB1101,8.63
2026-10-04,22,ALB1101,0.64
2026-10-04,23,ALB1101,0.11
2026-10-04,24,ALB1101,0.03
2026-10-04,25,ALB1101,3.15
2026-10-04,26,ALB1101,0.50
2026-10-04,27,ALB1101,0.02
2026-10-04,28,ALB1101,0.03
2026-10-04,29,ALB1101,0.08
2026-10-04,30,ALB1101,0.06
2026-10-04,31,ALB1101,0.02
2026-10-04,32,ALB1101,2.37
2026-10-04,33,ALB1101,6.64
2026-10-04,34,ALB1101,23.06
2026-10-04,35,ALB1101,32.12
2026-10-04,36,ALB1101,46.86
2026-10-04,37,ALB1101,53.76
2026-10-04,38,ALB1101,93.87
2026-10-04,39,ALB1101,99.62
2026-10-04,40,ALB1101,81.25
2026-10-04,41,ALB1101,117.09
2026-10-04,42,ALB1101,112.23
2026-10-04,43,ALB1101,87.16
2026-10-04,44,ALB1101,196.69
2026-10-04,45,ALB1101,102.43
2026-10-04,46,ALB1101,77.20
2026-10-04,47,ALB1101,71.30
2026-10-04,48,ALB1101,68.39
2026-10-04,1,APS0111,20.94
2026-10-04,2,APS0111,20.39
2026-10-04,3,APS0111,20.36
2026-10-04,4,APS0111,20.37
2026-10-04,5,APS0111,22.76
2026-10-04,6,APS0111,22.29
2026-10-04,7,APS0111,21.13
2026-10-04,8,APS0111,19.87
2026-10-04,9,APS0111,19.94
2026-10-04,10,APS0111,19.28
2026-10-04,11,APS0111,11.43
2026-10-04,12,APS0111,20.41
2026-10-04,13,APS0111,15.88
2026-10-04,14,APS0111,21.13
2026-10-04,15,APS0111,21.34
2026-10-04,16,APS0111,21.71
2026-10-04,17,APS0111,21.51
2026-10-04,18,APS0111,20.51
2026-10-04,19,APS0111,20.35
2026-10-04,20,APS0111,19.46
2026-10-04,21,APS0111,5.35
2026-10-04,22,APS0111,0.02
2026-10-04,23,APS0111,0.02
2026-10-04,24,APS0111,0.02
2026-10-04,25,APS0111,2.49
2026-10-04,26,APS0111,0.40
2026-10-04,27,APS0111,0.02
2026-10-04,28,APS0111,0.02
2026-10-04,29,APS0111,0.02
2026-10-04,30,APS0111,0.02
2026-10-04,31,APS0111,0.02
2026-10-04,32,APS0111,1.28
2026-10-04,33,APS0111,1.46
2026-10-04,34,APS0111,11.83
2026-10-04,35,APS0111,17.87
2026-10-04,36,APS0111,20.30
2026-10-04,37,APS0111,20.95
2026-10-04,38,APS0111,21.18
2026-10-04,39,APS0111,21.38
2026-10-04,40,APS0111,21.55
2026-10-04,41,APS0111,49.31
2026-10-04,42,APS0111,51.15
2026-10-04,43,APS0111,49.62
2026-10-04,44,APS0111,47.79
2026-10-04,45,APS0111,49.96
2026-10-04,46,APS0111,49.59
2026-10-04,47,APS0111,50.97
2026-10-04,48,APS0111,50.54
2026-10-04,1,ARA2201,20.54
2026-10-04,2,ARA2201,21.88
2026-10-04,3,ARA2201,20.56
2026-10-04,4,ARA2201,20.49
2026-10-04,5,ARA2201,22.93
2026-10-04,6,ARA2201,22.48
2026-10-04,7,ARA2201,21.38
2026-10-04,8,ARA2201,20.39
2026-10-04,9,ARA2201,20.37
2026-10-04,10,ARA2201,19.47
2026-10-04,11,ARA2201,11.59
2026-10-04,12,ARA2201,20.94
2026-10-04,13,ARA2201,16.20
2026-10-04,14,ARA2201,21.85
2026-10-04,15,ARA2201,21.71
2026-10-04,16,ARA2201,22.72
2026-10-04,17,ARA2201,21.96
2026-10-04,18,ARA2201,21.05
2026-10-04,19,ARA2201,22.48
2026-10-04,20,ARA2201,22.84
2026-10-04,21,ARA2201,7.80
2026-10-04,22,ARA2201,0.58
2026-10-04,23,ARA2201,0.10
2026-10-04,24,ARA2201,0.03
2026-10-04,25,ARA2201,2.85
2026-10-04,26,ARA2201,0.45
2026-10-04,27,ARA2201,0.02
2026-10-04,28,ARA2201,0.03
2026-10-04,29,ARA2201,0.07
2026-10-04,30,ARA2201,0.05
2026-10-04,31,ARA2201,0.02
2026-10-04,32,ARA2201,2.13
2026-10-04,33,ARA2201,5.98
2026-10-04,34,ARA2201,20.77
2026-10-04,35,ARA2201,28.87
2026-10-04,36,ARA2201,42.14
2026-10-04,37,ARA2201,48.32
2026-10-04,38,ARA2201,84.09
2026-10-04,39,ARA2201,88.72
2026-10-04,40,ARA2201,72.32
2026-10-04,41,ARA2201,104.23
2026-10-04,42,ARA2201,99.91
2026-10-04,43,ARA2201,77.70
2026-10-04,44,ARA2201,176.58
2026-10-04,45,ARA2201,91.97
2026-10-04,46,ARA2201,69.37
2026-10-04,47,ARA2201,64.22
2026-10-04,48,ARA2201,61.92
2026-10-04,1,ARG1101,21.53
2026-10-04,2,ARG1101,21.37
2026-10-04,3,ARG1101,21.35
2026-10-04,4,ARG1101,21.38
2026-10-04,5,ARG1101,23.90
2026-10-04,6,ARG1101,23.45
2026-10-04,7,ARG1101,22.30
2026-10-04,8,ARG1101,21.12
2026-10-04,9,ARG1101,21.14
2026-10-04,10,ARG1101,20.39
2026-10-04,11,ARG1101,12.00
2026-10-04,12,ARG1101,21.26
2026-10-04,13,ARG1101,16.16
2026-10-04,14,ARG1101,21.43
2026-10-04,15,ARG1101,21.37
2026-10-04,16,ARG1101,21.48
2026-10-04,17,ARG1101,21.49
2026-10-04,18,ARG1101,20.64
2026-10-04,19,ARG1101,20.80
2026-10-04,20,ARG1101,20.04
2026-10-04,21,ARG1101,5.54
2026-10-04,22,ARG1101,0.02
2026-10-04,23,ARG1101,0.02
2026-10-04,24,ARG1101,0.02
2026-10-04,25,ARG1101,2.59
2026-10-04,26,ARG1101,0.42
2026-10-04,27,ARG1101,0.02
2026-10-04,28,ARG1101,0.02
2026-10-04,29,ARG1101,0.02
2026-10-04,30,ARG1101,0.02
2026-10-04,31,ARG1101,0.02
2026-10-04,32,ARG1101,1.31
2026-10-04,33,ARG1101,1.51
2026-10-04,34,ARG1101,12.18
2026-10-04,35,ARG1101,18.49
2026-10-04,36,ARG1101,21.18
2026-10-04,37,ARG1101,21.46
2026-10-04,38,ARG1101,21.32
2026-10-04,39,ARG1101,21.55
2026-10-04,40,ARG1101,22.08
2026-10-04,41,ARG1101,52.11
2026-10-04,42,ARG1101,54.44
2026-10-04,43,ARG1101,52.56
2026-10-04,44,ARG1101,50.08
2026-10-04,45,ARG1101,53.18
2026-10-04,46,ARG1101,52.98
2026-10-04,47,ARG1101,53.03
2026-10-04,48,ARG1101,52.84
2026-10-04,1,ARI1101,20.12
2026-10-04,2,ARI1101,21.57
2026-10-04,3,ARI1101,20.20
2026-10-04,4,ARI1101,20.10
2026-10-04,5,ARI1101,22.54
2026-10-04,6,ARI1101,22.00
2026-10-04,7,ARI1101,20.91
2026-10-04,8,ARI1101,19.94
2026-10-04,9,ARI1101,19.92
2026-10-04,10,ARI1101,19.04
2026-10-04,11,ARI1101,11.36
2026-10-04,12,ARI1101,20.59
2026-10-04,13,ARI1101,15.98
2026-10-04,14,ARI1101,21.55
2026-10-04,15,ARI1101,21.32
2026-10-04,16,ARI1101,22.33
2026-10-04,17,ARI1101,21.58
2026-10-04,18,ARI1101,20.68
2026-10-04,19,ARI1101,22.03
2026-10-04,20,ARI1101,22.41
2026-10-04,21,ARI1101,7.61
2026-10-04,22,ARI1101,0.57
2026-10-04,23,ARI1101,0.10
2026-10-04,24,ARI1101,0.03
2026-10-04,25,ARI1101,2.77
2026-10-04,26,ARI1101,0.44
2026-10-04,27,ARI1101,0.02
2026-10-04,28,ARI1101,0.03
2026-10-04,29,ARI1101,0.07
2026-10-04,30,ARI1101,0.05
2026-10-04,31,ARI1101,0.02
2026-10-04,32,ARI1101,2.08
2026-10-04,33,ARI1101,5.85
2026-10-04,34,ARI1101,20.36
2026-10-04,35,ARI1101,28.35
2026-10-04,36,ARI1101,41.23
2026-10-04,37,ARI1101,46.86
2026-10-04,38,ARI1101,79.08
2026-10-04,39,ARI1101,83.43
2026-10-04,40,ARI1101,68.00
2026-10-04,41,ARI1101,98.00
2026-10-04,42,ARI1101,93.95
2026-10-04,43,ARI1101,72.83
2026-10-04,44,ARI1101,166.81
2026-10-04,45,ARI1101,90.24
2026-10-04,46,ARI1101,68.04
2026-10-04,47,ARI1101,62.92
2026-10-04,48,ARI1101,60.58
2026-10-04,1,ARI1102,22.08
2026-10-04,2,ARI1102,23.20
2026-10-04,3,ARI1102,21.68
2026-10-04,4,ARI1102,21.63
2026-10-04,5,ARI1102,24.46
2026-10-04,6,ARI1102,23.96
2026-10-04,7,ARI1102,22.80
2026-10-04,8,ARI1102,21.75
2026-10-04,9,ARI1102,21.72
2026-10-04,10,ARI1102,20.77
2026-10-04,11,ARI1102,12.34
2026-10-04,12,ARI1102,22.39
2026-10-04,13,ARI1102,17.37
2026-10-04,14,ARI1102,23.59
2026-10-04,15,ARI1102,23.53
2026-10-04,16,ARI1102,24.23
2026-10-04,17,ARI1102,23.38
2026-10-04,18,ARI1102,22.36
2026-10-04,19,ARI1102,23.86
2026-10-04,20,ARI1102,24.27
2026-10-04,21,ARI1102,8.34
2026-10-04,22,ARI1102,0.63
2026-10-04,23,ARI1102,0.11
2026-10-04,24,ARI1102,0.03
2026-10-04,25,ARI1102,3.02
2026-10-04,26,ARI1102,0.48
2026-10-04,27,ARI1102,0.02
2026-10-04,28,ARI1102,0.03
2026-10-04,29,ARI1102,0.07
2026-10-04,30,ARI1102,0.05
2026-10-04,31,ARI1102,0.02
2026-10-04,32,ARI1102,2.29
2026-10-04,33,ARI1102,6.42
2026-10-04,34,ARI1102,22.31
2026-10-04,35,ARI1102,30.76
2026-10-04,36,ARI1102,44.92
2026-10-04,37,ARI1102,51.62
2026-10-04,38,ARI1102,90.33
2026-10-04,39,ARI1102,94.28
2026-10-04,40,ARI1102,77.72
2026-10-04,41,ARI1102,111.82
2026-10-04,42,ARI1102,107.62
2026-10-04,43,ARI1102,83.67
2026-10-04,44,ARI1102,185.48
2026-10-04,45,ARI1102,98.30
2026-10-04,46,ARI1102,73.98
2026-10-04,47,ARI1102,68.41
2026-10-04,48,ARI1102,66.04
2026-10-04,1,ASB0661,20.91
2026-10-04,2,ASB0661,20.75
2026-10-04,3,ASB0661,20.73
2026-10-04,4,ASB0661,20.78
2026-10-04,5,ASB0661,23.37
2026-10-04,6,ASB0661,22.92
2026-10-04,7,ASB0661,21.79
2026-10-04,8,ASB0661,20.59
2026-10-04,9,ASB0661,20.61
2026-10-04,10,ASB0661,19.92
2026-10-04,11,ASB0661,11.68
2026-10-04,12,ASB0661,20.67
2026-10-04,13,ASB0661,15.64
2026-10-04,14,ASB0661,20.75
2026-10-04,15,ASB0661,20.73
2026-10-04,16,ASB0661,20.74
2026-10-04,17,ASB0661,20.61
2026-10-04,18,ASB0661,19.84
2026-10-04,19,ASB0661,20.13
2026-10-04,20,ASB0661,19.22
2026-10-04,21,ASB0661,5.33
2026-10-04,22,ASB0661,0.02
2026-10-04,23,ASB0661,0.02
2026-10-04,24,ASB0661,0.02
2026-10-04,25,ASB0661,2.53
2026-10-04,26,ASB0661,0.41
2026-10-04,27,ASB0661,0.02
2026-10-04,28,ASB0661,0.02
2026-10-04,29,ASB0661,0.02
2026-10-04,30,ASB0661,0.02
2026-10-04,31,ASB0661,0.02
2026-10-04,32,ASB0661,1.29
2026-10-04,33,ASB0661,1.47
2026-10-04,34,ASB0661,11.86
2026-10-04,35,ASB0661,17.91
2026-10-04,36,ASB0661,20.35
2026-10-04,37,ASB0661,20.72
2026-10-04,38,ASB0661,20.56
2026-10-04,39,ASB0661,20.67
2026-10-04,40,ASB0661,20.76
2026-10-04,41,ASB0661,49.02
2026-10-04,42,ASB0661,51.42
2026-10-04,43,ASB0661,50.05
2026-10-04,44,ASB0661,48.44
2026-10-04,45,ASB0661,51.42
2026-10-04,46,ASB0661,51.41
2026-10-04,47,ASB0661,51.69
2026-10-04,48,ASB0661,51.52
2026-10-04,1,ASY0111,22.34
2026-10-04,2,ASY0111,22.18
2026-10-04,3,ASY0111,22.16
2026-10-04,4,ASY0111,22.18
2026-10-04,5,ASY0111,24.80
2026-10-04,6,ASY0111,24.33
2026-10-04,7,ASY0111,23.13
2026-10-04,8,ASY0111,21.90
2026-10-04,9,ASY0111,21.92
2026-10-04,10,ASY0111,21.15
2026-10-04,11,ASY0111,12.49
2026-10-04,12,ASY0111,22.33
2026-10-04,13,ASY0111,17.20
2026-10-04,14,ASY0111,22.83
2026-10-04,15,ASY0111,22.85
2026-10-04,16,ASY0111,22.96
2026-10-04,17,ASY0111,22.85
2026-10-04,18,ASY0111,21.93
2026-10-04,19,ASY0111,22.17
2026-10-04,20,ASY0111,21.05
2026-10-04,21,ASY0111,5.74
2026-10-04,22,ASY0111,0.02
2026-10-04,23,ASY0111,0.02
2026-10-04,24,ASY0111,0.02
2026-10-04,25,ASY0111,2.63
2026-10-04,26,ASY0111,0.43
2026-10-04,27,ASY0111,0.02
2026-10-04,28,ASY0111,0.02
2026-10-04,29,ASY0111,0.02
2026-10-04,30,ASY0111,0.02
2026-10-04,31,ASY0111,0.02
2026-10-04,32,ASY0111,1.34
2026-10-04,33,ASY0111,1.53
2026-10-04,34,ASY0111,12.43
2026-10-04,35,ASY0111,19.12
2026-10-04,36,ASY0111,21.95
2026-10-04,37,ASY0111,22.73
2026-10-04,38,ASY0111,22.77
2026-10-04,39,ASY0111,22.91
2026-10-04,40,ASY0111,23.05
2026-10-04,41,ASY0111,54.48
2026-10-04,42,ASY0111,57.03
2026-10-04,43,ASY0111,55.46
2026-10-04,44,ASY0111,53.61
2026-10-04,45,ASY0111,56.91
2026-10-04,46,ASY0111,56.46
2026-10-04,47,ASY0111,56.46
2026-10-04,48,ASY0111,55.24
2026-10-04,1,ATI2201,20.65
2026-10-04,2,ATI2201,22.15
2026-10-04,3,ATI2201,20.81
2026-10-04,4,ATI2201,20.69
2026-10-04,5,ATI2201,23.12
2026-10-04,6,ATI2201,22.65
2026-10-04,7,ATI2201,21.54
2026-10-04,8,ATI2201,20.55
2026-10-04,9,ATI2201,20.53
2026-10-04,10,ATI2201,19.62
2026-10-04,11,ATI2201,11.68
2026-10-04,12,ATI2201,21.12
2026-10-04,13,ATI2201,16.39
2026-10-04,14,ATI2201,22.10
2026-10-04,15,ATI2201,21.85
2026-10-04,16,ATI2201,22.88
2026-10-04,17,ATI2201,22.12
2026-10-04,18,ATI2201,21.19
2026-10-04,19,ATI2201,22.64
2026-10-04,20,ATI2201,23.01
2026-10-04,21,ATI2201,7.83
2026-10-04,22,ATI2201,0.59
2026-10-04,23,ATI2201,0.10
2026-10-04,24,ATI2201,0.03
2026-10-04,25,ATI2201,2.87
2026-10-04,26,ATI2201,0.45
2026-10-04,27,ATI2201,0.02
2026-10-04,28,ATI2201,0.03
2026-10-04,29,ATI2201,0.07
2026-10-04,30,ATI2201,0.05
2026-10-04,31,ATI2201,0.02
2026-10-04,32,ATI2201,2.14
2026-10-04,33,ATI2201,6.01
2026-10-04,34,ATI2201,20.90
2026-10-04,35,ATI2201,29.06
2026-10-04,36,ATI2201,42.41
2026-10-04,37,ATI2201,48.64
2026-10-04,38,ATI2201,84.64
2026-10-04,39,ATI2201,89.31
2026-10-04,40,ATI2201,72.79
2026-10-04,41,ATI2201,104.91
2026-10-04,42,ATI2201,100.56
2026-10-04,43,ATI2201,78.18
2026-10-04,44,ATI2201,177.79
2026-10-04,45,ATI2201,92.58
2026-10-04,46,ATI2201,69.81
2026-10-04,47,ATI2201,64.61
2026-10-04,48,ATI2201,62.27
2026-10-04,1,AVI2201,20.13
2026-10-04,2,AVI2201,19.99
2026-10-04,3,AVI2201,20.01
2026-10-04,4,AVI2201,20.00
2026-10-04,5,AVI2201,22.46
2026-10-04,6,AVI2201,22.07
2026-10-04,7,AVI2201,20.99
2026-10-04,8,AVI2201,20.01
2026-10-04,9,AVI2201,20.01
2026-10-04,10,AVI2201,19.20
2026-10-04,11,AVI2201,11.26
2026-10-04,12,AVI2201,19.92
2026-10-04,13,AVI2201,15.07
2026-10-04,14,AVI2201,19.99
2026-10-04,15,AVI2201,19.97
2026-10-04,16,AVI2201,20.02
2026-10-04,17,AVI2201,19.97
2026-10-04,18,AVI2201,19.22
2026-10-04,19,AVI2201,19.49
2026-10-04,20,AVI2201,18.80
2026-10-04,21,AVI2201,5.23
2026-10-04,22,AVI2201,0.02
2026-10-04,23,AVI2201,0.02
2026-10-04,24,AVI2201,0.02
2026-10-04,25,AVI2201,2.52
2026-10-04,26,AVI2201,0.41
2026-10-04,27,AVI2201,0.02
2026-10-04,28,AVI2201,0.02
2026-10-04,29,AVI2201,0.02
2026-10-04,30,AVI2201,0.02
2026-10-04,31,AVI2201,0.02
2026-10-04,32,AVI2201,1.29
2026-10-04,33,AVI2201,1.47
2026-10-04,34,AVI2201,11.81
2026-10-04,35,AVI2201,17.60
2026-10-04,36,AVI2201,19.76
2026-10-04,37,AVI2201,20.01
2026-10-04,38,AVI2201,19.88
2026-10-04,39,AVI2201,20.00
2026-10-04,40,AVI2201,20.07
2026-10-04,41,AVI2201,47.26
2026-10-04,42,AVI2201,49.71
2026-10-04,43,AVI2201,48.23
2026-10-04,44,AVI2201,46.82
2026-10-04,45,AVI2201,49.71
2026-10-04,46,AVI2201,49.79
2026-10-04,47,AVI2201,49.72
2026-10-04,48,AVI2201,49.70
2026-10-04,1,BAL0331,19.77
2026-10-04,2,BAL0331,19.62
2026-10-04,3,BAL0331,19.61
2026-10-04,4,BAL0331,19.83
2026-10-04,5,BAL0331,22.31
2026-10-04,6,BAL0331,21.96
2026-10-04,7,BAL0331,20.81
2026-10-04,8,BAL0331,19.74
2026-10-04,9,BAL0331,19.73
2026-10-04,10,BAL0331,18.96
2026-10-04,11,BAL0331,11.00
2026-10-04,12,BAL0331,19.54
2026-10-04,13,BAL0331,14.78
2026-10-04,14,BAL0331,19.59
2026-10-04,15,BAL0331,19.57
2026-10-04,16,BAL0331,19.71
2026-10-04,17,BAL0331,19.60
2026-10-04,18,BAL0331,18.86
2026-10-04,19,BAL0331,19.11
2026-10-04,20,BAL0331,18.43
2026-10-04,21,BAL0331,5.13
2026-10-04,22,BAL0331,0.02
2026-10-04,23,BAL0331,0.02
2026-10-04,24,BAL0331,0.02
2026-10-04,25,BAL0331,2.53
2026-10-04,26,BAL0331,0.41
2026-10-04,27,BAL0331,0.02
2026-10-04,28,BAL0331,0.02
2026-10-04,29,BAL0331,0.02
2026-10-04,30,BAL0331,0.02
2026-10-04,31,BAL0331,0.02
2026-10-04,32,BAL0331,1.29
2026-10-04,33,BAL0331,1.47
2026-10-04,34,BAL0331,11.75
2026-10-04,35,BAL0331,17.57
2026-10-04,36,BAL0331,19.28
2026-10-04,37,BAL0331,19.49
2026-10-04,38,BAL0331,19.38
2026-10-04,39,BAL0331,19.36
2026-10-04,40,BAL0331,19.57
2026-10-04,41,BAL0331,46.40
2026-10-04,42,BAL0331,48.84
2026-10-04,43,BAL0331,47.38
2026-10-04,44,BAL0331,45.78
2026-10-04,45,BAL0331,48.73
2026-10-04,46,BAL0331,48.71
2026-10-04,47,BAL0331,48.88
2026-10-04,48,BAL0331,48.72
2026-10-04,1,BDE0111,19.99
2026-10-04,2,BDE0111,19.83
2026-10-04,3,BDE0111,19.81
2026-10-04,4,BDE0111,20.03
2026-10-04,5,BDE0111,22.54
2026-10-04,6,BDE0111,22.15
2026-10-04,7,BDE0111,20.97
2026-10-04,8,BDE0111,19.89
2026-10-04,9,BDE0111,19.87
2026-10-04,10,BDE0111,19.07
2026-10-04,11,BDE0111,11.10
2026-10-04,12,BDE0111,19.73
2026-10-04,13,BDE0111,14.91
2026-10-04,14,BDE0111,19.77
2026-10-04,15,BDE0111,19.75
2026-10-04,16,BDE0111,19.90
2026-10-04,17,BDE0111,19.80
2026-10-04,18,BDE0111,19.05
2026-10-04,19,BDE0111,19.30
2026-10-04,20,BDE0111,18.62
2026-10-04,21,BDE0111,5.18
2026-10-04,22,BDE0111,0.02
2026-10-04,23,BDE0111,0.02
2026-10-04,24,BDE0111,0.02
2026-10-04,25,BDE0111,2.55
2026-10-04,26,BDE0111,0.41
2026-10-04,27,BDE0111,0.02
2026-10-04,28,BDE0111,0.02
2026-10-04,29,BDE0111,0.02
2026-10-04,30,BDE0111,0.02
2026-10-04,31,BDE0111,0.02
2026-10-04,32,BDE0111,1.30
2026-10-04,33,BDE0111,1.49
2026-10-04,34,BDE0111,11.90
2026-10-04,35,BDE0111,17.76
2026-10-04,36,BDE0111,19.52
2026-10-04,37,BDE0111,19.69
2026-10-04,38,BDE0111,19.63
2026-10-04,39,BDE0111,19.59
2026-10-04,40,BDE0111,19.84
2026-10-04,41,BDE0111,46.98
2026-10-04,42,BDE0111,49.46
2026-10-04,43,BDE0111,47.99
2026-10-04,44,BDE0111,46.40
2026-10-04,45,BDE0111,49.24
2026-10-04,46,BDE0111,49.24
2026-10-04,47,BDE0111,49.39
2026-10-04,48,BDE0111,49.24
2026-10-04,1,BEN2201,20.20
2026-10-04,2,BEN2201,20.05
2026-10-04,3,BEN2201,20.01
2026-10-04,4,BEN2201,20.06
2026-10-04,5,BEN2201,22.50
2026-10-04,6,BEN2201,22.08
2026-10-04,7,BEN2201,20.99
2026-10-04,8,BEN2201,20.02
2026-10-04,9,BEN2201,20.02
2026-10-04,10,BEN2201,19.21
2026-10-04,11,BEN2201,11.27
2026-10-04,12,BEN2201,19.95
2026-10-04,13,BEN2201,15.11
2026-10-04,14,BEN2201,20.05
2026-10-04,15,BEN2201,20.03
2026-10-04,16,BEN2201,20.08
2026-10-04,17,BEN2201,20.03
2026-10-04,18,BEN2201,19.28
2026-10-04,19,BEN2201,19.55
2026-10-04,20,BEN2201,18.86
2026-10-04,21,BEN2201,5.25
2026-10-04,22,BEN2201,0.02
2026-10-04,23,BEN2201,0.02
2026-10-04,24,BEN2201,0.02
2026-10-04,25,BEN2201,2.53
2026-10-04,26,BEN2201,0.41
2026-10-04,27,BEN2201,0.02
2026-10-04,28,BEN2201,0.02
2026-10-04,29,BEN2201,0.02
2026-10-04,30,BEN2201,0.02
2026-10-04,31,BEN2201,0.02
2026-10-04,32,BEN2201,1.29
2026-10-04,33,BEN2201,1.47
2026-10-04,34,BEN2201,11.84
2026-10-04,35,BEN2201,17.66
2026-10-04,36,BEN2201,19.88
2026-10-04,37,BEN2201,20.12
2026-10-04,38,BEN2201,20.00
2026-10-04,39,BEN2201,20.11
2026-10-04,40,BEN2201,20.19
2026-10-04,41,BEN2201,47.56
2026-10-04,42,BEN2201,50.00
2026-10-04,43,BEN2201,48.53
2026-10-04,44,BEN2201,47.10
2026-10-04,45,BEN2201,50.00
2026-10-04,46,BEN2201,50.00
2026-10-04,47,BEN2201,50.00
2026-10-04,48,BEN2201,50.00
2026-10-04,1,BEN2202,20.20
2026-10-04,2,BEN2202,20.05
2026-10-04,3,BEN2202,20.01
2026-10-04,4,BEN2202,20.06
2026-10-04,5,BEN2202,22.50
2026-10-04,6,BEN2202,22.08
2026-10-04,7,BEN2202,20.99
2026-10-04,8,BEN2202,20.02
2026-10-04,9,BEN2202,20.02
2026-10-04,10,BEN2202,19.21
2026-10-04,11,BEN2202,11.27
2026-10-04,12,BEN2202,19.95
2026-10-04,13,BEN2202,15.11
2026-10-04,14,BEN2202,20.05
2026-10-04,15,BEN2202,20.03
2026-10-04,16,BEN2202,20.08
2026-10-04,17,BEN2202,20.03
2026-10-04,18,BEN2202,19.28
2026-10-04,19,BEN2202,19.55
2026-10-04,20,BEN2202,18.86
2026-10-04,21,BEN2202,5.25
2026-10-04,22,BEN2202,0.02
2026-10-04,23,BEN2202,0.02
2026-10-04,24,BEN2202,0.02
2026-10-04,25,BEN2202,2.53
2026-10-04,26,BEN2202,0.41
2026-10-04,27,BEN2202,0.02
2026-10-04,28,BEN2202,0.02
2026-10-04,29,BEN2202,0.02
2026-10-04,30,BEN2202,0.02
2026-10-04,31,BEN2202,0.02
2026-10-04,32,BEN2202,1.29
2026-10-04,33,BEN2202,1.47
2026-10-04,34,BEN2202,11.84
2026-10-04,35,BEN2202,17.66
2026-10-04,36,BEN2202,19.88
2026-10-04,37,BEN2202,20.12
2026-10-04,38,BEN2202,20.00
2026-10-04,39,BEN2202,20.11
2026-10-04,40,BEN2202,20.19
2026-10-04,41,BEN2202,47.56
2026-10-04,42,BEN2202,50.00
2026-10-04,43,BEN2202,48.53
2026-10-04,44,BEN2202,47.10
2026-10-04,45,BEN2202,50.00
2026-10-04,46,BEN2202,50.00
2026-10-04,47,BEN2202,50.00
2026-10-04,48,BEN2202,50.00
2026-10-04,1,BLN0331,21.73
2026-10-04,2,BLN0331,21.57
2026-10-04,3,BLN0331,21.55
2026-10-04,4,BLN0331,21.57
2026-10-04,5,BLN0331,24.12
2026-10-04,6,BLN0331,23.66
2026-10-04,7,BLN0331,22.50
2026-10-04,8,BLN0331,21.30
2026-10-04,9,BLN0331,21.32
2026-10-04,10,BLN0331,20.58
2026-10-04,11,BLN0331,12.11
2026-10-04,12,BLN0331,21.46
2026-10-04,13,BLN0331,16.31
2026-10-04,14,BLN0331,21.76
2026-10-04,15,BLN0331,21.94
2026-10-04,16,BLN0331,22.05
2026-10-04,17,BLN0331,22.11
2026-10-04,18,BLN0331,21.22
2026-10-04,19,BLN0331,21.34
2026-10-04,20,BLN0331,20.32
2026-10-04,21,BLN0331,5.59
2026-10-04,22,BLN0331,0.02
2026-10-04,23,BLN0331,0.02
2026-10-04,24,BLN0331,0.02
2026-10-04,25,BLN0331,2.61
2026-10-04,26,BLN0331,0.42
2026-10-04,27,BLN0331,0.02
2026-10-04,28,BLN0331,0.02
2026-10-04,29,BLN0331,0.02
2026-10-04,30,BLN0331,0.02
2026-10-04,31,BLN0331,0.02
2026-10-04,32,BLN0331,1.33
2026-10-04,33,BLN0331,1.52
2026-10-04,34,BLN0331,12.27
2026-10-04,35,BLN0331,18.63
2026-10-04,36,BLN0331,21.36
2026-10-04,37,BLN0331,21.90
2026-10-04,38,BLN0331,21.88
2026-10-04,39,BLN0331,22.10
2026-10-04,40,BLN0331,22.54
2026-10-04,41,BLN0331,53.20
2026-10-04,42,BLN0331,55.59
2026-10-04,43,BLN0331,53.63
2026-10-04,44,BLN0331,51.42
2026-10-04,45,BLN0331,54.60
2026-10-04,46,BLN0331,54.37
2026-10-04,47,BLN0331,54.45
2026-10-04,48,BLN0331,53.77
2026-10-04,1,BOB1101,21.99
2026-10-04,2,BOB1101,23.23
2026-10-04,3,BOB1101,21.69
2026-10-04,4,BOB1101,21.64
2026-10-04,5,BOB1101,24.22
2026-10-04,6,BOB1101,23.74
2026-10-04,7,BOB1101,22.58
2026-10-04,8,BOB1101,21.54
2026-10-04,9,BOB1101,21.52
2026-10-04,10,BOB1101,20.57
2026-10-04,11,BOB1101,12.24
2026-10-04,12,BOB1101,22.20
2026-10-04,13,BOB1101,17.19
2026-10-04,14,BOB1101,23.38
2026-10-04,15,BOB1101,23.41
2026-10-04,16,BOB1101,24.59
2026-10-04,17,BOB1101,23.81
2026-10-04,18,BOB1101,22.83
2026-10-04,19,BOB1101,24.41
2026-10-04,20,BOB1101,24.82
2026-10-04,21,BOB1101,8.48
2026-10-04,22,BOB1101,0.63
2026-10-04,23,BOB1101,0.11
2026-10-04,24,BOB1101,0.03
2026-10-04,25,BOB1101,3.10
2026-10-04,26,BOB1101,0.49
2026-10-04,27,BOB1101,0.02
2026-10-04,28,BOB1101,0.03
2026-10-04,29,BOB1101,0.07
2026-10-04,30,BOB1101,0.06
2026-10-04,31,BOB1101,0.02
2026-10-04,32,BOB1101,2.32
2026-10-04,33,BOB1101,6.52
2026-10-04,34,BOB1101,22.65
2026-10-04,35,BOB1101,31.54
2026-10-04,36,BOB1101,46.00
2026-10-04,37,BOB1101,52.75
2026-10-04,38,BOB1101,92.18
2026-10-04,39,BOB1101,97.20
2026-10-04,40,BOB1101,79.23
2026-10-04,41,BOB1101,114.24
2026-10-04,42,BOB1101,109.50
2026-10-04,43,BOB1101,85.12
2026-10-04,44,BOB1101,193.18
2026-10-04,45,BOB1101,100.62
2026-10-04,46,BOB1101,75.83
2026-10-04,47,BOB1101,70.07
2026-10-04,48,BOB1101,67.31
2026-10-04,1,BPD1101,20.65
2026-10-04,2,BPD1101,20.49
2026-10-04,3,BPD1101,20.51
2026-10-04,4,BPD1101,20.46
2026-10-04,5,BPD1101,22.96
2026-10-04,6,BPD1101,22.50
2026-10-04,7,BPD1101,21.45
2026-10-04,8,BPD1101,20.51
2026-10-04,9,BPD1101,20.50
2026-10-04,10,BPD1101,19.68
2026-10-04,11,BPD1101,11.56
2026-10-04,12,BPD1101,20.46
2026-10-04,13,BPD1101,15.47
2026-10-04,14,BPD1101,20.52
2026-10-04,15,BPD1101,20.50
2026-10-04,16,BPD1101,20.55
2026-10-04,17,BPD1101,20.50
2026-10-04,18,BPD1101,19.73
2026-10-04,19,BPD1101,19.99
2026-10-04,20,BPD1101,19.28
2026-10-04,21,BPD1101,5.36
2026-10-04,22,BPD1101,0.02
2026-10-04,23,BPD1101,0.02
2026-10-04,24,BPD1101,0.02
2026-10-04,25,BPD1101,2.58
2026-10-04,26,BPD1101,0.42
2026-10-04,27,BPD1101,0.02
2026-10-04,28,BPD1101,0.02
2026-10-04,29,BPD1101,0.02
2026-10-04,30,BPD1101,0.02
2026-10-04,31,BPD1101,0.02
2026-10-04,32,BPD1101,1.32
2026-10-04,33,BPD1101,1.51
2026-10-04,34,BPD1101,12.11
2026-10-04,35,BPD1101,18.04
2026-10-04,36,BPD1101,20.27
2026-10-04,37,BPD1101,20.52
2026-10-04,38,BPD1101,20.40
2026-10-04,39,BPD1101,20.53
2026-10-04,40,BPD1101,20.59
2026-10-04,41,BPD1101,48.48
2026-10-04,42,BPD1101,51.01
2026-10-04,43,BPD1101,49.47
2026-10-04,44,BPD1101,48.04
2026-10-04,45,BPD1101,50.99
2026-10-04,46,BPD1101,51.05
2026-10-04,47,BPD1101,51.05
2026-10-04,48,BPD1101,51.01
2026-10-04,1,BPE0331,21.14
2026-10-04,2,BPE0331,22.24
2026-10-04,3,BPE0331,21.02
2026-10-04,4,BPE0331,21.05
2026-10-04,5,BPE0331,23.49
2026-10-04,6,BPE0331,23.06
2026-10-04,7,BPE0331,21.94
2026-10-04,8,BPE0331,20.93
2026-10-04,9,BPE0331,20.91
2026-10-04,10,BPE0331,20.06
2026-10-04,11,BPE0331,11.80
2026-10-04,12,BPE0331,21.06
2026-10-04,13,BPE0331,16.20
2026-10-04,14,BPE0331,21.86
2026-10-04,15,BPE0331,21.83
2026-10-04,16,BPE0331,22.78
2026-10-04,17,BPE0331,22.11
2026-10-04,18,BPE0331,21.17
2026-10-04,19,BPE0331,22.43
2026-10-04,20,BPE0331,22.72
2026-10-04,21,BPE0331,7.75
2026-10-04,22,BPE0331,0.57
2026-10-04,23,BPE0331,0.10
2026-10-04,24,BPE0331,0.03
2026-10-04,25,BPE0331,2.76
2026-10-04,26,BPE0331,0.44
2026-10-04,27,BPE0331,0.02
2026-10-04,28,BPE0331,0.03
2026-10-04,29,BPE0331,0.07
2026-10-04,30,BPE0331,0.05
2026-10-04,31,BPE0331,0.02
2026-10-04,32,BPE0331,2.07
2026-10-04,33,BPE0331,5.77
2026-10-04,34,BPE0331,19.98
2026-10-04,35,BPE0331,27.82
2026-10-04,36,BPE0331,40.36
2026-10-04,37,BPE0331,45.99
2026-10-04,38,BPE0331,80.16
2026-10-04,39,BPE0331,84.38
2026-10-04,40,BPE0331,69.01
2026-10-04,41,BPE0331,99.60
2026-10-04,42,BPE0331,95.48
2026-10-04,43,BPE0331,74.28
2026-10-04,44,BPE0331,170.72
2026-10-04,45,BPE0331,88.28
2026-10-04,46,BPE0331,67.73
2026-10-04,47,BPE0331,63.74
2026-10-04,48,BPE0331,62.06
2026-10-04,1,BPE0551,21.08
2026-10-04,2,BPE0551,22.19
2026-10-04,3,BPE0551,20.97
2026-10-04,4,BPE0551,21.01
2026-10-04,5,BPE0551,23.45
2026-10-04,6,BPE0551,23.01
2026-10-04,7,BPE0551,21.88
2026-10-04,8,BPE0551,20.88
2026-10-04,9,BPE0551,20.86
2026-10-04,10,BPE0551,20.01
2026-10-04,11,BPE0551,11.78
2026-10-04,12,BPE0551,21.01
2026-10-04,13,BPE0551,16.16
2026-10-04,14,BPE0551,21.81
2026-10-04,15,BPE0551,21.78
2026-10-04,16,BPE0551,22.72
2026-10-04,17,BPE0551,22.06
2026-10-04,18,BPE0551,21.12
2026-10-04,19,BPE0551,22.37
2026-10-04,20,BPE0551,22.66
2026-10-04,21,BPE0551,7.73
2026-10-04,22,BPE0551,0.56
2026-10-04,23,BPE0551,0.10
2026-10-04,24,BPE0551,0.03
2026-10-04,25,BPE0551,2.76
2026-10-04,26,BPE0551,0.44
2026-10-04,27,BPE0551,0.02
2026-10-04,28,BPE0551,0.03
2026-10-04,29,BPE0551,0.07
2026-10-04,30,BPE0551,0.05
2026-10-04,31,BPE0551,0.02
2026-10-04,32,BPE0551,2.06
2026-10-04,33,BPE0551,5.75
2026-10-04,34,BPE0551,19.93
2026-10-04,35,BPE0551,27.75
2026-10-04,36,BPE0551,40.27
2026-10-04,37,BPE0551,45.88
2026-10-04,38,BPE0551,79.97
2026-10-04,39,BPE0551,84.18
2026-10-04,40,BPE0551,68.84
2026-10-04,41,BPE0551,99.36
2026-10-04,42,BPE0551,95.25
2026-10-04,43,BPE0551,74.09
2026-10-04,44,BPE0551,170.31
2026-10-04,45,BPE0551,88.07
2026-10-04,46,BPE0551,67.56
2026-10-04,47,BPE0551,63.58
2026-10-04,48,BPE0551,61.91
2026-10-04,1,BPE2201,21.07
2026-10-04,2,BPE2201,22.17
2026-10-04,3,BPE2201,20.95
2026-10-04,4,BPE2201,20.99
2026-10-04,5,BPE2201,23.43
2026-10-04,6,BPE2201,22.99
2026-10-04,7,BPE2201,21.87
2026-10-04,8,BPE2201,20.86
2026-10-04,9,BPE2201,20.84
2026-10-04,10,BPE2201,19.99
2026-10-04,11,BPE2201,11.76
2026-10-04,12,BPE2201,20.99
2026-10-04,13,BPE2201,16.15
2026-10-04,14,BPE2201,21.79
2026-10-04,15,BPE2201,21.76
2026-10-04,16,BPE2201,22.70
2026-10-04,17,BPE2201,22.04
2026-10-04,18,BPE2201,21.11
2026-10-04,19,BPE2201,22.35
2026-10-04,20,BPE2201,22.64
2026-10-04,21,BPE2201,7.72
2026-10-04,22,BPE2201,0.56
2026-10-04,23,BPE2201,0.10
2026-10-04,24,BPE2201,0.03
2026-10-04,25,BPE2201,2.75
2026-10-04,26,BPE2201,0.44
2026-10-04,27,BPE2201,0.02
2026-10-04,28,BPE2201,0.03
2026-10-04,29,BPE2201,0.07
2026-10-04,30,BPE2201,0.05
2026-10-04,31,BPE2201,0.02
2026-10-04,32,BPE2201,2.06
2026-10-04,33,BPE2201,5.75
2026-10-04,34,BPE2201,19.92
2026-10-04,35,BPE2201,27.73
2026-10-04,36,BPE2201,40.24
2026-10-04,37,BPE2201,45.84
2026-10-04,38,BPE2201,79.90
2026-10-04,39,BPE2201,84.10
2026-10-04,40,BPE2201,68.78
2026-10-04,41,BPE2201,99.28
2026-10-04,42,BPE2201,95.17
2026-10-04,43,BPE2201,74.04
2026-10-04,44,BPE2201,170.17
2026-10-04,45,BPE2201,88.00
2026-10-04,46,BPE2201,67.51
2026-10-04,47,BPE2201,63.53
2026-10-04,48,BPE2201,61.86
2026-10-04,1,BPT1101,20.23
2026-10-04,2,BPT1101,20.08
2026-10-04,3,BPT1101,20.10
2026-10-04,4,BPT1101,20.14
2026-10-04,5,BPT1101,22.62
2026-10-04,6,BPT1101,22.22
2026-10-04,7,BPT1101,21.18
2026-10-04,8,BPT1101,20.42
2026-10-04,9,BPT1101,20.41
2026-10-04,10,BPT1101,19.57
2026-10-04,11,BPT1101,11.46
2026-10-04,12,BPT1101,20.28
2026-10-04,13,BPT1101,15.36
2026-10-04,14,BPT1101,20.37
2026-10-04,15,BPT1101,20.35
2026-10-04,16,BPT1101,20.40
2026-10-04,17,BPT1101,20.34
2026-10-04,18,BPT1101,19.58
2026-10-04,19,BPT1101,19.75
2026-10-04,20,BPT1101,18.87
2026-10-04,21,BPT1101,5.25
2026-10-04,22,BPT1101,0.02
2026-10-04,23,BPT1101,0.02
2026-10-04,24,BPT1101,0.02
2026-10-04,25,BPT1101,2.53
2026-10-04,26,BPT1101,0.41
2026-10-04,27,BPT1101,0.02
2026-10-04,28,BPT1101,0.02
2026-10-04,29,BPT1101,0.02
2026-10-04,30,BPT1101,0.02
2026-10-04,31,BPT1101,0.02
2026-10-04,32,BPT1101,1.29
2026-10-04,33,BPT1101,1.47
2026-10-04,34,BPT1101,11.86
2026-10-04,35,BPT1101,17.66
2026-10-04,36,BPT1101,19.84
2026-10-04,37,BPT1101,20.10
2026-10-04,38,BPT1101,19.97
2026-10-04,39,BPT1101,20.10
2026-10-04,40,BPT1101,20.16
2026-10-04,41,BPT1101,47.45
2026-10-04,42,BPT1101,49.92
2026-10-04,43,BPT1101,48.43
2026-10-04,44,BPT1101,47.04
2026-10-04,45,BPT1101,49.94
2026-10-04,46,BPT1101,50.01
2026-10-04,47,BPT1101,50.68
2026-10-04,48,BPT1101,50.64
2026-10-04,1,BRB0331,22.33
2026-10-04,2,BRB0331,23.63
2026-10-04,3,BRB0331,22.02
2026-10-04,4,BRB0331,21.91
2026-10-04,5,BRB0331,24.67
2026-10-04,6,BRB0331,24.11
2026-10-04,7,BRB0331,22.96
2026-10-04,8,BRB0331,21.95
2026-10-04,9,BRB0331,21.94
2026-10-04,10,BRB0331,20.94
2026-10-04,11,BRB0331,12.52
2026-10-04,12,BRB0331,22.65
2026-10-04,13,BRB0331,17.50
2026-10-04,14,BRB0331,23.81
2026-10-04,15,BRB0331,23.88
2026-10-04,16,BRB0331,25.18
2026-10-04,17,BRB0331,24.33
2026-10-04,18,BRB0331,23.33
2026-10-04,19,BRB0331,24.92
2026-10-04,20,BRB0331,25.34
2026-10-04,21,BRB0331,8.67
2026-10-04,22,BRB0331,0.65
2026-10-04,23,BRB0331,0.11
2026-10-04,24,BRB0331,0.03
2026-10-04,25,BRB0331,3.17
2026-10-04,26,BRB0331,0.50
2026-10-04,27,BRB0331,0.02
2026-10-04,28,BRB0331,0.03
2026-10-04,29,BRB0331,0.08
2026-10-04,30,BRB0331,0.06
2026-10-04,31,BRB0331,0.02
2026-10-04,32,BRB0331,2.38
2026-10-04,33,BRB0331,6.67
2026-10-04,34,BRB0331,23.15
2026-10-04,35,BRB0331,32.25
2026-10-04,36,BRB0331,47.06
2026-10-04,37,BRB0331,53.93
2026-10-04,38,BRB0331,94.04
2026-10-04,39,BRB0331,100.29
2026-10-04,40,BRB0331,81.79
2026-10-04,41,BRB0331,117.87
2026-10-04,42,BRB0331,112.98
2026-10-04,43,BRB0331,87.48
2026-10-04,44,BRB0331,197.05
2026-10-04,45,BRB0331,102.52
2026-10-04,46,BRB0331,77.53
2026-10-04,47,BRB0331,71.63
2026-10-04,48,BRB0331,67.56
2026-10-04,1,BRK0331,21.21
2026-10-04,2,BRK0331,22.33
2026-10-04,3,BRK0331,21.07
2026-10-04,4,BRK0331,21.10
2026-10-04,5,BRK0331,23.56
2026-10-04,6,BRK0331,23.12
2026-10-04,7,BRK0331,21.99
2026-10-04,8,BRK0331,20.97
2026-10-04,9,BRK0331,20.95
2026-10-04,10,BRK0331,20.10
2026-10-04,11,BRK0331,11.84
2026-10-04,12,BRK0331,21.15
2026-10-04,13,BRK0331,16.36
2026-10-04,14,BRK0331,22.19
2026-10-04,15,BRK0331,22.17
2026-10-04,16,BRK0331,23.18
2026-10-04,17,BRK0331,22.51
2026-10-04,18,BRK0331,21.56
2026-10-04,19,BRK0331,22.81
2026-10-04,20,BRK0331,23.07
2026-10-04,21,BRK0331,7.87
2026-10-04,22,BRK0331,0.57
2026-10-04,23,BRK0331,0.10
2026-10-04,24,BRK0331,0.03
2026-10-04,25,BRK0331,2.80
2026-10-04,26,BRK0331,0.45
2026-10-04,27,BRK0331,0.02
2026-10-04,28,BRK0331,0.03
2026-10-04,29,BRK0331,0.07
2026-10-04,30,BRK0331,0.05
2026-10-04,31,BRK0331,0.02
2026-10-04,32,BRK0331,2.10
2026-10-04,33,BRK0331,5.86
2026-10-04,34,BRK0331,20.30
2026-10-04,35,BRK0331,28.26
2026-10-04,36,BRK0331,41.02
2026-10-04,37,BRK0331,46.76
2026-10-04,38,BRK0331,81.54
2026-10-04,39,BRK0331,85.99
2026-10-04,40,BRK0331,70.30
2026-10-04,41,BRK0331,101.48
2026-10-04,42,BRK0331,97.29
2026-10-04,43,BRK0331,75.68
2026-10-04,44,BRK0331,173.58
2026-10-04,45,BRK0331,89.72
2026-10-04,46,BRK0331,68.79
2026-10-04,47,BRK0331,64.80
2026-10-04,48,BRK0331,63.20
2026-10-04,1,BRY0661,21.17
2026-10-04,2,BRY0661,21.02
2026-10-04,3,BRY0661,21.00
2026-10-04,4,BRY0661,21.01
2026-10-04,5,BRY0661,23.51
2026-10-04,6,BRY0661,23.06
2026-10-04,7,BRY0661,21.93
2026-10-04,8,BRY0661,20.75
2026-10-04,9,BRY0661,20.77
2026-10-04,10,BRY0661,20.05
2026-10-04,11,BRY0661,11.79
2026-10-04,12,BRY0661,20.89
2026-10-04,13,BRY0661,15.82
2026-10-04,14,BRY0661,21.01
2026-10-04,15,BRY0661,21.06
2026-10-04,16,BRY0661,21.19
2026-10-04,17,BRY0661,21.06
2026-10-04,18,BRY0661,20.19
2026-10-04,19,BRY0661,20.40
2026-10-04,20,BRY0661,19.53
2026-10-04,21,BRY0661,5.39
2026-10-04,22,BRY0661,0.02
2026-10-04,23,BRY0661,0.02
2026-10-04,24,BRY0661,0.02
2026-10-04,25,BRY0661,2.54
2026-10-04,26,BRY0661,0.41
2026-10-04,27,BRY0661,0.02
2026-10-04,28,BRY0661,0.02
2026-10-04,29,BRY0661,0.02
2026-10-04,30,BRY0661,0.02
2026-10-04,31,BRY0661,0.02
2026-10-04,32,BRY0661,1.30
2026-10-04,33,BRY0661,1.48
2026-10-04,34,BRY0661,11.94
2026-10-04,35,BRY0661,18.12
2026-10-04,36,BRY0661,20.65
2026-10-04,37,BRY0661,21.02
2026-10-04,38,BRY0661,21.01
2026-10-04,39,BRY0661,21.13
2026-10-04,40,BRY0661,21.21
2026-10-04,41,BRY0661,50.14
2026-10-04,42,BRY0661,52.54
2026-10-04,43,BRY0661,51.19
2026-10-04,44,BRY0661,49.49
2026-10-04,45,BRY0661,52.54
2026-10-04,46,BRY0661,52.54
2026-10-04,47,BRY0661,52.50
2026-10-04,48,BRY0661,52.18
2026-10-04,1,BWK1101,18.84
2026-10-04,2,BWK1101,18.70
2026-10-04,3,BWK1101,18.69
2026-10-04,4,BWK1101,18.89
2026-10-04,5,BWK1101,21.27
2026-10-04,6,BWK1101,20.95
2026-10-04,7,BWK1101,19.87
2026-10-04,8,BWK1101,18.84
2026-10-04,9,BWK1101,18.84
2026-10-04,10,BWK1101,18.12
2026-10-04,11,BWK1101,10.50
2026-10-04,12,BWK1101,18.62
2026-10-04,13,BWK1101,14.10
2026-10-04,14,BWK1101,18.68
2026-10-04,15,BWK1101,18.67
2026-10-04,16,BWK1101,18.78
2026-10-04,17,BWK1101,18.68
2026-10-04,18,BWK1101,17.97
2026-10-04,19,BWK1101,18.21
2026-10-04,20,BWK1101,17.58
2026-10-04,21,BWK1101,4.89
2026-10-04,22,BWK1101,0.02
2026-10-04,23,BWK1101,0.02
2026-10-04,24,BWK1101,0.02
2026-10-04,25,BWK1101,2.41
2026-10-04,26,BWK1101,0.39
2026-10-04,27,BWK1101,0.02
2026-10-04,28,BWK1101,0.02
2026-10-04,29,BWK1101,0.02
2026-10-04,30,BWK1101,0.02
2026-10-04,31,BWK1101,0.02
2026-10-04,32,BWK1101,1.23
2026-10-04,33,BWK1101,1.40
2026-10-04,34,BWK1101,11.22
2026-10-04,35,BWK1101,16.77
2026-10-04,36,BWK1101,18.41
2026-10-04,37,BWK1101,18.63
2026-10-04,38,BWK1101,18.50
2026-10-04,39,BWK1101,18.47
2026-10-04,40,BWK1101,18.67
2026-10-04,41,BWK1101,44.15
2026-10-04,42,BWK1101,46.46
2026-10-04,43,BWK1101,45.08
2026-10-04,44,BWK1101,43.66
2026-10-04,45,BWK1101,46.44
2026-10-04,46,BWK1101,46.45
2026-10-04,47,BWK1101,46.58
2026-10-04,48,BWK1101,46.44
2026-10-04,1,CBG0111,22.08
2026-10-04,2,CBG0111,23.40
2026-10-04,3,CBG0111,21.87
2026-10-04,4,CBG0111,21.82
2026-10-04,5,CBG0111,24.41
2026-10-04,6,CBG0111,23.92
2026-10-04,7,CBG0111,22.76
2026-10-04,8,CBG0111,21.71
2026-10-04,9,CBG0111,21.68
2026-10-04,10,CBG0111,20.73
2026-10-04,11,CBG0111,12.36
2026-10-04,12,CBG0111,22.41
2026-10-04,13,CBG0111,17.37
2026-10-04,14,CBG0111,23.61
2026-10-04,15,CBG0111,23.51
2026-10-04,16,CBG0111,24.46
2026-10-04,17,CBG0111,23.68
2026-10-04,18,CBG0111,22.61
2026-10-04,19,CBG0111,24.07
2026-10-04,20,CBG0111,24.48
2026-10-04,21,CBG0111,8.37
2026-10-04,22,CBG0111,0.63
2026-10-04,23,CBG0111,0.11
2026-10-04,24,CBG0111,0.03
2026-10-04,25,CBG0111,3.05
2026-10-04,26,CBG0111,0.48
2026-10-04,27,CBG0111,0.02
2026-10-04,28,CBG0111,0.03
2026-10-04,29,CBG0111,0.07
2026-10-04,30,CBG0111,0.05
2026-10-04,31,CBG0111,0.02
2026-10-04,32,CBG0111,2.29
2026-10-04,33,CBG0111,6.42
2026-10-04,34,CBG0111,22.29
2026-10-04,35,CBG0111,31.04
2026-10-04,36,CBG0111,45.31
2026-10-04,37,CBG0111,52.04
2026-10-04,38,CBG0111,91.40
2026-10-04,39,CBG0111,96.24
2026-10-04,40,CBG0111,78.68
2026-10-04,41,CBG0111,112.86
2026-10-04,42,CBG0111,108.60
2026-10-04,43,CBG0111,84.42
2026-10-04,44,CBG0111,189.23
2026-10-04,45,CBG0111,99.25
2026-10-04,46,CBG0111,74.51
2026-10-04,47,CBG0111,68.81
2026-10-04,48,CBG0111,66.42
2026-10-04,1,CLH0111,20.71
2026-10-04,2,CLH0111,20.16
2026-10-04,3,CLH0111,20.14
2026-10-04,4,CLH0111,20.16
2026-10-04,5,CLH0111,22.53
2026-10-04,6,CLH0111,22.09
2026-10-04,7,CLH0111,20.94
2026-10-04,8,CLH0111,19.71
2026-10-04,9,CLH0111,19.79
2026-10-04,10,CLH0111,19.12
2026-10-04,11,CLH0111,11.31
2026-10-04,12,CLH0111,20.18
2026-10-04,13,CLH0111,15.67
2026-10-04,14,CLH0111,20.94
2026-10-04,15,CLH0111,20.88
2026-10-04,16,CLH0111,20.85
2026-10-04,17,CLH0111,20.70
2026-10-04,18,CLH0111,19.78
2026-10-04,19,CLH0111,19.73
2026-10-04,20,CLH0111,18.87
2026-10-04,21,CLH0111,5.19
2026-10-04,22,CLH0111,0.02
2026-10-04,23,CLH0111,0.02
2026-10-04,24,CLH0111,0.02
2026-10-04,25,CLH0111,2.42
2026-10-04,26,CLH0111,0.39
2026-10-04,27,CLH0111,0.02
2026-10-04,28,CLH0111,0.02
2026-10-04,29,CLH0111,0.02
2026-10-04,30,CLH0111,0.02
2026-10-04,31,CLH0111,0.02
2026-10-04,32,CLH0111,1.24
2026-10-04,33,CLH0111,1.42
2026-10-04,34,CLH0111,11.49
2026-10-04,35,CLH0111,17.33
2026-10-04,36,CLH0111,19.68
2026-10-04,37,CLH0111,20.32
2026-10-04,38,CLH0111,20.46
2026-10-04,39,CLH0111,20.65
2026-10-04,40,CLH0111,20.79
2026-10-04,41,CLH0111,48.69
2026-10-04,42,CLH0111,50.51
2026-10-04,43,CLH0111,49.09
2026-10-04,44,CLH0111,47.28
2026-10-04,45,CLH0111,49.47
2026-10-04,46,CLH0111,49.07
2026-10-04,47,CLH0111,50.38
2026-10-04,48,CLH0111,50.04
2026-10-04,1,CML0331,19.64
2026-10-04,2,CML0331,19.50
2026-10-04,3,CML0331,19.48
2026-10-04,4,CML0331,19.73
2026-10-04,5,CML0331,22.19
2026-10-04,6,CML0331,21.84
2026-10-04,7,CML0331,20.78
2026-10-04,8,CML0331,19.73
2026-10-04,9,CML0331,19.73
2026-10-04,10,CML0331,18.98
2026-10-04,11,CML0331,10.97
2026-10-04,12,CML0331,19.42
2026-10-04,13,CML0331,14.70
2026-10-04,14,CML0331,19.53
2026-10-04,15,CML0331,19.51
2026-10-04,16,CML0331,19.53
2026-10-04,17,CML0331,19.42
2026-10-04,18,CML0331,18.68
2026-10-04,19,CML0331,18.94
2026-10-04,20,CML0331,18.27
2026-10-04,21,CML0331,5.09
2026-10-04,22,CML0331,0.02
2026-10-04,23,CML0331,0.02
2026-10-04,24,CML0331,0.02
2026-10-04,25,CML0331,2.50
2026-10-04,26,CML0331,0.41
2026-10-04,27,CML0331,0.02
2026-10-04,28,CML0331,0.02
2026-10-04,29,CML0331,0.02
2026-10-04,30,CML0331,0.02
2026-10-04,31,CML0331,0.02
2026-10-04,32,CML0331,1.28
2026-10-04,33,CML0331,1.46
2026-10-04,34,CML0331,11.66
2026-10-04,35,CML0331,17.43
2026-10-04,36,CML0331,19.24
2026-10-04,37,CML0331,19.48
2026-10-04,38,CML0331,19.37
2026-10-04,39,CML0331,19.41
2026-10-04,40,CML0331,19.56
2026-10-04,41,CML0331,46.11
2026-10-04,42,CML0331,48.49
2026-10-04,43,CML0331,47.06
2026-10-04,44,CML0331,45.68
2026-10-04,45,CML0331,48.49
2026-10-04,46,CML0331,48.47
2026-10-04,47,CML0331,48.60
2026-10-04,48,CML0331,48.42
2026-10-04,1,COL0111,20.16
2026-10-04,2,COL0111,20.02
2026-10-04,3,COL0111,20.00
2026-10-04,4,COL0111,20.03
2026-10-04,5,COL0111,22.38
2026-10-04,6,COL0111,21.94
2026-10-04,7,COL0111,20.82
2026-10-04,8,COL0111,19.60
2026-10-04,9,COL0111,19.69
2026-10-04,10,COL0111,19.01
2026-10-04,11,COL0111,11.24
2026-10-04,12,COL0111,20.04
2026-10-04,13,COL0111,15.46
2026-10-04,14,COL0111,20.48
2026-10-04,15,COL0111,20.32
2026-10-04,16,COL0111,20.31
2026-10-04,17,COL0111,20.20
2026-10-04,18,COL0111,19.32
2026-10-04,19,COL0111,19.35
2026-10-04,20,COL0111,18.51
2026-10-04,21,COL0111,5.09
2026-10-04,22,COL0111,0.02
2026-10-04,23,COL0111,0.02
2026-10-04,24,COL0111,0.02
2026-10-04,25,COL0111,2.37
2026-10-04,26,COL0111,0.38
2026-10-04,27,COL0111,0.02
2026-10-04,28,COL0111,0.02
2026-10-04,29,COL0111,0.02
2026-10-04,30,COL0111,0.02
2026-10-04,31,COL0111,0.02
2026-10-04,32,COL0111,1.22
2026-10-04,33,COL0111,1.40
2026-10-04,34,COL0111,11.27
2026-10-04,35,COL0111,16.99
2026-10-04,36,COL0111,19.28
2026-10-04,37,COL0111,19.92
2026-10-04,38,COL0111,20.00
2026-10-04,39,COL0111,20.16
2026-10-04,40,COL0111,20.30
2026-10-04,41,COL0111,48.10
2026-10-04,42,COL0111,50.12
2026-10-04,43,COL0111,48.74
2026-10-04,44,COL0111,46.95
2026-10-04,45,COL0111,49.14
2026-10-04,46,COL0111,48.71
2026-10-04,47,COL0111,50.02
2026-10-04,48,COL0111,49.70
2026-10-04,1,COL0661,20.14
2026-10-04,2,COL0661,20.01
2026-10-04,3,COL0661,19.99
2026-10-04,4,COL0661,20.01
2026-10-04,5,COL0661,22.37
2026-10-04,6,COL0661,21.93
2026-10-04,7,COL0661,20.80
2026-10-04,8,COL0661,19.58
2026-10-04,9,COL0661,19.68
2026-10-04,10,COL0661,19.00
2026-10-04,11,COL0661,11.23
2026-10-04,12,COL0661,20.03
2026-10-04,13,COL0661,15.45
2026-10-04,14,COL0661,20.46
2026-10-04,15,COL0661,20.30
2026-10-04,16,COL0661,20.30
2026-10-04,17,COL0661,20.18
2026-10-04,18,COL0661,19.31
2026-10-04,19,COL0661,19.33
2026-10-04,20,COL0661,18.50
2026-10-04,21,COL0661,5.09
2026-10-04,22,COL0661,0.02
2026-10-04,23,COL0661,0.02
2026-10-04,24,COL0661,0.02
2026-10-04,25,COL0661,2.37
2026-10-04,26,COL0661,0.38
2026-10-04,27,COL0661,0.02
2026-10-04,28,COL0661,0.02
2026-10-04,29,COL0661,0.02
2026-10-04,30,COL0661,0.02
2026-10-04,31,COL0661,0.02
2026-10-04,32,COL0661,1.22
2026-10-04,33,COL0661,1.40
2026-10-04,34,COL0661,11.26
2026-10-04,35,COL0661,16.97
2026-10-04,36,COL0661,19.27
2026-10-04,37,COL0661,19.90
2026-10-04,38,COL0661,19.99
2026-10-04,39,COL0661,20.15
2026-10-04,40,COL0661,20.29
2026-10-04,41,COL0661,48.07
2026-10-04,42,COL0661,50.09
2026-10-04,43,COL0661,48.71
2026-10-04,44,COL0661,46.92
2026-10-04,45,COL0661,49.11
2026-10-04,46,COL0661,48.68
2026-10-04,47,COL0661,49.99
2026-10-04,48,COL0661,49.67
2026-10-04,1,CPK0111,21.07
2026-10-04,2,CPK0111,22.06
2026-10-04,3,CPK0111,20.87
2026-10-04,4,CPK0111,20.92
2026-10-04,5,CPK0111,23.37
2026-10-04,6,CPK0111,22.93
2026-10-04,7,CPK0111,21.81
2026-10-04,8,CPK0111,20.79
2026-10-04,9,CPK0111,20.78
2026-10-04,10,CPK0111,19.94
2026-10-04,11,CPK0111,11.71
2026-10-04,12,CPK0111,20.83
2026-10-04,13,CPK0111,15.94
2026-10-04,14,CPK0111,21.45
2026-10-04,15,CPK0111,21.51
2026-10-04,16,CPK0111,22.41
2026-10-04,17,CPK0111,21.84
2026-10-04,18,CPK0111,20.93
2026-10-04,19,CPK0111,22.16
2026-10-04,20,CPK0111,22.35
2026-10-04,21,CPK0111,7.62
2026-10-04,22,CPK0111,0.56
2026-10-04,23,CPK0111,0.10
2026-10-04,24,CPK0111,0.03
2026-10-04,25,CPK0111,2.74
2026-10-04,26,CPK0111,0.44
2026-10-04,27,CPK0111,0.02
2026-10-04,28,CPK0111,0.03
2026-10-04,29,CPK0111,0.07
2026-10-04,30,CPK0111,0.05
2026-10-04,31,CPK0111,0.02
2026-10-04,32,CPK0111,2.04
2026-10-04,33,CPK0111,5.65
2026-10-04,34,CPK0111,19.56
2026-10-04,35,CPK0111,27.23
2026-10-04,36,CPK0111,39.35
2026-10-04,37,CPK0111,44.77
2026-10-04,38,CPK0111,78.15
2026-10-04,39,CPK0111,81.77
2026-10-04,40,CPK0111,67.30
2026-10-04,41,CPK0111,97.19
2026-10-04,42,CPK0111,93.13
2026-10-04,43,CPK0111,72.49
2026-10-04,44,CPK0111,166.78
2026-10-04,45,CPK0111,86.27
2026-10-04,46,CPK0111,66.25
2026-10-04,47,CPK0111,62.44
2026-10-04,48,CPK0111,60.89
2026-10-04,1,CPK0331,20.98
2026-10-04,2,CPK0331,22.02
2026-10-04,3,CPK0331,20.85
2026-10-04,4,CPK0331,20.90
2026-10-04,5,CPK0331,23.35
2026-10-04,6,CPK0331,22.91
2026-10-04,7,CPK0331,21.79
2026-10-04,8,CPK0331,20.77
2026-10-04,9,CPK0331,20.76
2026-10-04,10,CPK0331,19.92
2026-10-04,11,CPK0331,11.70
2026-10-04,12,CPK0331,20.81
2026-10-04,13,CPK0331,15.93
2026-10-04,14,CPK0331,21.43
2026-10-04,15,CPK0331,21.48
2026-10-04,16,CPK0331,22.34
2026-10-04,17,CPK0331,21.74
2026-10-04,18,CPK0331,20.84
2026-10-04,19,CPK0331,22.07
2026-10-04,20,CPK0331,22.25
2026-10-04,21,CPK0331,7.58
2026-10-04,22,CPK0331,0.56
2026-10-04,23,CPK0331,0.10
2026-10-04,24,CPK0331,0.03
2026-10-04,25,CPK0331,2.73
2026-10-04,26,CPK0331,0.44
2026-10-04,27,CPK0331,0.02
2026-10-04,28,CPK0331,0.03
2026-10-04,29,CPK0331,0.07
2026-10-04,30,CPK0331,0.05
2026-10-04,31,CPK0331,0.02
2026-10-04,32,CPK0331,2.03
2026-10-04,33,CPK0331,5.63
2026-10-04,34,CPK0331,19.47
2026-10-04,35,CPK0331,27.11
2026-10-04,36,CPK0331,39.18
2026-10-04,37,CPK0331,44.58
2026-10-04,38,CPK0331,77.82
2026-10-04,39,CPK0331,81.42
2026-10-04,40,CPK0331,67.01
2026-10-04,41,CPK0331,96.77
2026-10-04,42,CPK0331,92.73
2026-10-04,43,CPK0331,72.18
2026-10-04,44,CPK0331,166.06
2026-10-04,45,CPK0331,85.90
2026-10-04,46,CPK0331,65.97
2026-10-04,47,CPK0331,62.17
2026-10-04,48,CPK0331,60.63
2026-10-04,1,CST0331,21.70
2026-10-04,2,CST0331,22.91
2026-10-04,3,CST0331,21.52
2026-10-04,4,CST0331,21.54
2026-10-04,5,CST0331,24.06
2026-10-04,6,CST0331,23.57
2026-10-04,7,CST0331,22.42
2026-10-04,8,CST0331,21.38
2026-10-04,9,CST0331,21.35
2026-10-04,10,CST0331,20.48
2026-10-04,11,CST0331,12.10
2026-10-04,12,CST0331,21.79
2026-10-04,13,CST0331,16.99
2026-10-04,14,CST0331,23.06
2026-10-04,15,CST0331,23.08
2026-10-04,16,CST0331,24.17
2026-10-04,17,CST0331,23.45
2026-10-04,18,CST0331,22.35
2026-10-04,19,CST0331,23.66
2026-10-04,20,CST0331,23.93
2026-10-04,21,CST0331,8.15
2026-10-04,22,CST0331,0.60
2026-10-04,23,CST0331,0.11
2026-10-04,24,CST0331,0.03
2026-10-04,25,CST0331,2.89
2026-10-04,26,CST0331,0.46
2026-10-04,27,CST0331,0.02
2026-10-04,28,CST0331,0.03
2026-10-04,29,CST0331,0.07
2026-10-04,30,CST0331,0.05
2026-10-04,31,CST0331,0.02
2026-10-04,32,CST0331,2.17
2026-10-04,33,CST0331,6.07
2026-10-04,34,CST0331,21.05
2026-10-04,35,CST0331,29.35
2026-10-04,36,CST0331,42.78
2026-10-04,37,CST0331,48.88
2026-10-04,38,CST0331,85.56
2026-10-04,39,CST0331,89.88
2026-10-04,40,CST0331,73.46
2026-10-04,41,CST0331,105.98
2026-10-04,42,CST0331,101.18
2026-10-04,43,CST0331,78.62
2026-10-04,44,CST0331,180.17
2026-10-04,45,CST0331,93.45
2026-10-04,46,CST0331,71.50
2026-10-04,47,CST0331,67.22
2026-10-04,48,CST0331,65.78
2026-10-04,1,CUL0331,21.33
2026-10-04,2,CUL0331,21.18
2026-10-04,3,CUL0331,21.16
2026-10-04,4,CUL0331,21.18
2026-10-04,5,CUL0331,23.68
2026-10-04,6,CUL0331,23.23
2026-10-04,7,CUL0331,22.09
2026-10-04,8,CUL0331,20.91
2026-10-04,9,CUL0331,20.93
2026-10-04,10,CUL0331,20.20
2026-10-04,11,CUL0331,11.91
2026-10-04,12,CUL0331,21.11
2026-10-04,13,CUL0331,16.08
2026-10-04,14,CUL0331,21.39
2026-10-04,15,CUL0331,21.43
2026-10-04,16,CUL0331,21.53
2026-10-04,17,CUL0331,21.44
2026-10-04,18,CUL0331,20.58
2026-10-04,19,CUL0331,20.79
2026-10-04,20,CUL0331,19.93
2026-10-04,21,CUL0331,5.49
2026-10-04,22,CUL0331,0.02
2026-10-04,23,CUL0331,0.02
2026-10-04,24,CUL0331,0.02
2026-10-04,25,CUL0331,2.56
2026-10-04,26,CUL0331,0.41
2026-10-04,27,CUL0331,0.02
2026-10-04,28,CUL0331,0.02
2026-10-04,29,CUL0331,0.02
2026-10-04,30,CUL0331,0.02
2026-10-04,31,CUL0331,0.02
2026-10-04,32,CUL0331,1.31
2026-10-04,33,CUL0331,1.50
2026-10-04,34,CUL0331,12.05
2026-10-04,35,CUL0331,18.30
2026-10-04,36,CUL0331,21.00
2026-10-04,37,CUL0331,21.41
2026-10-04,38,CUL0331,21.35
2026-10-04,39,CUL0331,21.49
2026-10-04,40,CUL0331,21.66
2026-10-04,41,CUL0331,51.18
2026-10-04,42,CUL0331,53.56
2026-10-04,43,CUL0331,52.01
2026-10-04,44,CUL0331,50.25
2026-10-04,45,CUL0331,53.30
2026-10-04,46,CUL0331,53.00
2026-10-04,47,CUL0331,53.07
2026-10-04,48,CUL0331,52.57
2026-10-04,1,CUL0661,21.36
2026-10-04,2,CUL0661,21.20
2026-10-04,3,CUL0661,21.18
2026-10-04,4,CUL0661,21.20
2026-10-04,5,CUL0661,23.71
2026-10-04,6,CUL0661,23.25
2026-10-04,7,CUL0661,22.11
2026-10-04,8,CUL0661,20.93
2026-10-04,9,CUL0661,20.95
2026-10-04,10,CUL0661,20.22
2026-10-04,11,CUL0661,11.93
2026-10-04,12,CUL0661,21.13
2026-10-04,13,CUL0661,16.15
2026-10-04,14,CUL0661,21.49
2026-10-04,15,CUL0661,21.53
2026-10-04,16,CUL0661,21.63
2026-10-04,17,CUL0661,21.53
2026-10-04,18,CUL0661,20.68
2026-10-04,19,CUL0661,20.89
2026-10-04,20,CUL0661,20.02
2026-10-04,21,CUL0661,5.51
2026-10-04,22,CUL0661,0.02
2026-10-04,23,CUL0661,0.02
2026-10-04,24,CUL0661,0.02
2026-10-04,25,CUL0661,2.56
2026-10-04,26,CUL0661,0.42
2026-10-04,27,CUL0661,0.02
2026-10-04,28,CUL0661,0.02
2026-10-04,29,CUL0661,0.02
2026-10-04,30,CUL0661,0.02
2026-10-04,31,CUL0661,0.02
2026-10-04,32,CUL0661,1.31
2026-10-04,33,CUL0661,1.50
2026-10-04,34,CUL0661,12.09
2026-10-04,35,CUL0661,18.38
2026-10-04,36,CUL0661,21.09
2026-10-04,37,CUL0661,21.51
2026-10-04,38,CUL0661,21.45
2026-10-04,39,CUL0661,21.59
2026-10-04,40,CUL0661,21.76
2026-10-04,41,CUL0661,51.42
2026-10-04,42,CUL0661,53.81
2026-10-04,43,CUL0661,52.25
2026-10-04,44,CUL0661,50.47
2026-10-04,45,CUL0661,53.54
2026-10-04,46,CUL0661,53.20
2026-10-04,47,CUL0661,53.19
2026-10-04,48,CUL0661,52.63
2026-10-04,1,CYD0331,19.51
2026-10-04,2,CYD0331,19.37
2026-10-04,3,CYD0331,19.35
2026-10-04,4,CYD0331,19.58
2026-10-04,5,CYD0331,22.03
2026-10-04,6,CYD0331,21.72
2026-10-04,7,CYD0331,20.63
2026-10-04,8,CYD0331,19.58
2026-10-04,9,CYD0331,19.58
2026-10-04,10,CYD0331,18.84
2026-10-04,11,CYD0331,10.89
2026-10-04,12,CYD0331,19.28
2026-10-04,13,CYD0331,14.58
2026-10-04,14,CYD0331,19.36
2026-10-04,15,CYD0331,19.35
2026-10-04,16,CYD0331,19.37
2026-10-04,17,CYD0331,19.26
2026-10-04,18,CYD0331,18.53
2026-10-04,19,CYD0331,18.78
2026-10-04,20,CYD0331,18.11
2026-10-04,21,CYD0331,5.04
2026-10-04,22,CYD0331,0.02
2026-10-04,23,CYD0331,0.02
2026-10-04,24,CYD0331,0.02
2026-10-04,25,CYD0331,2.49
2026-10-04,26,CYD0331,0.40
2026-10-04,27,CYD0331,0.02
2026-10-04,28,CYD0331,0.02
2026-10-04,29,CYD0331,0.02
2026-10-04,30,CYD0331,0.02
2026-10-04,31,CYD0331,0.02
2026-10-04,32,CYD0331,1.27
2026-10-04,33,CYD0331,1.45
2026-10-04,34,CYD0331,11.62
2026-10-04,35,CYD0331,17.36
2026-10-04,36,CYD0331,19.11
2026-10-04,37,CYD0331,19.34
2026-10-04,38,CYD0331,19.23
2026-10-04,39,CYD0331,19.23
2026-10-04,40,CYD0331,19.39
2026-10-04,41,CYD0331,45.72
2026-10-04,42,CYD0331,48.08
2026-10-04,43,CYD0331,46.65
2026-10-04,44,CYD0331,45.29
2026-10-04,45,CYD0331,48.08
2026-10-04,46,CYD0331,48.09
2026-10-04,47,CYD0331,48.24
2026-10-04,48,CYD0331,48.09
2026-10-04,1,CYD2201,19.54
2026-10-04,2,CYD2201,19.40
2026-10-04,3,CYD2201,19.38
2026-10-04,4,CYD2201,19.61
2026-10-04,5,CYD2201,22.06
2026-10-04,6,CYD2201,21.75
2026-10-04,7,CYD2201,20.67
2026-10-04,8,CYD2201,19.62
2026-10-04,9,CYD2201,19.61
2026-10-04,10,CYD2201,18.87
2026-10-04,11,CYD2201,10.91
2026-10-04,12,CYD2201,19.31
2026-10-04,13,CYD2201,14.60
2026-10-04,14,CYD2201,19.39
2026-10-04,15,CYD2201,19.38
2026-10-04,16,CYD2201,19.40
2026-10-04,17,CYD2201,19.29
2026-10-04,18,CYD2201,18.56
2026-10-04,19,CYD2201,18.81
2026-10-04,20,CYD2201,18.15
2026-10-04,21,CYD2201,5.05
2026-10-04,22,CYD2201,0.02
2026-10-04,23,CYD2201,0.02
2026-10-04,24,CYD2201,0.02
2026-10-04,25,CYD2201,2.49
2026-10-04,26,CYD2201,0.40
2026-10-04,27,CYD2201,0.02
2026-10-04,28,CYD2201,0.02
2026-10-04,29,CYD2201,0.02
2026-10-04,30,CYD2201,0.02
2026-10-04,31,CYD2201,0.02
2026-10-04,32,CYD2201,1.27
2026-10-04,33,CYD2201,1.46
2026-10-04,34,CYD2201,11.64
2026-10-04,35,CYD2201,17.39
2026-10-04,36,CYD2201,19.14
2026-10-04,37,CYD2201,19.38
2026-10-04,38,CYD2201,19.26
2026-10-04,39,CYD2201,19.27
2026-10-04,40,CYD2201,19.42
2026-10-04,41,CYD2201,45.79
2026-10-04,42,CYD2201,48.16
2026-10-04,43,CYD2201,46.73
2026-10-04,44,CYD2201,45.37
2026-10-04,45,CYD2201,48.16
2026-10-04,46,CYD2201,48.17
2026-10-04,47,CYD2201,48.32
2026-10-04,48,CYD2201,48.17
2026-10-04,1,DOB0331,21.81
2026-10-04,2,DOB0331,21.24
2026-10-04,3,DOB0331,21.22
2026-10-04,4,DOB0331,21.25
2026-10-04,5,DOB0331,23.72
2026-10-04,6,DOB0331,23.22
2026-10-04,7,DOB0331,21.91
2026-10-04,8,DOB0331,20.59
2026-10-04,9,DOB0331,20.63
2026-10-04,10,DOB0331,19.96
2026-10-04,11,DOB0331,11.91
2026-10-04,12,DOB0331,21.19
2026-10-04,13,DOB0331,16.36
2026-10-04,14,DOB0331,21.81
2026-10-04,15,DOB0331,22.02
2026-10-04,16,DOB0331,22.21
2026-10-04,17,DOB0331,22.19
2026-10-04,18,DOB0331,21.36
2026-10-04,19,DOB0331,21.56
2026-10-04,20,DOB0331,20.58
2026-10-04,21,DOB0331,5.66
2026-10-04,22,DOB0331,0.02
2026-10-04,23,DOB0331,0.02
2026-10-04,24,DOB0331,0.02
2026-10-04,25,DOB0331,2.64
2026-10-04,26,DOB0331,0.43
2026-10-04,27,DOB0331,0.02
2026-10-04,28,DOB0331,0.02
2026-10-04,29,DOB0331,0.02
2026-10-04,30,DOB0331,0.02
2026-10-04,31,DOB0331,0.02
2026-10-04,32,DOB0331,1.35
2026-10-04,33,DOB0331,1.54
2026-10-04,34,DOB0331,12.52
2026-10-04,35,DOB0331,18.94
2026-10-04,36,DOB0331,21.65
2026-10-04,37,DOB0331,22.19
2026-10-04,38,DOB0331,22.15
2026-10-04,39,DOB0331,22.28
2026-10-04,40,DOB0331,22.53
2026-10-04,41,DOB0331,51.56
2026-10-04,42,DOB0331,53.59
2026-10-04,43,DOB0331,51.85
2026-10-04,44,DOB0331,49.88
2026-10-04,45,DOB0331,52.08
2026-10-04,46,DOB0331,51.87
2026-10-04,47,DOB0331,53.17
2026-10-04,48,DOB0331,52.70
2026-10-04,1,DOB0661,21.80
2026-10-04,2,DOB0661,21.23
2026-10-04,3,DOB0661,21.21
2026-10-04,4,DOB0661,21.23
2026-10-04,5,DOB0661,23.70
2026-10-04,6,DOB0661,23.20
2026-10-04,7,DOB0661,21.90
2026-10-04,8,DOB0661,20.58
2026-10-04,9,DOB0661,20.62
2026-10-04,10,DOB0661,19.94
2026-10-04,11,DOB0661,11.90
2026-10-04,12,DOB0661,21.17
2026-10-04,13,DOB0661,16.34
2026-10-04,14,DOB0661,21.79
2026-10-04,15,DOB0661,22.00
2026-10-04,16,DOB0661,22.19
2026-10-04,17,DOB0661,22.17
2026-10-04,18,DOB0661,21.34
2026-10-04,19,DOB0661,21.54
2026-10-04,20,DOB0661,20.56
2026-10-04,21,DOB0661,5.66
2026-10-04,22,DOB0661,0.02
2026-10-04,23,DOB0661,0.02
2026-10-04,24,DOB0661,0.02
2026-10-04,25,DOB0661,2.63
2026-10-04,26,DOB0661,0.43
2026-10-04,27,DOB0661,0.02
2026-10-04,28,DOB0661,0.02
2026-10-04,29,DOB0661,0.02
2026-10-04,30,DOB0661,0.02
2026-10-04,31,DOB0661,0.02
2026-10-04,32,DOB0661,1.35
2026-10-04,33,DOB0661,1.54
2026-10-04,34,DOB0661,12.51
2026-10-04,35,DOB0661,18.92
2026-10-04,36,DOB0661,21.63
2026-10-04,37,DOB0661,22.17
2026-10-04,38,DOB0661,22.14
2026-10-04,39,DOB0661,22.26
2026-10-04,40,DOB0661,22.51
2026-10-04,41,DOB0661,51.53
2026-10-04,42,DOB0661,53.55
2026-10-04,43,DOB0661,51.81
2026-10-04,44,DOB0661,49.84
2026-10-04,45,DOB0661,52.04
2026-10-04,46,DOB0661,51.83
2026-10-04,47,DOB0661,53.13
2026-10-04,48,DOB0661,52.66
2026-10-04,1,DVK0111,21.37
2026-10-04,2,DVK0111,22.43
2026-10-04,3,DVK0111,21.18
2026-10-04,4,DVK0111,21.21
2026-10-04,5,DVK0111,23.61
2026-10-04,6,DVK0111,23.20
2026-10-04,7,DVK0111,22.04
2026-10-04,8,DVK0111,21.05
2026-10-04,9,DVK0111,21.02
2026-10-04,10,DVK0111,20.16
2026-10-04,11,DVK0111,11.94
2026-10-04,12,DVK0111,21.32
2026-10-04,13,DVK0111,16.45
2026-10-04,14,DVK0111,22.22
2026-10-04,15,DVK0111,22.25
2026-10-04,16,DVK0111,23.18
2026-10-04,17,DVK0111,22.40
2026-10-04,18,DVK0111,21.28
2026-10-04,19,DVK0111,22.52
2026-10-04,20,DVK0111,22.71
2026-10-04,21,DVK0111,7.80
2026-10-04,22,DVK0111,0.56
2026-10-04,23,DVK0111,0.10
2026-10-04,24,DVK0111,0.03
2026-10-04,25,DVK0111,2.76
2026-10-04,26,DVK0111,0.44
2026-10-04,27,DVK0111,0.02
2026-10-04,28,DVK0111,0.03
2026-10-04,29,DVK0111,0.07
2026-10-04,30,DVK0111,0.05
2026-10-04,31,DVK0111,0.02
2026-10-04,32,DVK0111,2.08
2026-10-04,33,DVK0111,5.77
2026-10-04,34,DVK0111,19.90
2026-10-04,35,DVK0111,27.71
2026-10-04,36,DVK0111,40.39
2026-10-04,37,DVK0111,46.27
2026-10-04,38,DVK0111,81.64
2026-10-04,39,DVK0111,85.86
2026-10-04,40,DVK0111,70.34
2026-10-04,41,DVK0111,101.52
2026-10-04,42,DVK0111,97.31
2026-10-04,43,DVK0111,75.47
2026-10-04,44,DVK0111,172.62
2026-10-04,45,DVK0111,89.36
2026-10-04,46,DVK0111,68.37
2026-10-04,47,DVK0111,64.24
2026-10-04,48,DVK0111,62.53
2026-10-04,1,EDG0331,21.08
2026-10-04,2,EDG0331,22.61
2026-10-04,3,EDG0331,21.24
2026-10-04,4,EDG0331,21.10
2026-10-04,5,EDG0331,23.56
2026-10-04,6,EDG0331,23.10
2026-10-04,7,EDG0331,21.98
2026-10-04,8,EDG0331,20.94
2026-10-04,9,EDG0331,20.92
2026-10-04,10,EDG0331,19.99
2026-10-04,11,EDG0331,11.90
2026-10-04,12,EDG0331,21.52
2026-10-04,13,EDG0331,16.72
2026-10-04,14,EDG0331,22.57
2026-10-04,15,EDG0331,22.29
2026-10-04,16,EDG0331,23.31
2026-10-04,17,EDG0331,22.50
2026-10-04,18,EDG0331,21.53
2026-10-04,19,EDG0331,22.97
2026-10-04,20,EDG0331,23.23
2026-10-04,21,EDG0331,7.89
2026-10-04,22,EDG0331,0.59
2026-10-04,23,EDG0331,0.11
2026-10-04,24,EDG0331,0.03
2026-10-04,25,EDG0331,2.86
2026-10-04,26,EDG0331,0.45
2026-10-04,27,EDG0331,0.02
2026-10-04,28,EDG0331,0.03
2026-10-04,29,EDG0331,0.07
2026-10-04,30,EDG0331,0.05
2026-10-04,31,EDG0331,0.02
2026-10-04,32,EDG0331,2.18
2026-10-04,33,EDG0331,6.09
2026-10-04,34,EDG0331,21.22
2026-10-04,35,EDG0331,29.55
2026-10-04,36,EDG0331,43.20
2026-10-04,37,EDG0331,49.59
2026-10-04,38,EDG0331,86.51
2026-10-04,39,EDG0331,92.02
2026-10-04,40,EDG0331,75.02
2026-10-04,41,EDG0331,108.26
2026-10-04,42,EDG0331,103.81
2026-10-04,43,EDG0331,80.48
2026-10-04,44,EDG0331,182.06
2026-10-04,45,EDG0331,94.95
2026-10-04,46,EDG0331,71.40
2026-10-04,47,EDG0331,66.18
2026-10-04,48,EDG0331,63.51
2026-10-04,1,EDN0331,20.14
2026-10-04,2,EDN0331,19.98
2026-10-04,3,EDN0331,19.97
2026-10-04,4,EDN0331,20.19
2026-10-04,5,EDN0331,22.72
2026-10-04,6,EDN0331,22.32
2026-10-04,7,EDN0331,21.13
2026-10-04,8,EDN0331,20.03
2026-10-04,9,EDN0331,20.02
2026-10-04,10,EDN0331,19.22
2026-10-04,11,EDN0331,11.18
2026-10-04,12,EDN0331,19.87
2026-10-04,13,EDN0331,15.02
2026-10-04,14,EDN0331,19.92
2026-10-04,15,EDN0331,19.89
2026-10-04,16,EDN0331,20.06
2026-10-04,17,EDN0331,19.95
2026-10-04,18,EDN0331,19.19
2026-10-04,19,EDN0331,19.45
2026-10-04,20,EDN0331,18.77
2026-10-04,21,EDN0331,5.22
2026-10-04,22,EDN0331,0.02
2026-10-04,23,EDN0331,0.02
2026-10-04,24,EDN0331,0.02
2026-10-04,25,EDN0331,2.57
2026-10-04,26,EDN0331,0.42
2026-10-04,27,EDN0331,0.02
2026-10-04,28,EDN0331,0.02
2026-10-04,29,EDN0331,0.02
2026-10-04,30,EDN0331,0.02
2026-10-04,31,EDN0331,0.02
2026-10-04,32,EDN0331,1.31
2026-10-04,33,EDN0331,1.50
2026-10-04,34,EDN0331,11.99
2026-10-04,35,EDN0331,17.90
2026-10-04,36,EDN0331,19.66
2026-10-04,37,EDN0331,19.83
2026-10-04,38,EDN0331,19.76
2026-10-04,39,EDN0331,19.80
2026-10-04,40,EDN0331,19.99
2026-10-04,41,EDN0331,47.32
2026-10-04,42,EDN0331,49.82
2026-10-04,43,EDN0331,48.34
2026-10-04,44,EDN0331,46.78
2026-10-04,45,EDN0331,49.62
2026-10-04,46,EDN0331,49.62
2026-10-04,47,EDN0331,49.77
2026-10-04,48,EDN0331,49.62
2026-10-04,1,FHL0331,20.73
2026-10-04,2,FHL0331,22.08
2026-10-04,3,FHL0331,20.73
2026-10-04,4,FHL0331,20.66
2026-10-04,5,FHL0331,23.17
2026-10-04,6,FHL0331,22.70
2026-10-04,7,FHL0331,21.57
2026-10-04,8,FHL0331,20.56
2026-10-04,9,FHL0331,20.57
2026-10-04,10,FHL0331,19.63
2026-10-04,11,FHL0331,11.72
2026-10-04,12,FHL0331,21.19
2026-10-04,13,FHL0331,16.42
2026-10-04,14,FHL0331,22.19
2026-10-04,15,FHL0331,22.04
2026-10-04,16,FHL0331,23.09
2026-10-04,17,FHL0331,22.31
2026-10-04,18,FHL0331,21.39
2026-10-04,19,FHL0331,22.86
2026-10-04,20,FHL0331,23.20
2026-10-04,21,FHL0331,7.92
2026-10-04,22,FHL0331,0.59
2026-10-04,23,FHL0331,0.11
2026-10-04,24,FHL0331,0.03
2026-10-04,25,FHL0331,2.89
2026-10-04,26,FHL0331,0.46
2026-10-04,27,FHL0331,0.02
2026-10-04,28,FHL0331,0.03
2026-10-04,29,FHL0331,0.07
2026-10-04,30,FHL0331,0.05
2026-10-04,31,FHL0331,0.02
2026-10-04,32,FHL0331,2.16
2026-10-04,33,FHL0331,6.07
2026-10-04,34,FHL0331,21.09
2026-10-04,35,FHL0331,29.33
2026-10-04,36,FHL0331,42.85
2026-10-04,37,FHL0331,49.24
2026-10-04,38,FHL0331,85.70
2026-10-04,39,FHL0331,90.85
2026-10-04,40,FHL0331,74.76
2026-10-04,41,FHL0331,107.75
2026-10-04,42,FHL0331,103.29
2026-10-04,43,FHL0331,80.32
2026-10-04,44,FHL0331,181.88
2026-10-04,45,FHL0331,94.00
2026-10-04,46,FHL0331,70.49
2026-10-04,47,FHL0331,65.11
2026-10-04,48,FHL0331,62.70
2026-10-04,1,FKN0331,20.33
2026-10-04,2,FKN0331,20.12
2026-10-04,3,FKN0331,19.88
2026-10-04,4,FKN0331,20.13
2026-10-04,5,FKN0331,22.52
2026-10-04,6,FKN0331,22.02
2026-10-04,7,FKN0331,20.94
2026-10-04,8,FKN0331,19.89
2026-10-04,9,FKN0331,19.97
2026-10-04,10,FKN0331,19.37
2026-10-04,11,FKN0331,11.19
2026-10-04,12,FKN0331,20.09
2026-10-04,13,FKN0331,15.19
2026-10-04,14,FKN0331,20.18
2026-10-04,15,FKN0331,20.19
2026-10-04,16,FKN0331,20.22
2026-10-04,17,FKN0331,20.10
2026-10-04,18,FKN0331,19.34
2026-10-04,19,FKN0331,19.60
2026-10-04,20,FKN0331,18.91
2026-10-04,21,FKN0331,5.27
2026-10-04,22,FKN0331,0.02
2026-10-04,23,FKN0331,0.02
2026-10-04,24,FKN0331,0.02
2026-10-04,25,FKN0331,2.58
2026-10-04,26,FKN0331,0.42
2026-10-04,27,FKN0331,0.02
2026-10-04,28,FKN0331,0.02
2026-10-04,29,FKN0331,0.02
2026-10-04,30,FKN0331,0.02
2026-10-04,31,FKN0331,0.02
2026-10-04,32,FKN0331,1.28
2026-10-04,33,FKN0331,1.47
2026-10-04,34,FKN0331,11.87
2026-10-04,35,FKN0331,17.79
2026-10-04,36,FKN0331,19.82
2026-10-04,37,FKN0331,20.15
2026-10-04,38,FKN0331,20.04
2026-10-04,39,FKN0331,20.06
2026-10-04,40,FKN0331,20.24
2026-10-04,41,FKN0331,47.71
2026-10-04,42,FKN0331,50.18
2026-10-04,43,FKN0331,48.70
2026-10-04,44,FKN0331,47.27
2026-10-04,45,FKN0331,50.15
2026-10-04,46,FKN0331,50.11
2026-10-04,47,FKN0331,50.27
2026-10-04,48,FKN0331,49.74
2026-10-04,1,GFD0331,20.96
2026-10-04,2,GFD0331,21.98
2026-10-04,3,GFD0331,20.80
2026-10-04,4,GFD0331,20.85
2026-10-04,5,GFD0331,23.29
2026-10-04,6,GFD0331,22.86
2026-10-04,7,GFD0331,21.73
2026-10-04,8,GFD0331,20.73
2026-10-04,9,GFD0331,20.72
2026-10-04,10,GFD0331,19.87
2026-10-04,11,GFD0331,11.68
2026-10-04,12,GFD0331,20.76
2026-10-04,13,GFD0331,15.89
2026-10-04,14,GFD0331,21.38
2026-10-04,15,GFD0331,21.45
2026-10-04,16,GFD0331,22.30
2026-10-04,17,GFD0331,21.71
2026-10-04,18,GFD0331,20.80
2026-10-04,19,GFD0331,22.03
2026-10-04,20,GFD0331,22.22
2026-10-04,21,GFD0331,7.57
2026-10-04,22,GFD0331,0.56
2026-10-04,23,GFD0331,0.10
2026-10-04,24,GFD0331,0.03
2026-10-04,25,GFD0331,2.71
2026-10-04,26,GFD0331,0.44
2026-10-04,27,GFD0331,0.02
2026-10-04,28,GFD0331,0.03
2026-10-04,29,GFD0331,0.07
2026-10-04,30,GFD0331,0.05
2026-10-04,31,GFD0331,0.02
2026-10-04,32,GFD0331,2.01
2026-10-04,33,GFD0331,5.59
2026-10-04,34,GFD0331,19.32
2026-10-04,35,GFD0331,26.97
2026-10-04,36,GFD0331,38.98
2026-10-04,37,GFD0331,44.34
2026-10-04,38,GFD0331,77.43
2026-10-04,39,GFD0331,81.08
2026-10-04,40,GFD0331,66.73
2026-10-04,41,GFD0331,96.31
2026-10-04,42,GFD0331,92.33
2026-10-04,43,GFD0331,71.88
2026-10-04,44,GFD0331,165.41
2026-10-04,45,GFD0331,85.57
2026-10-04,46,GFD0331,65.65
2026-10-04,47,GFD0331,61.87
2026-10-04,48,GFD0331,60.33
2026-10-04,1,GLN0331,22.06
2026-10-04,2,GLN0331,23.30
2026-10-04,3,GLN0331,21.75
2026-10-04,4,GLN0331,21.70
2026-10-04,5,GLN0331,24.29
2026-10-04,6,GLN0331,23.81
2026-10-04,7,GLN0331,22.65
2026-10-04,8,GLN0331,21.61
2026-10-04,9,GLN0331,21.57
2026-10-04,10,GLN0331,20.63
2026-10-04,11,GLN0331,12.28
2026-10-04,12,GLN0331,22.27
2026-10-04,13,GLN0331,17.22
2026-10-04,14,GLN0331,23.42
2026-10-04,15,GLN0331,23.46
2026-10-04,16,GLN0331,24.66
2026-10-04,17,GLN0331,23.89
2026-10-04,18,GLN0331,22.89
2026-10-04,19,GLN0331,24.44
2026-10-04,20,GLN0331,24.86
2026-10-04,21,GLN0331,8.50
2026-10-04,22,GLN0331,0.64
2026-10-04,23,GLN0331,0.11
2026-10-04,24,GLN0331,0.03
2026-10-04,25,GLN0331,3.11
2026-10-04,26,GLN0331,0.49
2026-10-04,27,GLN0331,0.02
2026-10-04,28,GLN0331,0.03
2026-10-04,29,GLN0331,0.07
2026-10-04,30,GLN0331,0.06
2026-10-04,31,GLN0331,0.02
2026-10-04,32,GLN0331,2.33
2026-10-04,33,GLN0331,6.55
2026-10-04,34,GLN0331,22.73
2026-10-04,35,GLN0331,31.65
2026-10-04,36,GLN0331,46.18
2026-10-04,37,GLN0331,52.96
2026-10-04,38,GLN0331,92.51
2026-10-04,39,GLN0331,97.57
2026-10-04,40,GLN0331,79.54
2026-10-04,41,GLN0331,114.62
2026-10-04,42,GLN0331,109.87
2026-10-04,43,GLN0331,85.45
2026-10-04,44,GLN0331,193.85
2026-10-04,45,GLN0331,100.98
2026-10-04,46,GLN0331,76.10
2026-10-04,47,GLN0331,70.34
2026-10-04,48,GLN0331,67.60
2026-10-04,1,GLN0332,22.06
2026-10-04,2,GLN0332,23.29
2026-10-04,3,GLN0332,21.76
2026-10-04,4,GLN0332,21.70
2026-10-04,5,GLN0332,24.29
2026-10-04,6,GLN0332,23.81
2026-10-04,7,GLN0332,22.64
2026-10-04,8,GLN0332,21.60
2026-10-04,9,GLN0332,21.57
2026-10-04,10,GLN0332,20.61
2026-10-04,11,GLN0332,12.28
2026-10-04,12,GLN0332,22.27
2026-10-04,13,GLN0332,17.24
2026-10-04,14,GLN0332,23.44
2026-10-04,15,GLN0332,23.49
2026-10-04,16,GLN0332,24.68
2026-10-04,17,GLN0332,23.92
2026-10-04,18,GLN0332,22.92
2026-10-04,19,GLN0332,24.47
2026-10-04,20,GLN0332,24.89
2026-10-04,21,GLN0332,8.51
2026-10-04,22,GLN0332,0.64
2026-10-04,23,GLN0332,0.11
2026-10-04,24,GLN0332,0.03
2026-10-04,25,GLN0332,3.12
2026-10-04,26,GLN0332,0.49
2026-10-04,27,GLN0332,0.02
2026-10-04,28,GLN0332,0.03
2026-10-04,29,GLN0332,0.07
2026-10-04,30,GLN0332,0.06
2026-10-04,31,GLN0332,0.02
2026-10-04,32,GLN0332,2.33
2026-10-04,33,GLN0332,6.54
2026-10-04,34,GLN0332,22.72
2026-10-04,35,GLN0332,31.65
2026-10-04,36,GLN0332,46.18
2026-10-04,37,GLN0332,52.96
2026-10-04,38,GLN0332,92.45
2026-10-04,39,GLN0332,97.49
2026-10-04,40,GLN0332,79.52
2026-10-04,41,GLN0332,114.49
2026-10-04,42,GLN0332,109.75
2026-10-04,43,GLN0332,85.45
2026-10-04,44,GLN0332,193.85
2026-10-04,45,GLN0332,100.98
2026-10-04,46,GLN0332,76.10
2026-10-04,47,GLN0332,70.34
2026-10-04,48,GLN0332,67.60
2026-10-04,1,GOR0331,19.74
2026-10-04,2,GOR0331,19.56
2026-10-04,3,GOR0331,19.54
2026-10-04,4,GOR0331,19.75
2026-10-04,5,GOR0331,22.23
2026-10-04,6,GOR0331,21.85
2026-10-04,7,GOR0331,20.69
2026-10-04,8,GOR0331,19.62
2026-10-04,9,GOR0331,19.61
2026-10-04,10,GOR0331,18.82
2026-10-04,11,GOR0331,10.96
2026-10-04,12,GOR0331,19.49
2026-10-04,13,GOR0331,14.73
2026-10-04,14,GOR0331,19.53
2026-10-04,15,GOR0331,19.51
2026-10-04,16,GOR0331,19.66
2026-10-04,17,GOR0331,19.56
2026-10-04,18,GOR0331,18.81
2026-10-04,19,GOR0331,19.07
2026-10-04,20,GOR0331,18.39
2026-10-04,21,GOR0331,5.12
2026-10-04,22,GOR0331,0.02
2026-10-04,23,GOR0331,0.02
2026-10-04,24,GOR0331,0.02
2026-10-04,25,GOR0331,2.52
2026-10-04,26,GOR0331,0.41
2026-10-04,27,GOR0331,0.02
2026-10-04,28,GOR0331,0.02
2026-10-04,29,GOR0331,0.02
2026-10-04,30,GOR0331,0.02
2026-10-04,31,GOR0331,0.02
2026-10-04,32,GOR0331,1.28
2026-10-04,33,GOR0331,1.47
2026-10-04,34,GOR0331,11.67
2026-10-04,35,GOR0331,17.46
2026-10-04,36,GOR0331,19.14
2026-10-04,37,GOR0331,19.34
2026-10-04,38,GOR0331,19.27
2026-10-04,39,GOR0331,19.24
2026-10-04,40,GOR0331,19.47
2026-10-04,41,GOR0331,46.33
2026-10-04,42,GOR0331,48.89
2026-10-04,43,GOR0331,47.43
2026-10-04,44,GOR0331,45.81
2026-10-04,45,GOR0331,48.61
2026-10-04,46,GOR0331,48.56
2026-10-04,47,GOR0331,48.75
2026-10-04,48,GOR0331,48.57
2026-10-04,1,GYM0661,21.79
2026-10-04,2,GYM0661,21.18
2026-10-04,3,GYM0661,21.16
2026-10-04,4,GYM0661,21.18
2026-10-04,5,GYM0661,23.65
2026-10-04,6,GYM0661,23.15
2026-10-04,7,GYM0661,21.86
2026-10-04,8,GYM0661,20.55
2026-10-04,9,GYM0661,20.59
2026-10-04,10,GYM0661,19.91
2026-10-04,11,GYM0661,11.87
2026-10-04,12,GYM0661,21.12
2026-10-04,13,GYM0661,16.35
2026-10-04,14,GYM0661,21.81
2026-10-04,15,GYM0661,22.05
2026-10-04,16,GYM0661,22.27
2026-10-04,17,GYM0661,22.25
2026-10-04,18,GYM0661,21.43
2026-10-04,19,GYM0661,21.63
2026-10-04,20,GYM0661,20.62
2026-10-04,21,GYM0661,5.67
2026-10-04,22,GYM0661,0.02
2026-10-04,23,GYM0661,0.02
2026-10-04,24,GYM0661,0.02
2026-10-04,25,GYM0661,2.64
2026-10-04,26,GYM0661,0.43
2026-10-04,27,GYM0661,0.02
2026-10-04,28,GYM0661,0.02
2026-10-04,29,GYM0661,0.02
2026-10-04,30,GYM0661,0.02
2026-10-04,31,GYM0661,0.02
2026-10-04,32,GYM0661,1.35
2026-10-04,33,GYM0661,1.54
2026-10-04,34,GYM0661,12.54
2026-10-04,35,GYM0661,18.99
2026-10-04,36,GYM0661,21.67
2026-10-04,37,GYM0661,22.26
2026-10-04,38,GYM0661,22.24
2026-10-04,39,GYM0661,22.36
2026-10-04,40,GYM0661,22.60
2026-10-04,41,GYM0661,51.43
2026-10-04,42,GYM0661,53.40
2026-10-04,43,GYM0661,51.68
2026-10-04,44,GYM0661,49.72
2026-10-04,45,GYM0661,51.92
2026-10-04,46,GYM0661,51.70
2026-10-04,47,GYM0661,52.99
2026-10-04,48,GYM0661,52.54
2026-10-04,1,GYT0331,21.33
2026-10-04,2,GYT0331,22.37
2026-10-04,3,GYT0331,21.18
2026-10-04,4,GYT0331,21.23
2026-10-04,5,GYT0331,23.77
2026-10-04,6,GYT0331,23.33
2026-10-04,7,GYT0331,22.18
2026-10-04,8,GYT0331,21.15
2026-10-04,9,GYT0331,21.15
2026-10-04,10,GYT0331,20.29
2026-10-04,11,GYT0331,11.90
2026-10-04,12,GYT0331,21.14
2026-10-04,13,GYT0331,16.19
2026-10-04,14,GYT0331,21.94
2026-10-04,15,GYT0331,21.98
2026-10-04,16,GYT0331,22.94
2026-10-04,17,GYT0331,22.34
2026-10-04,18,GYT0331,21.34
2026-10-04,19,GYT0331,22.58
2026-10-04,20,GYT0331,22.65
2026-10-04,21,GYT0331,7.78
2026-10-04,22,GYT0331,0.57
2026-10-04,23,GYT0331,0.10
2026-10-04,24,GYT0331,0.03
2026-10-04,25,GYT0331,2.76
2026-10-04,26,GYT0331,0.44
2026-10-04,27,GYT0331,0.02
2026-10-04,28,GYT0331,0.03
2026-10-04,29,GYT0331,0.07
2026-10-04,30,GYT0331,0.05
2026-10-04,31,GYT0331,0.02
2026-10-04,32,GYT0331,2.05
2026-10-04,33,GYT0331,5.70
2026-10-04,34,GYT0331,19.72
2026-10-04,35,GYT0331,27.45
2026-10-04,36,GYT0331,40.04
2026-10-04,37,GYT0331,45.54
2026-10-04,38,GYT0331,79.55
2026-10-04,39,GYT0331,83.32
2026-10-04,40,GYT0331,68.51
2026-10-04,41,GYT0331,98.89
2026-10-04,42,GYT0331,94.80
2026-10-04,43,GYT0331,73.92
2026-10-04,44,GYT0331,170.31
2026-10-04,45,GYT0331,88.11
2026-10-04,46,GYT0331,67.50
2026-10-04,47,GYT0331,63.68
2026-10-04,48,GYT0331,61.86
2026-10-04,1,HAM0111,21.97
2026-10-04,2,HAM0111,23.29
2026-10-04,3,HAM0111,21.77
2026-10-04,4,HAM0111,21.72
2026-10-04,5,HAM0111,24.30
2026-10-04,6,HAM0111,23.81
2026-10-04,7,HAM0111,22.66
2026-10-04,8,HAM0111,21.61
2026-10-04,9,HAM0111,21.58
2026-10-04,10,HAM0111,20.64
2026-10-04,11,HAM0111,12.29
2026-10-04,12,HAM0111,22.28
2026-10-04,13,HAM0111,17.27
2026-10-04,14,HAM0111,23.40
2026-10-04,15,HAM0111,23.36
2026-10-04,16,HAM0111,24.33
2026-10-04,17,HAM0111,23.47
2026-10-04,18,HAM0111,22.52
2026-10-04,19,HAM0111,24.02
2026-10-04,20,HAM0111,24.42
2026-10-04,21,HAM0111,8.34
2026-10-04,22,HAM0111,0.62
2026-10-04,23,HAM0111,0.11
2026-10-04,24,HAM0111,0.03
2026-10-04,25,HAM0111,3.04
2026-10-04,26,HAM0111,0.48
2026-10-04,27,HAM0111,0.02
2026-10-04,28,HAM0111,0.03
2026-10-04,29,HAM0111,0.07
2026-10-04,30,HAM0111,0.05
2026-10-04,31,HAM0111,0.02
2026-10-04,32,HAM0111,2.27
2026-10-04,33,HAM0111,6.38
2026-10-04,34,HAM0111,22.17
2026-10-04,35,HAM0111,30.88
2026-10-04,36,HAM0111,45.18
2026-10-04,37,HAM0111,51.90
2026-10-04,38,HAM0111,91.22
2026-10-04,39,HAM0111,96.32
2026-10-04,40,HAM0111,78.48
2026-10-04,41,HAM0111,113.00
2026-10-04,42,HAM0111,108.32
2026-10-04,43,HAM0111,84.22
2026-10-04,44,HAM0111,189.76
2026-10-04,45,HAM0111,99.01
2026-10-04,46,HAM0111,74.49
2026-10-04,47,HAM0111,68.71
2026-10-04,48,HAM0111,66.31
2026-10-04,1,HAM0331,21.94
2026-10-04,2,HAM0331,23.26
2026-10-04,3,HAM0331,21.74
2026-10-04,4,HAM0331,21.68
2026-10-04,5,HAM0331,24.27
2026-10-04,6,HAM0331,23.79
2026-10-04,7,HAM0331,22.63
2026-10-04,8,HAM0331,21.59
2026-10-04,9,HAM0331,21.56
2026-10-04,10,HAM0331,20.61
2026-10-04,11,HAM0331,12.27
2026-10-04,12,HAM0331,22.24
2026-10-04,13,HAM0331,17.22
2026-10-04,14,HAM0331,23.34
2026-10-04,15,HAM0331,23.30
2026-10-04,16,HAM0331,24.29
2026-10-04,17,HAM0331,23.43
2026-10-04,18,HAM0331,22.44
2026-10-04,19,HAM0331,23.96
2026-10-04,20,HAM0331,24.36
2026-10-04,21,HAM0331,8.32
2026-10-04,22,HAM0331,0.62
2026-10-04,23,HAM0331,0.11
2026-10-04,24,HAM0331,0.03
2026-10-04,25,HAM0331,3.04
2026-10-04,26,HAM0331,0.48
2026-10-04,27,HAM0331,0.02
2026-10-04,28,HAM0331,0.03
2026-10-04,29,HAM0331,0.07
2026-10-04,30,HAM0331,0.05
2026-10-04,31,HAM0331,0.02
2026-10-04,32,HAM0331,2.27
2026-10-04,33,HAM0331,6.38
2026-10-04,34,HAM0331,22.19
2026-10-04,35,HAM0331,30.89
2026-10-04,36,HAM0331,45.08
2026-10-04,37,HAM0331,51.72
2026-10-04,38,HAM0331,90.83
2026-10-04,39,HAM0331,95.84
2026-10-04,40,HAM0331,78.11
2026-10-04,41,HAM0331,112.53
2026-10-04,42,HAM0331,107.87
2026-10-04,43,HAM0331,83.88
2026-10-04,44,HAM0331,189.27
2026-10-04,45,HAM0331,98.66
2026-10-04,46,HAM0331,74.27
2026-10-04,47,HAM0331,68.61
2026-10-04,48,HAM0331,66.13
2026-10-04,1,HAM0551,21.90
2026-10-04,2,HAM0551,23.22
2026-10-04,3,HAM0551,21.70
2026-10-04,4,HAM0551,21.65
2026-10-04,5,HAM0551,24.23
2026-10-04,6,HAM0551,23.75
2026-10-04,7,HAM0551,22.59
2026-10-04,8,HAM0551,21.55
2026-10-04,9,HAM0551,21.52
2026-10-04,10,HAM0551,20.57
2026-10-04,11,HAM0551,12.25
2026-10-04,12,HAM0551,22.20
2026-10-04,13,HAM0551,17.19
2026-10-04,14,HAM0551,23.30
2026-10-04,15,HAM0551,23.26
2026-10-04,16,HAM0551,24.24
2026-10-04,17,HAM0551,23.36
2026-10-04,18,HAM0551,22.38
2026-10-04,19,HAM0551,23.89
2026-10-04,20,HAM0551,24.29
2026-10-04,21,HAM0551,8.30
2026-10-04,22,HAM0551,0.62
2026-10-04,23,HAM0551,0.11
2026-10-04,24,HAM0551,0.03
2026-10-04,25,HAM0551,3.03
2026-10-04,26,HAM0551,0.48
2026-10-04,27,HAM0551,0.02
2026-10-04,28,HAM0551,0.03
2026-10-04,29,HAM0551,0.07
2026-10-04,30,HAM0551,0.05
2026-10-04,31,HAM0551,0.02
2026-10-04,32,HAM0551,2.27
2026-10-04,33,HAM0551,6.37
2026-10-04,34,HAM0551,22.13
2026-10-04,35,HAM0551,30.81
2026-10-04,36,HAM0551,44.95
2026-10-04,37,HAM0551,51.58
2026-10-04,38,HAM0551,90.58
2026-10-04,39,HAM0551,95.57
2026-10-04,40,HAM0551,77.89
2026-10-04,41,HAM0551,112.22
2026-10-04,42,HAM0551,107.57
2026-10-04,43,HAM0551,83.65
2026-10-04,44,HAM0551,188.75
2026-10-04,45,HAM0551,98.38
2026-10-04,46,HAM0551,74.06
2026-10-04,47,HAM0551,68.50
2026-10-04,48,HAM0551,66.02
2026-10-04,1,HAM2201,21.89
2026-10-04,2,HAM2201,23.21
2026-10-04,3,HAM2201,21.69
2026-10-04,4,HAM2201,21.63
2026-10-04,5,HAM2201,24.21
2026-10-04,6,HAM2201,23.73
2026-10-04,7,HAM2201,22.57
2026-10-04,8,HAM2201,21.53
2026-10-04,9,HAM2201,21.51
2026-10-04,10,HAM2201,20.56
2026-10-04,11,HAM2201,12.24
2026-10-04,12,HAM2201,22.19
2026-10-04,13,HAM2201,17.18
2026-10-04,14,HAM2201,23.28
2026-10-04,15,HAM2201,23.25
2026-10-04,16,HAM2201,24.22
2026-10-04,17,HAM2201,23.35
2026-10-04,18,HAM2201,22.37
2026-10-04,19,HAM2201,23.87
2026-10-04,20,HAM2201,24.27
2026-10-04,21,HAM2201,8.29
2026-10-04,22,HAM2201,0.62
2026-10-04,23,HAM2201,0.11
2026-10-04,24,HAM2201,0.03
2026-10-04,25,HAM2201,3.03
2026-10-04,26,HAM2201,0.48
2026-10-04,27,HAM2201,0.02
2026-10-04,28,HAM2201,0.03
2026-10-04,29,HAM2201,0.07
2026-10-04,30,HAM2201,0.05
2026-10-04,31,HAM2201,0.02
2026-10-04,32,HAM2201,2.27
2026-10-04,33,HAM2201,6.37
2026-10-04,34,HAM2201,22.11
2026-10-04,35,HAM2201,30.79
2026-10-04,36,HAM2201,44.92
2026-10-04,37,HAM2201,51.54
2026-10-04,38,HAM2201,90.52
2026-10-04,39,HAM2201,95.51
2026-10-04,40,HAM2201,77.84
2026-10-04,41,HAM2201,112.15
2026-10-04,42,HAM2201,107.50
2026-10-04,43,HAM2201,83.59
2026-10-04,44,HAM2201,188.62
2026-10-04,45,HAM2201,98.32
2026-10-04,46,HAM2201,74.01
2026-10-04,47,HAM2201,68.46
2026-10-04,48,HAM2201,65.98
2026-10-04,1,HAY0111,20.92
2026-10-04,2,HAY0111,21.97
2026-10-04,3,HAY0111,20.80
2026-10-04,4,HAY0111,20.85
2026-10-04,5,HAY0111,23.29
2026-10-04,6,HAY0111,22.85
2026-10-04,7,HAY0111,21.73
2026-10-04,8,HAY0111,20.73
2026-10-04,9,HAY0111,20.71
2026-10-04,10,HAY0111,19.87
2026-10-04,11,HAY0111,11.67
2026-10-04,12,HAY0111,20.75
2026-10-04,13,HAY0111,15.88
2026-10-04,14,HAY0111,21.36
2026-10-04,15,HAY0111,21.39
2026-10-04,16,HAY0111,22.23
2026-10-04,17,HAY0111,21.64
2026-10-04,18,HAY0111,20.74
2026-10-04,19,HAY0111,21.95
2026-10-04,20,HAY0111,22.14
2026-10-04,21,HAY0111,7.54
2026-10-04,22,HAY0111,0.55
2026-10-04,23,HAY0111,0.10
2026-10-04,24,HAY0111,0.03
2026-10-04,25,HAY0111,2.70
2026-10-04,26,HAY0111,0.43
2026-10-04,27,HAY0111,0.02
2026-10-04,28,HAY0111,0.03
2026-10-04,29,HAY0111,0.07
2026-10-04,30,HAY0111,0.05
2026-10-04,31,HAY0111,0.02
2026-10-04,32,HAY0111,2.01
2026-10-04,33,HAY0111,5.59
2026-10-04,34,HAY0111,19.32
2026-10-04,35,HAY0111,26.90
2026-10-04,36,HAY0111,38.87
2026-10-04,37,HAY0111,44.22
2026-10-04,38,HAY0111,77.20
2026-10-04,39,HAY0111,80.78
2026-10-04,40,HAY0111,66.48
2026-10-04,41,HAY0111,95.96
2026-10-04,42,HAY0111,91.99
2026-10-04,43,HAY0111,71.61
2026-10-04,44,HAY0111,164.90
2026-10-04,45,HAY0111,85.25
2026-10-04,46,HAY0111,65.46
2026-10-04,47,HAY0111,61.69
2026-10-04,48,HAY0111,60.16
2026-10-04,1,HAY0331,20.91
2026-10-04,2,HAY0331,21.96
2026-10-04,3,HAY0331,20.79
2026-10-04,4,HAY0331,20.84
2026-10-04,5,HAY0331,23.28
2026-10-04,6,HAY0331,22.84
2026-10-04,7,HAY0331,21.72
2026-10-04,8,HAY0331,20.72
2026-10-04,9,HAY0331,20.71
2026-10-04,10,HAY0331,19.86
2026-10-04,11,HAY0331,11.67
2026-10-04,12,HAY0331,20.74
2026-10-04,13,HAY0331,15.88
2026-10-04,14,HAY0331,21.35
2026-10-04,15,HAY0331,21.38
2026-10-04,16,HAY0331,22.24
2026-10-04,17,HAY0331,21.65
2026-10-04,18,HAY0331,20.75
2026-10-04,19,HAY0331,21.96
2026-10-04,20,HAY0331,22.15
2026-10-04,21,HAY0331,7.55
2026-10-04,22,HAY0331,0.55
2026-10-04,23,HAY0331,0.10
2026-10-04,24,HAY0331,0.03
2026-10-04,25,HAY0331,2.70
2026-10-04,26,HAY0331,0.43
2026-10-04,27,HAY0331,0.02
2026-10-04,28,HAY0331,0.03
2026-10-04,29,HAY0331,0.07
2026-10-04,30,HAY0331,0.05
2026-10-04,31,HAY0331,0.02
2026-10-04,32,HAY0331,2.01
2026-10-04,33,HAY0331,5.58
2026-10-04,34,HAY0331,19.31
2026-10-04,35,HAY0331,26.89
2026-10-04,36,HAY0331,38.85
2026-10-04,37,HAY0331,44.22
2026-10-04,38,HAY0331,77.24
2026-10-04,39,HAY0331,80.82
2026-10-04,40,HAY0331,66.51
2026-10-04,41,HAY0331,96.00
2026-10-04,42,HAY0331,92.04
2026-10-04,43,HAY0331,71.65
2026-10-04,44,HAY0331,164.89
2026-10-04,45,HAY0331,85.29
2026-10-04,46,HAY0331,65.49
2026-10-04,47,HAY0331,61.68
2026-10-04,48,HAY0331,60.14
2026-10-04,1,HAY1101,20.90
2026-10-04,2,HAY1101,21.95
2026-10-04,3,HAY1101,20.77
2026-10-04,4,HAY1101,20.82
2026-10-04,5,HAY1101,23.26
2026-10-04,6,HAY1101,22.83
2026-10-04,7,HAY1101,21.71
2026-10-04,8,HAY1101,20.70
2026-10-04,9,HAY1101,20.69
2026-10-04,10,HAY1101,19.85
2026-10-04,11,HAY1101,11.66
2026-10-04,12,HAY1101,20.73
2026-10-04,13,HAY1101,15.87
2026-10-04,14,HAY1101,21.34
2026-10-04,15,HAY1101,21.36
2026-10-04,16,HAY1101,22.20
2026-10-04,17,HAY1101,21.62
2026-10-04,18,HAY1101,20.71
2026-10-04,19,HAY1101,21.93
2026-10-04,20,HAY1101,22.12
2026-10-04,21,HAY1101,7.54
2026-10-04,22,HAY1101,0.55
2026-10-04,23,HAY1101,0.10
2026-10-04,24,HAY1101,0.03
2026-10-04,25,HAY1101,2.70
2026-10-04,26,HAY1101,0.43
2026-10-04,27,HAY1101,0.02
2026-10-04,28,HAY1101,0.03
2026-10-04,29,HAY1101,0.07
2026-10-04,30,HAY1101,0.05
2026-10-04,31,HAY1101,0.02
2026-10-04,32,HAY1101,2.01
2026-10-04,33,HAY1101,5.58
2026-10-04,34,HAY1101,19.30
2026-10-04,35,HAY1101,26.87
2026-10-04,36,HAY1101,38.82
2026-10-04,37,HAY1101,44.17
2026-10-04,38,HAY1101,77.11
2026-10-04,39,HAY1101,80.69
2026-10-04,40,HAY1101,66.40
2026-10-04,41,HAY1101,95.85
2026-10-04,42,HAY1101,91.88
2026-10-04,43,HAY1101,71.53
2026-10-04,44,HAY1101,164.61
2026-10-04,45,HAY1101,85.15
2026-10-04,46,HAY1101,65.38
2026-10-04,47,HAY1101,61.62
2026-10-04,48,HAY1101,60.09
2026-10-04,1,HAY2201,20.90
2026-10-04,2,HAY2201,21.95
2026-10-04,3,HAY2201,20.77
2026-10-04,4,HAY2201,20.81
2026-10-04,5,HAY2201,23.25
2026-10-04,6,HAY2201,22.81
2026-10-04,7,HAY2201,21.69
2026-10-04,8,HAY2201,20.69
2026-10-04,9,HAY2201,20.68
2026-10-04,10,HAY2201,19.84
2026-10-04,11,HAY2201,11.66
2026-10-04,12,HAY2201,20.72
2026-10-04,13,HAY2201,15.86
2026-10-04,14,HAY2201,21.33
2026-10-04,15,HAY2201,21.35
2026-10-04,16,HAY2201,22.19
2026-10-04,17,HAY2201,21.61
2026-10-04,18,HAY2201,20.70
2026-10-04,19,HAY2201,21.91
2026-10-04,20,HAY2201,22.10
2026-10-04,21,HAY2201,7.53
2026-10-04,22,HAY2201,0.55
2026-10-04,23,HAY2201,0.10
2026-10-04,24,HAY2201,0.03
2026-10-04,25,HAY2201,2.70
2026-10-04,26,HAY2201,0.43
2026-10-04,27,HAY2201,0.02
2026-10-04,28,HAY2201,0.03
2026-10-04,29,HAY2201,0.07
2026-10-04,30,HAY2201,0.05
2026-10-04,31,HAY2201,0.02
2026-10-04,32,HAY2201,2.01
2026-10-04,33,HAY2201,5.58
2026-10-04,34,HAY2201,19.30
2026-10-04,35,HAY2201,26.87
2026-10-04,36,HAY2201,38.85
2026-10-04,37,HAY2201,44.20
2026-10-04,38,HAY2201,77.14
2026-10-04,39,HAY2201,80.68
2026-10-04,40,HAY2201,66.40
2026-10-04,41,HAY2201,95.84
2026-10-04,42,HAY2201,91.87
2026-10-04,43,HAY2201,71.50
2026-10-04,44,HAY2201,164.54
2026-10-04,45,HAY2201,85.13
2026-10-04,46,HAY2201,65.39
2026-10-04,47,HAY2201,61.62
2026-10-04,48,HAY2201,60.09
2026-10-04,1,HEN0331,22.24
2026-10-04,2,HEN0331,23.47
2026-10-04,3,HEN0331,21.93
2026-10-04,4,HEN0331,21.87
2026-10-04,5,HEN0331,24.50
2026-10-04,6,HEN0331,24.01
2026-10-04,7,HEN0331,22.84
2026-10-04,8,HEN0331,21.79
2026-10-04,9,HEN0331,21.76
2026-10-04,10,HEN0331,20.81
2026-10-04,11,HEN0331,12.38
2026-10-04,12,HEN0331,22.45
2026-10-04,13,HEN0331,17.37
2026-10-04,14,HEN0331,23.63
2026-10-04,15,HEN0331,23.70
2026-10-04,16,HEN0331,24.95
2026-10-04,17,HEN0331,24.16
2026-10-04,18,HEN0331,23.15
2026-10-04,19,HEN0331,24.73
2026-10-04,20,HEN0331,25.14
2026-10-04,21,HEN0331,8.60
2026-10-04,22,HEN0331,0.64
2026-10-04,23,HEN0331,0.11
2026-10-04,24,HEN0331,0.03
2026-10-04,25,HEN0331,3.14
2026-10-04,26,HEN0331,0.50
2026-10-04,27,HEN0331,0.02
2026-10-04,28,HEN0331,0.03
2026-10-04,29,HEN0331,0.08
2026-10-04,30,HEN0331,0.06
2026-10-04,31,HEN0331,0.02
2026-10-04,32,HEN0331,2.36
2026-10-04,33,HEN0331,6.61
2026-10-04,34,HEN0331,22.96
2026-10-04,35,HEN0331,32.01
2026-10-04,36,HEN0331,46.78
2026-10-04,37,HEN0331,53.66
2026-10-04,38,HEN0331,93.70
2026-10-04,39,HEN0331,99.42
2026-10-04,40,HEN0331,81.08
2026-10-04,41,HEN0331,116.84
2026-10-04,42,HEN0331,112.00
2026-10-04,43,HEN0331,87.21
2026-10-04,44,HEN0331,197.22
2026-10-04,45,HEN0331,102.70
2026-10-04,46,HEN0331,77.25
2026-10-04,47,HEN0331,71.37
2026-10-04,48,HEN0331,68.53
2026-10-04,1,HEN2201,22.17
2026-10-04,2,HEN2201,23.40
2026-10-04,3,HEN2201,21.86
2026-10-04,4,HEN2201,21.80
2026-10-04,5,HEN2201,24.42
2026-10-04,6,HEN2201,23.93
2026-10-04,7,HEN2201,22.77
2026-10-04,8,HEN2201,21.72
2026-10-04,9,HEN2201,21.69
2026-10-04,10,HEN2201,20.74
2026-10-04,11,HEN2201,12.35
2026-10-04,12,HEN2201,22.38
2026-10-04,13,HEN2201,17.32
2026-10-04,14,HEN2201,23.56
2026-10-04,15,HEN2201,23.62
2026-10-04,16,HEN2201,24.87
2026-10-04,17,HEN2201,24.08
2026-10-04,18,HEN2201,23.08
2026-10-04,19,HEN2201,24.65
2026-10-04,20,HEN2201,25.07
2026-10-04,21,HEN2201,8.57
2026-10-04,22,HEN2201,0.64
2026-10-04,23,HEN2201,0.11
2026-10-04,24,HEN2201,0.03
2026-10-04,25,HEN2201,3.13
2026-10-04,26,HEN2201,0.50
2026-10-04,27,HEN2201,0.02
2026-10-04,28,HEN2201,0.03
2026-10-04,29,HEN2201,0.08
2026-10-04,30,HEN2201,0.06
2026-10-04,31,HEN2201,0.02
2026-10-04,32,HEN2201,2.35
2026-10-04,33,HEN2201,6.59
2026-10-04,34,HEN2201,22.89
2026-10-04,35,HEN2201,31.88
2026-10-04,36,HEN2201,46.52
2026-10-04,37,HEN2201,53.36
2026-10-04,38,HEN2201,93.18
2026-10-04,39,HEN2201,98.87
2026-10-04,40,HEN2201,80.63
2026-10-04,41,HEN2201,116.19
2026-10-04,42,HEN2201,111.38
2026-10-04,43,HEN2201,86.52
2026-10-04,44,HEN2201,195.25
2026-10-04,45,HEN2201,101.67
2026-10-04,46,HEN2201,76.63
2026-10-04,47,HEN2201,70.80
2026-10-04,48,HEN2201,67.99
2026-10-04,1,HEP0331,22.23
2026-10-04,2,HEP0331,23.46
2026-10-04,3,HEP0331,21.91
2026-10-04,4,HEP0331,21.86
2026-10-04,5,HEP0331,24.40
2026-10-04,6,HEP0331,23.93
2026-10-04,7,HEP0331,22.76
2026-10-04,8,HEP0331,21.70
2026-10-04,9,HEP0331,21.67
2026-10-04,10,HEP0331,20.72
2026-10-04,11,HEP0331,12.33
2026-10-04,12,HEP0331,22.36
2026-10-04,13,HEP0331,17.35
2026-10-04,14,HEP0331,23.62
2026-10-04,15,HEP0331,23.71
2026-10-04,16,HEP0331,24.99
2026-10-04,17,HEP0331,24.22
2026-10-04,18,HEP0331,23.22
2026-10-04,19,HEP0331,24.80
2026-10-04,20,HEP0331,25.22
2026-10-04,21,HEP0331,8.62
2026-10-04,22,HEP0331,0.64
2026-10-04,23,HEP0331,0.11
2026-10-04,24,HEP0331,0.03
2026-10-04,25,HEP0331,3.15
2026-10-04,26,HEP0331,0.50
2026-10-04,27,HEP0331,0.02
2026-10-04,28,HEP0331,0.03
2026-10-04,29,HEP0331,0.08
2026-10-04,30,HEP0331,0.06
2026-10-04,31,HEP0331,0.02
2026-10-04,32,HEP0331,2.37
2026-10-04,33,HEP0331,6.63
2026-10-04,34,HEP0331,23.03
2026-10-04,35,HEP0331,32.07
2026-10-04,36,HEP0331,46.80
2026-10-04,37,HEP0331,53.69
2026-10-04,38,HEP0331,93.75
2026-10-04,39,HEP0331,99.25
2026-10-04,40,HEP0331,80.93
2026-10-04,41,HEP0331,116.63
2026-10-04,42,HEP0331,111.80
2026-10-04,43,HEP0331,86.93
2026-10-04,44,HEP0331,196.43
2026-10-04,45,HEP0331,102.27
2026-10-04,46,HEP0331,77.09
2026-10-04,47,HEP0331,71.22
2026-10-04,48,HEP0331,68.37
2026-10-04,1,HIN0331,22.06
2026-10-04,2,HIN0331,23.38
2026-10-04,3,HIN0331,21.85
2026-10-04,4,HIN0331,21.80
2026-10-04,5,HIN0331,24.39
2026-10-04,6,HIN0331,23.90
2026-10-04,7,HIN0331,22.74
2026-10-04,8,HIN0331,21.69
2026-10-04,9,HIN0331,21.66
2026-10-04,10,HIN0331,20.71
2026-10-04,11,HIN0331,12.35
2026-10-04,12,HIN0331,22.40
2026-10-04,13,HIN0331,17.52
2026-10-04,14,HIN0331,23.80
2026-10-04,15,HIN0331,23.70
2026-10-04,16,HIN0331,24.66
2026-10-04,17,HIN0331,23.89
2026-10-04,18,HIN0331,22.80
2026-10-04,19,HIN0331,24.27
2026-10-04,20,HIN0331,24.68
2026-10-04,21,HIN0331,8.44
2026-10-04,22,HIN0331,0.63
2026-10-04,23,HIN0331,0.11
2026-10-04,24,HIN0331,0.03
2026-10-04,25,HIN0331,3.05
2026-10-04,26,HIN0331,0.48
2026-10-04,27,HIN0331,0.02
2026-10-04,28,HIN0331,0.03
2026-10-04,29,HIN0331,0.07
2026-10-04,30,HIN0331,0.05
2026-10-04,31,HIN0331,0.02
2026-10-04,32,HIN0331,2.30
2026-10-04,33,HIN0331,6.46
2026-10-04,34,HIN0331,22.46
2026-10-04,35,HIN0331,31.28
2026-10-04,36,HIN0331,45.67
2026-10-04,37,HIN0331,52.47
2026-10-04,38,HIN0331,92.13
2026-10-04,39,HIN0331,96.81
2026-10-04,40,HIN0331,79.27
2026-10-04,41,HIN0331,113.50
2026-10-04,42,HIN0331,109.34
2026-10-04,43,HIN0331,85.07
2026-10-04,44,HIN0331,189.32
2026-10-04,45,HIN0331,98.93
2026-10-04,46,HIN0331,74.27
2026-10-04,47,HIN0331,68.60
2026-10-04,48,HIN0331,66.22
2026-10-04,1,HKK0661,21.61
2026-10-04,2,HKK0661,20.77
2026-10-04,3,HKK0661,20.75
2026-10-04,4,HKK0661,20.78
2026-10-04,5,HKK0661,23.21
2026-10-04,6,HKK0661,22.73
2026-10-04,7,HKK0661,21.49
2026-10-04,8,HKK0661,20.22
2026-10-04,9,HKK0661,20.27
2026-10-04,10,HKK0661,19.60
2026-10-04,11,HKK0661,11.65
2026-10-04,12,HKK0661,20.79
2026-10-04,13,HKK0661,16.25
2026-10-04,14,HKK0661,21.79
2026-10-04,15,HKK0661,22.32
2026-10-04,16,HKK0661,22.61
2026-10-04,17,HKK0661,22.58
2026-10-04,18,HKK0661,21.72
2026-10-04,19,HKK0661,21.60
2026-10-04,20,HKK0661,20.62
2026-10-04,21,HKK0661,5.67
2026-10-04,22,HKK0661,0.02
2026-10-04,23,HKK0661,0.02
2026-10-04,24,HKK0661,0.02
2026-10-04,25,HKK0661,2.64
2026-10-04,26,HKK0661,0.43
2026-10-04,27,HKK0661,0.02
2026-10-04,28,HKK0661,0.02
2026-10-04,29,HKK0661,0.02
2026-10-04,30,HKK0661,0.02
2026-10-04,31,HKK0661,0.02
2026-10-04,32,HKK0661,1.35
2026-10-04,33,HKK0661,1.55
2026-10-04,34,HKK0661,12.54
2026-10-04,35,HKK0661,18.97
2026-10-04,36,HKK0661,21.61
2026-10-04,37,HKK0661,22.24
2026-10-04,38,HKK0661,22.23
2026-10-04,39,HKK0661,22.36
2026-10-04,40,HKK0661,22.64
2026-10-04,41,HKK0661,50.51
2026-10-04,42,HKK0661,52.26
2026-10-04,43,HKK0661,50.66
2026-10-04,44,HKK0661,48.76
2026-10-04,45,HKK0661,50.95
2026-10-04,46,HKK0661,50.66
2026-10-04,47,HKK0661,52.51
2026-10-04,48,HKK0661,51.55
2026-10-04,1,HLY0331,21.96
2026-10-04,2,HLY0331,23.22
2026-10-04,3,HLY0331,21.67
2026-10-04,4,HLY0331,21.62
2026-10-04,5,HLY0331,24.19
2026-10-04,6,HLY0331,23.71
2026-10-04,7,HLY0331,22.56
2026-10-04,8,HLY0331,21.52
2026-10-04,9,HLY0331,21.49
2026-10-04,10,HLY0331,20.55
2026-10-04,11,HLY0331,12.23
2026-10-04,12,HLY0331,22.19
2026-10-04,13,HLY0331,17.19
2026-10-04,14,HLY0331,23.34
2026-10-04,15,HLY0331,23.36
2026-10-04,16,HLY0331,24.39
2026-10-04,17,HLY0331,23.60
2026-10-04,18,HLY0331,22.61
2026-10-04,19,HLY0331,24.13
2026-10-04,20,HLY0331,24.53
2026-10-04,21,HLY0331,8.38
2026-10-04,22,HLY0331,0.63
2026-10-04,23,HLY0331,0.11
2026-10-04,24,HLY0331,0.03
2026-10-04,25,HLY0331,3.06
2026-10-04,26,HLY0331,0.48
2026-10-04,27,HLY0331,0.02
2026-10-04,28,HLY0331,0.03
2026-10-04,29,HLY0331,0.07
2026-10-04,30,HLY0331,0.05
2026-10-04,31,HLY0331,0.02
2026-10-04,32,HLY0331,2.30
2026-10-04,33,HLY0331,6.44
2026-10-04,34,HLY0331,22.37
2026-10-04,35,HLY0331,31.13
2026-10-04,36,HLY0331,45.44
2026-10-04,37,HLY0331,52.11
2026-10-04,38,HLY0331,91.11
2026-10-04,39,HLY0331,96.06
2026-10-04,40,HLY0331,78.31
2026-10-04,41,HLY0331,112.86
2026-10-04,42,HLY0331,108.18
2026-10-04,43,HLY0331,84.13
2026-10-04,44,HLY0331,190.83
2026-10-04,45,HLY0331,99.39
2026-10-04,46,HLY0331,74.91
2026-10-04,47,HLY0331,69.27
2026-10-04,48,HLY0331,66.75
2026-10-04,1,HLY2201,21.95
2026-10-04,2,HLY2201,23.21
2026-10-04,3,HLY2201,21.66
2026-10-04,4,HLY2201,21.61
2026-10-04,5,HLY2201,24.18
2026-10-04,6,HLY2201,23.70
2026-10-04,7,HLY2201,22.55
2026-10-04,8,HLY2201,21.51
2026-10-04,9,HLY2201,21.48
2026-10-04,10,HLY2201,20.54
2026-10-04,11,HLY2201,12.22
2026-10-04,12,HLY2201,22.18
2026-10-04,13,HLY2201,17.18
2026-10-04,14,HLY2201,23.33
2026-10-04,15,HLY2201,23.35
2026-10-04,16,HLY2201,24.38
2026-10-04,17,HLY2201,23.59
2026-10-04,18,HLY2201,22.60
2026-10-04,19,HLY2201,24.11
2026-10-04,20,HLY2201,24.52
2026-10-04,21,HLY2201,8.38
2026-10-04,22,HLY2201,0.63
2026-10-04,23,HLY2201,0.11
2026-10-04,24,HLY2201,0.03
2026-10-04,25,HLY2201,3.06
2026-10-04,26,HLY2201,0.48
2026-10-04,27,HLY2201,0.02
2026-10-04,28,HLY2201,0.03
2026-10-04,29,HLY2201,0.07
2026-10-04,30,HLY2201,0.05
2026-10-04,31,HLY2201,0.02
2026-10-04,32,HLY2201,2.30
2026-10-04,33,HLY2201,6.44
2026-10-04,34,HLY2201,22.37
2026-10-04,35,HLY2201,31.14
2026-10-04,36,HLY2201,45.42
2026-10-04,37,HLY2201,52.09
2026-10-04,38,HLY2201,91.07
2026-10-04,39,HLY2201,96.02
2026-10-04,40,HLY2201,78.28
2026-10-04,41,HLY2201,112.81
2026-10-04,42,HLY2201,108.13
2026-10-04,43,HLY2201,84.09
2026-10-04,44,HLY2201,190.75
2026-10-04,45,HLY2201,99.34
2026-10-04,46,HLY2201,74.88
2026-10-04,47,HLY2201,69.24
2026-10-04,48,HLY2201,66.72
2026-10-04,1,HOB1101,22.01
2026-10-04,2,HOB1101,23.22
2026-10-04,3,HOB1101,21.70
2026-10-04,4,HOB1101,21.64
2026-10-04,5,HOB1101,24.22
2026-10-04,6,HOB1101,23.74
2026-10-04,7,HOB1101,22.59
2026-10-04,8,HOB1101,21.55
2026-10-04,9,HOB1101,21.52
2026-10-04,10,HOB1101,20.57
2026-10-04,11,HOB1101,12.24
2026-10-04,12,HOB1101,22.20
2026-10-04,13,HOB1101,17.18
2026-10-04,14,HOB1101,23.39
2026-10-04,15,HOB1101,23.44
2026-10-04,16,HOB1101,24.67
2026-10-04,17,HOB1101,23.89
2026-10-04,18,HOB1101,22.89
2026-10-04,19,HOB1101,24.45
2026-10-04,20,HOB1101,24.86
2026-10-04,21,HOB1101,8.50
2026-10-04,22,HOB1101,0.64
2026-10-04,23,HOB1101,0.11
2026-10-04,24,HOB1101,0.03
2026-10-04,25,HOB1101,3.11
2026-10-04,26,HOB1101,0.49
2026-10-04,27,HOB1101,0.02
2026-10-04,28,HOB1101,0.03
2026-10-04,29,HOB1101,0.07
2026-10-04,30,HOB1101,0.06
2026-10-04,31,HOB1101,0.02
2026-10-04,32,HOB1101,2.33
2026-10-04,33,HOB1101,6.54
2026-10-04,34,HOB1101,22.70
2026-10-04,35,HOB1101,31.62
2026-10-04,36,HOB1101,46.14
2026-10-04,37,HOB1101,52.91
2026-10-04,38,HOB1101,92.40
2026-10-04,39,HOB1101,97.46
2026-10-04,40,HOB1101,79.45
2026-10-04,41,HOB1101,114.49
2026-10-04,42,HOB1101,109.75
2026-10-04,43,HOB1101,85.35
2026-10-04,44,HOB1101,193.63
2026-10-04,45,HOB1101,100.84
2026-10-04,46,HOB1101,76.01
2026-10-04,47,HOB1101,70.22
2026-10-04,48,HOB1101,67.47
2026-10-04,1,HOR0331,21.03
2026-10-04,2,HOR0331,20.84
2026-10-04,3,HOR0331,20.82
2026-10-04,4,HOR0331,20.84
2026-10-04,5,HOR0331,23.30
2026-10-04,6,HOR0331,22.85
2026-10-04,7,HOR0331,21.70
2026-10-04,8,HOR0331,20.54
2026-10-04,9,HOR0331,20.54
2026-10-04,10,HOR0331,19.88
2026-10-04,11,HOR0331,11.73
2026-10-04,12,HOR0331,20.92
2026-10-04,13,HOR0331,16.09
2026-10-04,14,HOR0331,21.32
2026-10-04,15,HOR0331,21.25
2026-10-04,16,HOR0331,21.29
2026-10-04,17,HOR0331,21.17
2026-10-04,18,HOR0331,20.28
2026-10-04,19,HOR0331,20.41
2026-10-04,20,HOR0331,19.54
2026-10-04,21,HOR0331,5.38
2026-10-04,22,HOR0331,0.02
2026-10-04,23,HOR0331,0.02
2026-10-04,24,HOR0331,0.02
2026-10-04,25,HOR0331,2.50
2026-10-04,26,HOR0331,0.40
2026-10-04,27,HOR0331,0.02
2026-10-04,28,HOR0331,0.02
2026-10-04,29,HOR0331,0.02
2026-10-04,30,HOR0331,0.02
2026-10-04,31,HOR0331,0.02
2026-10-04,32,HOR0331,1.29
2026-10-04,33,HOR0331,1.47
2026-10-04,34,HOR0331,11.90
2026-10-04,35,HOR0331,17.92
2026-10-04,36,HOR0331,20.32
2026-10-04,37,HOR0331,21.02
2026-10-04,38,HOR0331,21.04
2026-10-04,39,HOR0331,21.18
2026-10-04,40,HOR0331,21.30
2026-10-04,41,HOR0331,50.19
2026-10-04,42,HOR0331,52.22
2026-10-04,43,HOR0331,50.84
2026-10-04,44,HOR0331,49.12
2026-10-04,45,HOR0331,52.10
2026-10-04,46,HOR0331,52.14
2026-10-04,47,HOR0331,52.17
2026-10-04,48,HOR0331,51.87
2026-10-04,1,HOR0661,20.97
2026-10-04,2,HOR0661,20.82
2026-10-04,3,HOR0661,20.80
2026-10-04,4,HOR0661,20.83
2026-10-04,5,HOR0661,23.28
2026-10-04,6,HOR0661,22.83
2026-10-04,7,HOR0661,21.68
2026-10-04,8,HOR0661,20.52
2026-10-04,9,HOR0661,20.52
2026-10-04,10,HOR0661,19.81
2026-10-04,11,HOR0661,11.69
2026-10-04,12,HOR0661,20.85
2026-10-04,13,HOR0661,16.03
2026-10-04,14,HOR0661,21.25
2026-10-04,15,HOR0661,21.18
2026-10-04,16,HOR0661,21.22
2026-10-04,17,HOR0661,21.09
2026-10-04,18,HOR0661,20.22
2026-10-04,19,HOR0661,20.34
2026-10-04,20,HOR0661,19.48
2026-10-04,21,HOR0661,5.36
2026-10-04,22,HOR0661,0.02
2026-10-04,23,HOR0661,0.02
2026-10-04,24,HOR0661,0.02
2026-10-04,25,HOR0661,2.50
2026-10-04,26,HOR0661,0.40
2026-10-04,27,HOR0661,0.02
2026-10-04,28,HOR0661,0.02
2026-10-04,29,HOR0661,0.02
2026-10-04,30,HOR0661,0.02
2026-10-04,31,HOR0661,0.02
2026-10-04,32,HOR0661,1.29
2026-10-04,33,HOR0661,1.47
2026-10-04,34,HOR0661,11.86
2026-10-04,35,HOR0661,17.86
2026-10-04,36,HOR0661,20.25
2026-10-04,37,HOR0661,20.94
2026-10-04,38,HOR0661,20.96
2026-10-04,39,HOR0661,21.11
2026-10-04,40,HOR0661,21.23
2026-10-04,41,HOR0661,50.02
2026-10-04,42,HOR0661,52.04
2026-10-04,43,HOR0661,50.67
2026-10-04,44,HOR0661,48.95
2026-10-04,45,HOR0661,51.92
2026-10-04,46,HOR0661,51.96
2026-10-04,47,HOR0661,51.99
2026-10-04,48,HOR0661,51.69
2026-10-04,1,HRP2201,20.43
2026-10-04,2,HRP2201,21.79
2026-10-04,3,HRP2201,20.45
2026-10-04,4,HRP2201,20.38
2026-10-04,5,HRP2201,22.88
2026-10-04,6,HRP2201,22.42
2026-10-04,7,HRP2201,21.29
2026-10-04,8,HRP2201,20.29
2026-10-04,9,HRP2201,20.31
2026-10-04,10,HRP2201,19.37
2026-10-04,11,HRP2201,11.58
2026-10-04,12,HRP2201,20.93
2026-10-04,13,HRP2201,16.20
2026-10-04,14,HRP2201,21.86
2026-10-04,15,HRP2201,21.71
2026-10-04,16,HRP2201,22.75
2026-10-04,17,HRP2201,21.98
2026-10-04,18,HRP2201,21.06
2026-10-04,19,HRP2201,22.50
2026-10-04,20,HRP2201,22.86
2026-10-04,21,HRP2201,7.80
2026-10-04,22,HRP2201,0.58
2026-10-04,23,HRP2201,0.10
2026-10-04,24,HRP2201,0.03
2026-10-04,25,HRP2201,2.85
2026-10-04,26,HRP2201,0.45
2026-10-04,27,HRP2201,0.02
2026-10-04,28,HRP2201,0.03
2026-10-04,29,HRP2201,0.07
2026-10-04,30,HRP2201,0.05
2026-10-04,31,HRP2201,0.02
2026-10-04,32,HRP2201,2.13
2026-10-04,33,HRP2201,5.98
2026-10-04,34,HRP2201,20.78
2026-10-04,35,HRP2201,28.90
2026-10-04,36,HRP2201,42.20
2026-10-04,37,HRP2201,48.39
2026-10-04,38,HRP2201,84.20
2026-10-04,39,HRP2201,89.23
2026-10-04,40,HRP2201,73.38
2026-10-04,41,HRP2201,105.76
2026-10-04,42,HRP2201,101.38
2026-10-04,43,HRP2201,78.84
2026-10-04,44,HRP2201,178.70
2026-10-04,45,HRP2201,92.72
2026-10-04,46,HRP2201,69.46
2026-10-04,47,HRP2201,64.39
2026-10-04,48,HRP2201,62.12
2026-10-04,1,HTI0331,22.32
2026-10-04,2,HTI0331,23.49
2026-10-04,3,HTI0331,21.97
2026-10-04,4,HTI0331,21.91
2026-10-04,5,HTI0331,24.76
2026-10-04,6,HTI0331,24.26
2026-10-04,7,HTI0331,23.08
2026-10-04,8,HTI0331,22.02
2026-10-04,9,HTI0331,21.99
2026-10-04,10,HTI0331,21.02
2026-10-04,11,HTI0331,12.49
2026-10-04,12,HTI0331,22.68
2026-10-04,13,HTI0331,17.62
2026-10-04,14,HTI0331,24.01
2026-10-04,15,HTI0331,23.96
2026-10-04,16,HTI0331,24.93
2026-10-04,17,HTI0331,24.09
2026-10-04,18,HTI0331,22.93
2026-10-04,19,HTI0331,24.27
2026-10-04,20,HTI0331,24.66
2026-10-04,21,HTI0331,8.47
2026-10-04,22,HTI0331,0.63
2026-10-04,23,HTI0331,0.11
2026-10-04,24,HTI0331,0.03
2026-10-04,25,HTI0331,3.07
2026-10-04,26,HTI0331,0.49
2026-10-04,27,HTI0331,0.02
2026-10-04,28,HTI0331,0.03
2026-10-04,29,HTI0331,0.07
2026-10-04,30,HTI0331,0.05
2026-10-04,31,HTI0331,0.02
2026-10-04,32,HTI0331,2.32
2026-10-04,33,HTI0331,6.52
2026-10-04,34,HTI0331,22.69
2026-10-04,35,HTI0331,31.29
2026-10-04,36,HTI0331,45.72
2026-10-04,37,HTI0331,52.62
2026-10-04,38,HTI0331,92.04
2026-10-04,39,HTI0331,96.62
2026-10-04,40,HTI0331,79.49
2026-10-04,41,HTI0331,113.76
2026-10-04,42,HTI0331,109.40
2026-10-04,43,HTI0331,85.01
2026-10-04,44,HTI0331,189.00
2026-10-04,45,HTI0331,99.77
2026-10-04,46,HTI0331,75.07
2026-10-04,47,HTI0331,69.41
2026-10-04,48,HTI0331,67.03
2026-10-04,1,HTI1101,22.24
2026-10-04,2,HTI1101,23.41
2026-10-04,3,HTI1101,21.89
2026-10-04,4,HTI1101,21.83
2026-10-04,5,HTI1101,24.67
2026-10-04,6,HTI1101,24.17
2026-10-04,7,HTI1101,22.99
2026-10-04,8,HTI1101,21.94
2026-10-04,9,HTI1101,21.91
2026-10-04,10,HTI1101,20.95
2026-10-04,11,HTI1101,12.45
2026-10-04,12,HTI1101,22.60
2026-10-04,13,HTI1101,17.56
2026-10-04,14,HTI1101,23.90
2026-10-04,15,HTI1101,23.82
2026-10-04,16,HTI1101,24.78
2026-10-04,17,HTI1101,23.93
2026-10-04,18,HTI1101,22.79
2026-10-04,19,HTI1101,24.16
2026-10-04,20,HTI1101,24.57
2026-10-04,21,HTI1101,8.43
2026-10-04,22,HTI1101,0.63
2026-10-04,23,HTI1101,0.11
2026-10-04,24,HTI1101,0.03
2026-10-04,25,HTI1101,3.06
2026-10-04,26,HTI1101,0.48
2026-10-04,27,HTI1101,0.02
2026-10-04,28,HTI1101,0.03
2026-10-04,29,HTI1101,0.07
2026-10-04,30,HTI1101,0.05
2026-10-04,31,HTI1101,0.02
2026-10-04,32,HTI1101,2.31
2026-10-04,33,HTI1101,6.49
2026-10-04,34,HTI1101,22.56
2026-10-04,35,HTI1101,31.13
2026-10-04,36,HTI1101,45.49
2026-10-04,37,HTI1101,52.33
2026-10-04,38,HTI1101,91.58
2026-10-04,39,HTI1101,96.02
2026-10-04,40,HTI1101,78.98
2026-10-04,41,HTI1101,113.17
2026-10-04,42,HTI1101,108.96
2026-10-04,43,HTI1101,84.71
2026-10-04,44,HTI1101,188.32
2026-10-04,45,HTI1101,99.41
2026-10-04,46,HTI1101,74.80
2026-10-04,47,HTI1101,69.15
2026-10-04,48,HTI1101,66.79
2026-10-04,1,HTU0331,21.32
2026-10-04,2,HTU0331,22.64
2026-10-04,3,HTU0331,21.20
2026-10-04,4,HTU0331,21.14
2026-10-04,5,HTU0331,23.66
2026-10-04,6,HTU0331,23.20
2026-10-04,7,HTU0331,22.07
2026-10-04,8,HTU0331,21.05
2026-10-04,9,HTU0331,21.02
2026-10-04,10,HTU0331,20.09
2026-10-04,11,HTU0331,11.97
2026-10-04,12,HTU0331,21.63
2026-10-04,13,HTU0331,16.73
2026-10-04,14,HTU0331,22.64
2026-10-04,15,HTU0331,22.58
2026-10-04,16,HTU0331,23.69
2026-10-04,17,HTU0331,22.91
2026-10-04,18,HTU0331,21.95
2026-10-04,19,HTU0331,23.44
2026-10-04,20,HTU0331,23.83
2026-10-04,21,HTU0331,8.14
2026-10-04,22,HTU0331,0.61
2026-10-04,23,HTU0331,0.11
2026-10-04,24,HTU0331,0.03
2026-10-04,25,HTU0331,2.97
2026-10-04,26,HTU0331,0.47
2026-10-04,27,HTU0331,0.02
2026-10-04,28,HTU0331,0.03
2026-10-04,29,HTU0331,0.07
2026-10-04,30,HTU0331,0.05
2026-10-04,31,HTU0331,0.02
2026-10-04,32,HTU0331,2.23
2026-10-04,33,HTU0331,6.25
2026-10-04,34,HTU0331,21.71
2026-10-04,35,HTU0331,30.28
2026-10-04,36,HTU0331,44.19
2026-10-04,37,HTU0331,50.68
2026-10-04,38,HTU0331,88.30
2026-10-04,39,HTU0331,93.19
2026-10-04,40,HTU0331,75.96
2026-10-04,41,HTU0331,109.47
2026-10-04,42,HTU0331,104.93
2026-10-04,43,HTU0331,81.63
2026-10-04,44,HTU0331,185.48
2026-10-04,45,HTU0331,96.58
2026-10-04,46,HTU0331,72.81
2026-10-04,47,HTU0331,67.23
2026-10-04,48,HTU0331,64.72
2026-10-04,1,HUI0331,21.76
2026-10-04,2,HUI0331,22.97
2026-10-04,3,HUI0331,21.58
2026-10-04,4,HUI0331,21.59
2026-10-04,5,HUI0331,24.12
2026-10-04,6,HUI0331,23.64
2026-10-04,7,HUI0331,22.48
2026-10-04,8,HUI0331,21.43
2026-10-04,9,HUI0331,21.40
2026-10-04,10,HUI0331,20.53
2026-10-04,11,HUI0331,12.13
2026-10-04,12,HUI0331,21.85
2026-10-04,13,HUI0331,17.03
2026-10-04,14,HUI0331,23.11
2026-10-04,15,HUI0331,23.10
2026-10-04,16,HUI0331,24.20
2026-10-04,17,HUI0331,23.46
2026-10-04,18,HUI0331,22.37
2026-10-04,19,HUI0331,23.68
2026-10-04,20,HUI0331,23.95
2026-10-04,21,HUI0331,8.16
2026-10-04,22,HUI0331,0.60
2026-10-04,23,HUI0331,0.11
2026-10-04,24,HUI0331,0.03
2026-10-04,25,HUI0331,2.90
2026-10-04,26,HUI0331,0.46
2026-10-04,27,HUI0331,0.02
2026-10-04,28,HUI0331,0.03
2026-10-04,29,HUI0331,0.07
2026-10-04,30,HUI0331,0.05
2026-10-04,31,HUI0331,0.02
2026-10-04,32,HUI0331,2.17
2026-10-04,33,HUI0331,6.08
2026-10-04,34,HUI0331,21.09
2026-10-04,35,HUI0331,29.39
2026-10-04,36,HUI0331,42.83
2026-10-04,37,HUI0331,48.93
2026-10-04,38,HUI0331,85.64
2026-10-04,39,HUI0331,89.95
2026-10-04,40,HUI0331,73.51
2026-10-04,41,HUI0331,106.06
2026-10-04,42,HUI0331,101.29
2026-10-04,43,HUI0331,78.70
2026-10-04,44,HUI0331,180.37
2026-10-04,45,HUI0331,93.63
2026-10-04,46,HUI0331,71.69
2026-10-04,47,HUI0331,67.40
2026-10-04,48,HUI0331,65.95
2026-10-04,1,HWA0331,21.78
2026-10-04,2,HWA0331,23.00
2026-10-04,3,HWA0331,21.60
2026-10-04,4,HWA0331,21.63
2026-10-04,5,HWA0331,24.09
2026-10-04,6,HWA0331,23.65
2026-10-04,7,HWA0331,22.49
2026-10-04,8,HWA0331,21.42
2026-10-04,9,HWA0331,21.39
2026-10-04,10,HWA0331,20.54
2026-10-04,11,HWA0331,12.12
2026-10-04,12,HWA0331,21.73
2026-10-04,13,HWA0331,16.99
2026-10-04,14,HWA0331,23.02
2026-10-04,15,HWA0331,23.10
2026-10-04,16,HWA0331,24.11
2026-10-04,17,HWA0331,23.37
2026-10-04,18,HWA0331,22.35
2026-10-04,19,HWA0331,23.62
2026-10-04,20,HWA0331,23.90
2026-10-04,21,HWA0331,8.13
2026-10-04,22,HWA0331,0.59
2026-10-04,23,HWA0331,0.10
2026-10-04,24,HWA0331,0.03
2026-10-04,25,HWA0331,2.88
2026-10-04,26,HWA0331,0.46
2026-10-04,27,HWA0331,0.02
2026-10-04,28,HWA0331,0.03
2026-10-04,29,HWA0331,0.07
2026-10-04,30,HWA0331,0.05
2026-10-04,31,HWA0331,0.02
2026-10-04,32,HWA0331,2.16
2026-10-04,33,HWA0331,6.04
2026-10-04,34,HWA0331,20.97
2026-10-04,35,HWA0331,29.23
2026-10-04,36,HWA0331,42.61
2026-10-04,37,HWA0331,48.67
2026-10-04,38,HWA0331,85.05
2026-10-04,39,HWA0331,89.04
2026-10-04,40,HWA0331,72.81
2026-10-04,41,HWA0331,105.22
2026-10-04,42,HWA0331,100.89
2026-10-04,43,HWA0331,78.51
2026-10-04,44,HWA0331,179.70
2026-10-04,45,HWA0331,93.46
2026-10-04,46,HWA0331,71.92
2026-10-04,47,HWA0331,67.68
2026-10-04,48,HWA0331,66.23
2026-10-04,1,HWA0332,21.79
2026-10-04,2,HWA0332,23.01
2026-10-04,3,HWA0332,21.61
2026-10-04,4,HWA0332,21.64
2026-10-04,5,HWA0332,24.10
2026-10-04,6,HWA0332,23.66
2026-10-04,7,HWA0332,22.50
2026-10-04,8,HWA0332,21.43
2026-10-04,9,HWA0332,21.40
2026-10-04,10,HWA0332,20.55
2026-10-04,11,HWA0332,12.13
2026-10-04,12,HWA0332,21.74
2026-10-04,13,HWA0332,16.99
2026-10-04,14,HWA0332,23.03
2026-10-04,15,HWA0332,23.12
2026-10-04,16,HWA0332,24.12
2026-10-04,17,HWA0332,23.38
2026-10-04,18,HWA0332,22.37
2026-10-04,19,HWA0332,23.63
2026-10-04,20,HWA0332,23.91
2026-10-04,21,HWA0332,8.13
2026-10-04,22,HWA0332,0.59
2026-10-04,23,HWA0332,0.10
2026-10-04,24,HWA0332,0.03
2026-10-04,25,HWA0332,2.89
2026-10-04,26,HWA0332,0.46
2026-10-04,27,HWA0332,0.02
2026-10-04,28,HWA0332,0.03
2026-10-04,29,HWA0332,0.07
2026-10-04,30,HWA0332,0.05
2026-10-04,31,HWA0332,0.02
2026-10-04,32,HWA0332,2.16
2026-10-04,33,HWA0332,6.04
2026-10-04,34,HWA0332,20.98
2026-10-04,35,HWA0332,29.24
2026-10-04,36,HWA0332,42.63
2026-10-04,37,HWA0332,48.69
2026-10-04,38,HWA0332,85.09
2026-10-04,39,HWA0332,89.09
2026-10-04,40,HWA0332,72.84
2026-10-04,41,HWA0332,105.28
2026-10-04,42,HWA0332,100.94
2026-10-04,43,HWA0332,78.55
2026-10-04,44,HWA0332,179.79
2026-10-04,45,HWA0332,93.50
2026-10-04,46,HWA0332,71.95
2026-10-04,47,HWA0332,67.71
2026-10-04,48,HWA0332,66.26
2026-10-04,1,HWA1101,21.73
2026-10-04,2,HWA1101,22.94
2026-10-04,3,HWA1101,21.55
2026-10-04,4,HWA1101,21.58
2026-10-04,5,HWA1101,24.03
2026-10-04,6,HWA1101,23.59
2026-10-04,7,HWA1101,22.44
2026-10-04,8,HWA1101,21.37
2026-10-04,9,HWA1101,21.34
2026-10-04,10,HWA1101,20.49
2026-10-04,11,HWA1101,12.09
2026-10-04,12,HWA1101,21.68
2026-10-04,13,HWA1101,16.95
2026-10-04,14,HWA1101,22.96
2026-10-04,15,HWA1101,23.05
2026-10-04,16,HWA1101,24.06
2026-10-04,17,HWA1101,23.32
2026-10-04,18,HWA1101,22.30
2026-10-04,19,HWA1101,23.57
2026-10-04,20,HWA1101,23.84
2026-10-04,21,HWA1101,8.11
2026-10-04,22,HWA1101,0.59
2026-10-04,23,HWA1101,0.10
2026-10-04,24,HWA1101,0.03
2026-10-04,25,HWA1101,2.88
2026-10-04,26,HWA1101,0.46
2026-10-04,27,HWA1101,0.02
2026-10-04,28,HWA1101,0.03
2026-10-04,29,HWA1101,0.07
2026-10-04,30,HWA1101,0.05
2026-10-04,31,HWA1101,0.02
2026-10-04,32,HWA1101,2.16
2026-10-04,33,HWA1101,6.03
2026-10-04,34,HWA1101,20.92
2026-10-04,35,HWA1101,29.16
2026-10-04,36,HWA1101,42.51
2026-10-04,37,HWA1101,48.55
2026-10-04,38,HWA1101,84.85
2026-10-04,39,HWA1101,88.84
2026-10-04,40,HWA1101,72.64
2026-10-04,41,HWA1101,104.98
2026-10-04,42,HWA1101,100.66
2026-10-04,43,HWA1101,78.32
2026-10-04,44,HWA1101,179.28
2026-10-04,45,HWA1101,93.24
2026-10-04,46,HWA1101,71.75
2026-10-04,47,HWA1101,67.52
2026-10-04,48,HWA1101,66.08
2026-10-04,1,HWA1102,21.73
2026-10-04,2,HWA1102,22.94
2026-10-04,3,HWA1102,21.55
2026-10-04,4,HWA1102,21.58
2026-10-04,5,HWA1102,24.03
2026-10-04,6,HWA1102,23.59
2026-10-04,7,HWA1102,22.44
2026-10-04,8,HWA1102,21.37
2026-10-04,9,HWA1102,21.34
2026-10-04,10,HWA1102,20.49
2026-10-04,11,HWA1102,12.09
2026-10-04,12,HWA1102,21.68
2026-10-04,13,HWA1102,16.95
2026-10-04,14,HWA1102,22.96
2026-10-04,15,HWA1102,23.05
2026-10-04,16,HWA1102,24.06
2026-10-04,17,HWA1102,23.32
2026-10-04,18,HWA1102,22.30
2026-10-04,19,HWA1102,23.57
2026-10-04,20,HWA1102,23.84
2026-10-04,21,HWA1102,8.11
2026-10-04,22,HWA1102,0.59
2026-10-04,23,HWA1102,0.10
2026-10-04,24,HWA1102,0.03
2026-10-04,25,HWA1102,2.88
2026-10-04,26,HWA1102,0.46
2026-10-04,27,HWA1102,0.02
2026-10-04,28,HWA1102,0.03
2026-10-04,29,HWA1102,0.07
2026-10-04,30,HWA1102,0.05
2026-10-04,31,HWA1102,0.02
2026-10-04,32,HWA1102,2.16
2026-10-04,33,HWA1102,6.03
2026-10-04,34,HWA1102,20.92
2026-10-04,35,HWA1102,29.16
2026-10-04,36,HWA1102,42.51
2026-10-04,37,HWA1102,48.55
2026-10-04,38,HWA1102,84.85
2026-10-04,39,HWA1102,88.84
2026-10-04,40,HWA1102,72.64
2026-10-04,41,HWA1102,104.98
2026-10-04,42,HWA1102,100.66
2026-10-04,43,HWA1102,78.32
2026-10-04,44,HWA1102,179.28
2026-10-04,45,HWA1102,93.24
2026-10-04,46,HWA1102,71.75
2026-10-04,47,HWA1102,67.52
2026-10-04,48,HWA1102,66.08
2026-10-04,1,HWB0331,19.66
2026-10-04,2,HWB0331,19.52
2026-10-04,3,HWB0331,19.48
2026-10-04,4,HWB0331,19.69
2026-10-04,5,HWB0331,22.15
2026-10-04,6,HWB0331,21.83
2026-10-04,7,HWB0331,20.71
2026-10-04,8,HWB0331,19.64
2026-10-04,9,HWB0331,19.64
2026-10-04,10,HWB0331,18.90
2026-10-04,11,HWB0331,10.94
2026-10-04,12,HWB0331,19.41
2026-10-04,13,HWB0331,14.71
2026-10-04,14,HWB0331,19.49
2026-10-04,15,HWB0331,19.47
2026-10-04,16,HWB0331,19.59
2026-10-04,17,HWB0331,19.48
2026-10-04,18,HWB0331,18.75
2026-10-04,19,HWB0331,19.00
2026-10-04,20,HWB0331,18.33
2026-10-04,21,HWB0331,5.10
2026-10-04,22,HWB0331,0.02
2026-10-04,23,HWB0331,0.02
2026-10-04,24,HWB0331,0.02
2026-10-04,25,HWB0331,2.51
2026-10-04,26,HWB0331,0.41
2026-10-04,27,HWB0331,0.02
2026-10-04,28,HWB0331,0.02
2026-10-04,29,HWB0331,0.02
2026-10-04,30,HWB0331,0.02
2026-10-04,31,HWB0331,0.02
2026-10-04,32,HWB0331,1.28
2026-10-04,33,HWB0331,1.46
2026-10-04,34,HWB0331,11.70
2026-10-04,35,HWB0331,17.49
2026-10-04,36,HWB0331,19.23
2026-10-04,37,HWB0331,19.45
2026-10-04,38,HWB0331,19.33
2026-10-04,39,HWB0331,19.31
2026-10-04,40,HWB0331,19.51
2026-10-04,41,HWB0331,46.09
2026-10-04,42,HWB0331,48.50
2026-10-04,43,HWB0331,47.05
2026-10-04,44,HWB0331,45.64
2026-10-04,45,HWB0331,48.47
2026-10-04,46,HWB0331,48.48
2026-10-04,47,HWB0331,48.57
2026-10-04,48,HWB0331,48.40
2026-10-04,1,HWB1101,19.56
2026-10-04,2,HWB1101,19.42
2026-10-04,3,HWB1101,19.41
2026-10-04,4,HWB1101,19.62
2026-10-04,5,HWB1101,22.09
2026-10-04,6,HWB1101,21.76
2026-10-04,7,HWB1101,20.65
2026-10-04,8,HWB1101,19.59
2026-10-04,9,HWB1101,19.59
2026-10-04,10,HWB1101,18.86
2026-10-04,11,HWB1101,10.91
2026-10-04,12,HWB1101,19.35
2026-10-04,13,HWB1101,14.65
2026-10-04,14,HWB1101,19.41
2026-10-04,15,HWB1101,19.39
2026-10-04,16,HWB1101,19.51
2026-10-04,17,HWB1101,19.41
2026-10-04,18,HWB1101,18.67
2026-10-04,19,HWB1101,18.92
2026-10-04,20,HWB1101,18.26
2026-10-04,21,HWB1101,5.08
2026-10-04,22,HWB1101,0.02
2026-10-04,23,HWB1101,0.02
2026-10-04,24,HWB1101,0.02
2026-10-04,25,HWB1101,2.50
2026-10-04,26,HWB1101,0.41
2026-10-04,27,HWB1101,0.02
2026-10-04,28,HWB1101,0.02
2026-10-04,29,HWB1101,0.02
2026-10-04,30,HWB1101,0.02
2026-10-04,31,HWB1101,0.02
2026-10-04,32,HWB1101,1.28
2026-10-04,33,HWB1101,1.46
2026-10-04,34,HWB1101,11.67
2026-10-04,35,HWB1101,17.44
2026-10-04,36,HWB1101,19.16
2026-10-04,37,HWB1101,19.38
2026-10-04,38,HWB1101,19.23
2026-10-04,39,HWB1101,19.21
2026-10-04,40,HWB1101,19.41
2026-10-04,41,HWB1101,45.81
2026-10-04,42,HWB1101,48.20
2026-10-04,43,HWB1101,46.76
2026-10-04,44,HWB1101,45.42
2026-10-04,45,HWB1101,48.23
2026-10-04,46,HWB1101,48.24
2026-10-04,47,HWB1101,48.38
2026-10-04,48,HWB1101,48.23
2026-10-04,1,HWB2201,19.62
2026-10-04,2,HWB2201,19.48
2026-10-04,3,HWB2201,19.47
2026-10-04,4,HWB2201,19.68
2026-10-04,5,HWB2201,22.14
2026-10-04,6,HWB2201,21.81
2026-10-04,7,HWB2201,20.70
2026-10-04,8,HWB2201,19.63
2026-10-04,9,HWB2201,19.63
2026-10-04,10,HWB2201,18.89
2026-10-04,11,HWB2201,10.94
2026-10-04,12,HWB2201,19.39
2026-10-04,13,HWB2201,14.68
2026-10-04,14,HWB2201,19.45
2026-10-04,15,HWB2201,19.44
2026-10-04,16,HWB2201,19.55
2026-10-04,17,HWB2201,19.45
2026-10-04,18,HWB2201,18.71
2026-10-04,19,HWB2201,18.96
2026-10-04,20,HWB2201,18.29
2026-10-04,21,HWB2201,5.09
2026-10-04,22,HWB2201,0.02
2026-10-04,23,HWB2201,0.02
2026-10-04,24,HWB2201,0.02
2026-10-04,25,HWB2201,2.51
2026-10-04,26,HWB2201,0.41
2026-10-04,27,HWB2201,0.02
2026-10-04,28,HWB2201,0.02
2026-10-04,29,HWB2201,0.02
2026-10-04,30,HWB2201,0.02
2026-10-04,31,HWB2201,0.02
2026-10-04,32,HWB2201,1.28
2026-10-04,33,HWB2201,1.46
2026-10-04,34,HWB2201,11.68
2026-10-04,35,HWB2201,17.46
2026-10-04,36,HWB2201,19.19
2026-10-04,37,HWB2201,19.42
2026-10-04,38,HWB2201,19.29
2026-10-04,39,HWB2201,19.27
2026-10-04,40,HWB2201,19.47
2026-10-04,41,HWB2201,46.00
2026-10-04,42,HWB2201,48.40
2026-10-04,43,HWB2201,46.96
2026-10-04,44,HWB2201,45.57
2026-10-04,45,HWB2201,48.38
2026-10-04,46,HWB2201,48.39
2026-10-04,47,HWB2201,48.52
2026-10-04,48,HWB2201,48.38
2026-10-04,1,INV0331,19.67
2026-10-04,2,INV0331,19.52
2026-10-04,3,INV0331,19.50
2026-10-04,4,INV0331,19.72
2026-10-04,5,INV0331,22.18
2026-10-04,6,INV0331,21.77
2026-10-04,7,INV0331,20.59
2026-10-04,8,INV0331,19.52
2026-10-04,9,INV0331,19.52
2026-10-04,10,INV0331,18.77
2026-10-04,11,INV0331,10.91
2026-10-04,12,INV0331,19.40
2026-10-04,13,INV0331,14.66
2026-10-04,14,INV0331,19.45
2026-10-04,15,INV0331,19.41
2026-10-04,16,INV0331,19.59
2026-10-04,17,INV0331,19.48
2026-10-04,18,INV0331,18.75
2026-10-04,19,INV0331,19.01
2026-10-04,20,INV0331,18.33
2026-10-04,21,INV0331,5.10
2026-10-04,22,INV0331,0.02
2026-10-04,23,INV0331,0.02
2026-10-04,24,INV0331,0.02
2026-10-04,25,INV0331,2.51
2026-10-04,26,INV0331,0.41
2026-10-04,27,INV0331,0.02
2026-10-04,28,INV0331,0.02
2026-10-04,29,INV0331,0.02
2026-10-04,30,INV0331,0.02
2026-10-04,31,INV0331,0.02
2026-10-04,32,INV0331,1.28
2026-10-04,33,INV0331,1.46
2026-10-04,34,INV0331,11.70
2026-10-04,35,INV0331,17.48
2026-10-04,36,INV0331,19.18
2026-10-04,37,INV0331,19.35
2026-10-04,38,INV0331,19.21
2026-10-04,39,INV0331,19.19
2026-10-04,40,INV0331,19.43
2026-10-04,41,INV0331,46.10
2026-10-04,42,INV0331,48.55
2026-10-04,43,INV0331,47.10
2026-10-04,44,INV0331,45.65
2026-10-04,45,INV0331,48.46
2026-10-04,46,INV0331,48.46
2026-10-04,47,INV0331,48.61
2026-10-04,48,INV0331,48.46
2026-10-04,1,INV0661,19.64
2026-10-04,2,INV0661,19.49
2026-10-04,3,INV0661,19.48
2026-10-04,4,INV0661,19.69
2026-10-04,5,INV0661,22.15
2026-10-04,6,INV0661,21.74
2026-10-04,7,INV0661,20.56
2026-10-04,8,INV0661,19.50
2026-10-04,9,INV0661,19.49
2026-10-04,10,INV0661,18.74
2026-10-04,11,INV0661,10.89
2026-10-04,12,INV0661,19.38
2026-10-04,13,INV0661,14.64
2026-10-04,14,INV0661,19.42
2026-10-04,15,INV0661,19.39
2026-10-04,16,INV0661,19.56
2026-10-04,17,INV0661,19.46
2026-10-04,18,INV0661,18.73
2026-10-04,19,INV0661,18.98
2026-10-04,20,INV0661,18.31
2026-10-04,21,INV0661,5.09
2026-10-04,22,INV0661,0.02
2026-10-04,23,INV0661,0.02
2026-10-04,24,INV0661,0.02
2026-10-04,25,INV0661,2.51
2026-10-04,26,INV0661,0.41
2026-10-04,27,INV0661,0.02
2026-10-04,28,INV0661,0.02
2026-10-04,29,INV0661,0.02
2026-10-04,30,INV0661,0.02
2026-10-04,31,INV0661,0.02
2026-10-04,32,INV0661,1.28
2026-10-04,33,INV0661,1.46
2026-10-04,34,INV0661,11.68
2026-10-04,35,INV0661,17.46
2026-10-04,36,INV0661,19.15
2026-10-04,37,INV0661,19.33
2026-10-04,38,INV0661,19.18
2026-10-04,39,INV0661,19.17
2026-10-04,40,INV0661,19.41
2026-10-04,41,INV0661,46.04
2026-10-04,42,INV0661,48.49
2026-10-04,43,INV0661,47.04
2026-10-04,44,INV0661,45.59
2026-10-04,45,INV0661,48.40
2026-10-04,46,INV0661,48.45
2026-10-04,47,INV0661,48.62
2026-10-04,48,INV0661,48.47
2026-10-04,1,INV2201,19.63
2026-10-04,2,INV2201,19.48
2026-10-04,3,INV2201,19.47
2026-10-04,4,INV2201,19.68
2026-10-04,5,INV2201,22.14
2026-10-04,6,INV2201,21.73
2026-10-04,7,INV2201,20.55
2026-10-04,8,INV2201,19.49
2026-10-04,9,INV2201,19.48
2026-10-04,10,INV2201,18.74
2026-10-04,11,INV2201,10.89
2026-10-04,12,INV2201,19.37
2026-10-04,13,INV2201,14.63
2026-10-04,14,INV2201,19.41
2026-10-04,15,INV2201,19.38
2026-10-04,16,INV2201,19.55
2026-10-04,17,INV2201,19.45
2026-10-04,18,INV2201,18.72
2026-10-04,19,INV2201,18.98
2026-10-04,20,INV2201,18.30
2026-10-04,21,INV2201,5.09
2026-10-04,22,INV2201,0.02
2026-10-04,23,INV2201,0.02
2026-10-04,24,INV2201,0.02
2026-10-04,25,INV2201,2.51
2026-10-04,26,INV2201,0.41
2026-10-04,27,INV2201,0.02
2026-10-04,28,INV2201,0.02
2026-10-04,29,INV2201,0.02
2026-10-04,30,INV2201,0.02
2026-10-04,31,INV2201,0.02
2026-10-04,32,INV2201,1.28
2026-10-04,33,INV2201,1.46
2026-10-04,34,INV2201,11.67
2026-10-04,35,INV2201,17.45
2026-10-04,36,INV2201,19.15
2026-10-04,37,INV2201,19.32
2026-10-04,38,INV2201,19.17
2026-10-04,39,INV2201,19.16
2026-10-04,40,INV2201,19.40
2026-10-04,41,INV2201,46.02
2026-10-04,42,INV2201,48.47
2026-10-04,43,INV2201,47.02
2026-10-04,44,INV2201,45.57
2026-10-04,45,INV2201,48.38
2026-10-04,46,INV2201,48.37
2026-10-04,47,INV2201,48.53
2026-10-04,48,INV2201,48.38
2026-10-04,1,INV2202,19.63
2026-10-04,2,INV2202,19.48
2026-10-04,3,INV2202,19.47
2026-10-04,4,INV2202,19.68
2026-10-04,5,INV2202,22.14
2026-10-04,6,INV2202,21.73
2026-10-04,7,INV2202,20.55
2026-10-04,8,INV2202,19.49
2026-10-04,9,INV2202,19.48
2026-10-04,10,INV2202,18.74
2026-10-04,11,INV2202,10.89
2026-10-04,12,INV2202,19.37
2026-10-04,13,INV2202,14.63
2026-10-04,14,INV2202,19.41
2026-10-04,15,INV2202,19.38
2026-10-04,16,INV2202,19.55
2026-10-04,17,INV2202,19.45
2026-10-04,18,INV2202,18.72
2026-10-04,19,INV2202,18.98
2026-10-04,20,INV2202,18.30
2026-10-04,21,INV2202,5.09
2026-10-04,22,INV2202,0.02
2026-10-04,23,INV2202,0.02
2026-10-04,24,INV2202,0.02
2026-10-04,25,INV2202,2.51
2026-10-04,26,INV2202,0.41
2026-10-04,27,INV2202,0.02
2026-10-04,28,INV2202,0.02
2026-10-04,29,INV2202,0.02
2026-10-04,30,INV2202,0.02
2026-10-04,31,INV2202,0.02
2026-10-04,32,INV2202,1.28
2026-10-04,33,INV2202,1.46
2026-10-04,34,INV2202,11.67
2026-10-04,35,INV2202,17.45
2026-10-04,36,INV2202,19.15
2026-10-04,37,INV2202,19.32
2026-10-04,38,INV2202,19.17
2026-10-04,39,INV2202,19.16
2026-10-04,40,INV2202,19.40
2026-10-04,41,INV2202,46.02
2026-10-04,42,INV2202,48.47
2026-10-04,43,INV2202,47.02
2026-10-04,44,INV2202,45.57
2026-10-04,45,INV2202,48.38
2026-10-04,46,INV2202,48.37
2026-10-04,47,INV2202,48.53
2026-10-04,48,INV2202,48.38
2026-10-04,1,ISL0331,21.26
2026-10-04,2,ISL0331,21.10
2026-10-04,3,ISL0331,21.08
2026-10-04,4,ISL0331,21.11
2026-10-04,5,ISL0331,23.60
2026-10-04,6,ISL0331,23.14
2026-10-04,7,ISL0331,22.01
2026-10-04,8,ISL0331,20.84
2026-10-04,9,ISL0331,20.85
2026-10-04,10,ISL0331,20.12
2026-10-04,11,ISL0331,11.85
2026-10-04,12,ISL0331,20.99
2026-10-04,13,ISL0331,15.90
2026-10-04,14,ISL0331,21.09
2026-10-04,15,ISL0331,21.13
2026-10-04,16,ISL0331,21.22
2026-10-04,17,ISL0331,21.09
2026-10-04,18,ISL0331,20.25
2026-10-04,19,ISL0331,20.48
2026-10-04,20,ISL0331,19.62
2026-10-04,21,ISL0331,5.41
2026-10-04,22,ISL0331,0.02
2026-10-04,23,ISL0331,0.02
2026-10-04,24,ISL0331,0.02
2026-10-04,25,ISL0331,2.54
2026-10-04,26,ISL0331,0.41
2026-10-04,27,ISL0331,0.02
2026-10-04,28,ISL0331,0.02
2026-10-04,29,ISL0331,0.02
2026-10-04,30,ISL0331,0.02
2026-10-04,31,ISL0331,0.02
2026-10-04,32,ISL0331,1.30
2026-10-04,33,ISL0331,1.48
2026-10-04,34,ISL0331,11.96
2026-10-04,35,ISL0331,18.18
2026-10-04,36,ISL0331,20.74
2026-10-04,37,ISL0331,21.09
2026-10-04,38,ISL0331,21.04
2026-10-04,39,ISL0331,21.16
2026-10-04,40,ISL0331,21.24
2026-10-04,41,ISL0331,50.23
2026-10-04,42,ISL0331,52.61
2026-10-04,43,ISL0331,51.28
2026-10-04,44,ISL0331,49.56
2026-10-04,45,ISL0331,52.61
2026-10-04,46,ISL0331,52.62
2026-10-04,47,ISL0331,52.66
2026-10-04,48,ISL0331,52.39
2026-10-04,1,ISL0661,21.24
2026-10-04,2,ISL0661,21.09
2026-10-04,3,ISL0661,21.07
2026-10-04,4,ISL0661,21.10
2026-10-04,5,ISL0661,23.59
2026-10-04,6,ISL0661,23.13
2026-10-04,7,ISL0661,21.99
2026-10-04,8,ISL0661,20.83
2026-10-04,9,ISL0661,20.84
2026-10-04,10,ISL0661,20.11
2026-10-04,11,ISL0661,11.84
2026-10-04,12,ISL0661,20.99
2026-10-04,13,ISL0661,15.90
2026-10-04,14,ISL0661,21.09
2026-10-04,15,ISL0661,21.11
2026-10-04,16,ISL0661,21.20
2026-10-04,17,ISL0661,21.07
2026-10-04,18,ISL0661,20.22
2026-10-04,19,ISL0661,20.45
2026-10-04,20,ISL0661,19.59
2026-10-04,21,ISL0661,5.39
2026-10-04,22,ISL0661,0.02
2026-10-04,23,ISL0661,0.02
2026-10-04,24,ISL0661,0.02
2026-10-04,25,ISL0661,2.54
2026-10-04,26,ISL0661,0.41
2026-10-04,27,ISL0661,0.02
2026-10-04,28,ISL0661,0.02
2026-10-04,29,ISL0661,0.02
2026-10-04,30,ISL0661,0.02
2026-10-04,31,ISL0661,0.02
2026-10-04,32,ISL0661,1.30
2026-10-04,33,ISL0661,1.48
2026-10-04,34,ISL0661,11.94
2026-10-04,35,ISL0661,18.15
2026-10-04,36,ISL0661,20.71
2026-10-04,37,ISL0661,21.06
2026-10-04,38,ISL0661,21.01
2026-10-04,39,ISL0661,21.14
2026-10-04,40,ISL0661,21.23
2026-10-04,41,ISL0661,50.24
2026-10-04,42,ISL0661,52.63
2026-10-04,43,ISL0661,51.30
2026-10-04,44,ISL0661,49.57
2026-10-04,45,ISL0661,52.60
2026-10-04,46,ISL0661,52.59
2026-10-04,47,ISL0661,52.64
2026-10-04,48,ISL0661,52.37
2026-10-04,1,ISL2201,21.21
2026-10-04,2,ISL2201,21.06
2026-10-04,3,ISL2201,21.04
2026-10-04,4,ISL2201,21.06
2026-10-04,5,ISL2201,23.55
2026-10-04,6,ISL2201,23.10
2026-10-04,7,ISL2201,21.96
2026-10-04,8,ISL2201,20.80
2026-10-04,9,ISL2201,20.81
2026-10-04,10,ISL2201,20.08
2026-10-04,11,ISL2201,11.83
2026-10-04,12,ISL2201,20.95
2026-10-04,13,ISL2201,15.86
2026-10-04,14,ISL2201,21.05
2026-10-04,15,ISL2201,21.08
2026-10-04,16,ISL2201,21.17
2026-10-04,17,ISL2201,21.04
2026-10-04,18,ISL2201,20.20
2026-10-04,19,ISL2201,20.43
2026-10-04,20,ISL2201,19.58
2026-10-04,21,ISL2201,5.39
2026-10-04,22,ISL2201,0.02
2026-10-04,23,ISL2201,0.02
2026-10-04,24,ISL2201,0.02
2026-10-04,25,ISL2201,2.54
2026-10-04,26,ISL2201,0.41
2026-10-04,27,ISL2201,0.02
2026-10-04,28,ISL2201,0.02
2026-10-04,29,ISL2201,0.02
2026-10-04,30,ISL2201,0.02
2026-10-04,31,ISL2201,0.02
2026-10-04,32,ISL2201,1.30
2026-10-04,33,ISL2201,1.48
2026-10-04,34,ISL2201,11.95
2026-10-04,35,ISL2201,18.14
2026-10-04,36,ISL2201,20.69
2026-10-04,37,ISL2201,21.04
2026-10-04,38,ISL2201,20.99
2026-10-04,39,ISL2201,21.11
2026-10-04,40,ISL2201,21.19
2026-10-04,41,ISL2201,50.12
2026-10-04,42,ISL2201,52.50
2026-10-04,43,ISL2201,51.17
2026-10-04,44,ISL2201,49.45
2026-10-04,45,ISL2201,52.50
2026-10-04,46,ISL2201,52.50
2026-10-04,47,ISL2201,52.55
2026-10-04,48,ISL2201,52.28
2026-10-04,1,JRD1101,21.68
2026-10-04,2,JRD1101,22.89
2026-10-04,3,JRD1101,21.50
2026-10-04,4,JRD1101,21.52
2026-10-04,5,JRD1101,24.04
2026-10-04,6,JRD1101,23.55
2026-10-04,7,JRD1101,22.40
2026-10-04,8,JRD1101,21.36
2026-10-04,9,JRD1101,21.33
2026-10-04,10,JRD1101,20.46
2026-10-04,11,JRD1101,12.09
2026-10-04,12,JRD1101,21.77
2026-10-04,13,JRD1101,16.97
2026-10-04,14,JRD1101,23.02
2026-10-04,15,JRD1101,23.03
2026-10-04,16,JRD1101,24.13
2026-10-04,17,JRD1101,23.43
2026-10-04,18,JRD1101,22.30
2026-10-04,19,JRD1101,23.60
2026-10-04,20,JRD1101,23.87
2026-10-04,21,JRD1101,8.13
2026-10-04,22,JRD1101,0.60
2026-10-04,23,JRD1101,0.11
2026-10-04,24,JRD1101,0.03
2026-10-04,25,JRD1101,2.89
2026-10-04,26,JRD1101,0.46
2026-10-04,27,JRD1101,0.02
2026-10-04,28,JRD1101,0.03
2026-10-04,29,JRD1101,0.07
2026-10-04,30,JRD1101,0.05
2026-10-04,31,JRD1101,0.02
2026-10-04,32,JRD1101,2.17
2026-10-04,33,JRD1101,6.06
2026-10-04,34,JRD1101,21.02
2026-10-04,35,JRD1101,29.28
2026-10-04,36,JRD1101,42.68
2026-10-04,37,JRD1101,48.76
2026-10-04,38,JRD1101,85.44
2026-10-04,39,JRD1101,89.61
2026-10-04,40,JRD1101,73.24
2026-10-04,41,JRD1101,105.66
2026-10-04,42,JRD1101,100.93
2026-10-04,43,JRD1101,78.42
2026-10-04,44,JRD1101,179.73
2026-10-04,45,JRD1101,93.30
2026-10-04,46,JRD1101,71.44
2026-10-04,47,JRD1101,67.16
2026-10-04,48,JRD1101,65.72
2026-10-04,1,KAI0111,22.75
2026-10-04,2,KAI0111,22.53
2026-10-04,3,KAI0111,22.50
2026-10-04,4,KAI0111,22.52
2026-10-04,5,KAI0111,25.18
2026-10-04,6,KAI0111,24.70
2026-10-04,7,KAI0111,23.48
2026-10-04,8,KAI0111,22.24
2026-10-04,9,KAI0111,22.25
2026-10-04,10,KAI0111,21.47
2026-10-04,11,KAI0111,12.70
2026-10-04,12,KAI0111,22.75
2026-10-04,13,KAI0111,17.51
2026-10-04,14,KAI0111,23.43
2026-10-04,15,KAI0111,23.59
2026-10-04,16,KAI0111,23.73
2026-10-04,17,KAI0111,23.61
2026-10-04,18,KAI0111,22.67
2026-10-04,19,KAI0111,22.91
2026-10-04,20,KAI0111,21.63
2026-10-04,21,KAI0111,5.89
2026-10-04,22,KAI0111,0.02
2026-10-04,23,KAI0111,0.02
2026-10-04,24,KAI0111,0.02
2026-10-04,25,KAI0111,2.65
2026-10-04,26,KAI0111,0.43
2026-10-04,27,KAI0111,0.02
2026-10-04,28,KAI0111,0.02
2026-10-04,29,KAI0111,0.02
2026-10-04,30,KAI0111,0.02
2026-10-04,31,KAI0111,0.02
2026-10-04,32,KAI0111,1.35
2026-10-04,33,KAI0111,1.54
2026-10-04,34,KAI0111,12.62
2026-10-04,35,KAI0111,19.45
2026-10-04,36,KAI0111,22.47
2026-10-04,37,KAI0111,23.45
2026-10-04,38,KAI0111,23.53
2026-10-04,39,KAI0111,23.67
2026-10-04,40,KAI0111,23.82
2026-10-04,41,KAI0111,56.31
2026-10-04,42,KAI0111,58.95
2026-10-04,43,KAI0111,57.33
2026-10-04,44,KAI0111,55.41
2026-10-04,45,KAI0111,58.83
2026-10-04,46,KAI0111,58.34
2026-10-04,47,KAI0111,58.41
2026-10-04,48,KAI0111,56.76
2026-10-04,1,KAW0111,19.08
2026-10-04,2,KAW0111,20.48
2026-10-04,3,KAW0111,19.20
2026-10-04,4,KAW0111,19.11
2026-10-04,5,KAW0111,21.18
2026-10-04,6,KAW0111,20.76
2026-10-04,7,KAW0111,19.83
2026-10-04,8,KAW0111,19.01
2026-10-04,9,KAW0111,18.99
2026-10-04,10,KAW0111,17.93
2026-10-04,11,KAW0111,10.63
2026-10-04,12,KAW0111,19.54
2026-10-04,13,KAW0111,14.23
2026-10-04,14,KAW0111,19.43
2026-10-04,15,KAW0111,19.20
2026-10-04,16,KAW0111,20.90
2026-10-04,17,KAW0111,19.31
2026-10-04,18,KAW0111,18.33
2026-10-04,19,KAW0111,20.33
2026-10-04,20,KAW0111,21.60
2026-10-04,21,KAW0111,7.38
2026-10-04,22,KAW0111,0.55
2026-10-04,23,KAW0111,0.10
2026-10-04,24,KAW0111,0.03
2026-10-04,25,KAW0111,2.70
2026-10-04,26,KAW0111,0.43
2026-10-04,27,KAW0111,0.02
2026-10-04,28,KAW0111,0.03
2026-10-04,29,KAW0111,0.06
2026-10-04,30,KAW0111,0.05
2026-10-04,31,KAW0111,0.02
2026-10-04,32,KAW0111,2.02
2026-10-04,33,KAW0111,5.66
2026-10-04,34,KAW0111,19.70
2026-10-04,35,KAW0111,27.35
2026-10-04,36,KAW0111,39.92
2026-10-04,37,KAW0111,45.79
2026-10-04,38,KAW0111,79.92
2026-10-04,39,KAW0111,85.22
2026-10-04,40,KAW0111,69.46
2026-10-04,41,KAW0111,100.11
2026-10-04,42,KAW0111,95.97
2026-10-04,43,KAW0111,73.60
2026-10-04,44,KAW0111,167.31
2026-10-04,45,KAW0111,87.14
2026-10-04,46,KAW0111,65.71
2026-10-04,47,KAW0111,60.83
2026-10-04,48,KAW0111,58.63
2026-10-04,1,KAW0112,18.98
2026-10-04,2,KAW0112,20.37
2026-10-04,3,KAW0112,19.10
2026-10-04,4,KAW0112,19.01
2026-10-04,5,KAW0112,21.07
2026-10-04,6,KAW0112,20.65
2026-10-04,7,KAW0112,19.73
2026-10-04,8,KAW0112,18.92
2026-10-04,9,KAW0112,18.90
2026-10-04,10,KAW0112,17.84
2026-10-04,11,KAW0112,10.57
2026-10-04,12,KAW0112,19.44
2026-10-04,13,KAW0112,14.15
2026-10-04,14,KAW0112,19.33
2026-10-04,15,KAW0112,19.10
2026-10-04,16,KAW0112,20.79
2026-10-04,17,KAW0112,19.21
2026-10-04,18,KAW0112,18.23
2026-10-04,19,KAW0112,20.22
2026-10-04,20,KAW0112,21.49
2026-10-04,21,KAW0112,7.35
2026-10-04,22,KAW0112,0.55
2026-10-04,23,KAW0112,0.10
2026-10-04,24,KAW0112,0.03
2026-10-04,25,KAW0112,2.68
2026-10-04,26,KAW0112,0.43
2026-10-04,27,KAW0112,0.02
2026-10-04,28,KAW0112,0.03
2026-10-04,29,KAW0112,0.06
2026-10-04,30,KAW0112,0.05
2026-10-04,31,KAW0112,0.02
2026-10-04,32,KAW0112,2.01
2026-10-04,33,KAW0112,5.63
2026-10-04,34,KAW0112,19.60
2026-10-04,35,KAW0112,27.21
2026-10-04,36,KAW0112,39.72
2026-10-04,37,KAW0112,45.55
2026-10-04,38,KAW0112,79.52
2026-10-04,39,KAW0112,84.78
2026-10-04,40,KAW0112,69.11
2026-10-04,41,KAW0112,99.60
2026-10-04,42,KAW0112,95.47
2026-10-04,43,KAW0112,73.22
2026-10-04,44,KAW0112,166.45
2026-10-04,45,KAW0112,86.69
2026-10-04,46,KAW0112,65.37
2026-10-04,47,KAW0112,60.52
2026-10-04,48,KAW0112,58.33
2026-10-04,1,KAW1101,18.99
2026-10-04,2,KAW1101,20.39
2026-10-04,3,KAW1101,19.11
2026-10-04,4,KAW1101,19.02
2026-10-04,5,KAW1101,21.08
2026-10-04,6,KAW1101,20.66
2026-10-04,7,KAW1101,19.74
2026-10-04,8,KAW1101,18.93
2026-10-04,9,KAW1101,18.91
2026-10-04,10,KAW1101,17.85
2026-10-04,11,KAW1101,10.58
2026-10-04,12,KAW1101,19.45
2026-10-04,13,KAW1101,14.16
2026-10-04,14,KAW1101,19.34
2026-10-04,15,KAW1101,19.11
2026-10-04,16,KAW1101,20.80
2026-10-04,17,KAW1101,19.22
2026-10-04,18,KAW1101,18.24
2026-10-04,19,KAW1101,20.24
2026-10-04,20,KAW1101,21.50
2026-10-04,21,KAW1101,7.35
2026-10-04,22,KAW1101,0.55
2026-10-04,23,KAW1101,0.10
2026-10-04,24,KAW1101,0.03
2026-10-04,25,KAW1101,2.69
2026-10-04,26,KAW1101,0.43
2026-10-04,27,KAW1101,0.02
2026-10-04,28,KAW1101,0.03
2026-10-04,29,KAW1101,0.06
2026-10-04,30,KAW1101,0.05
2026-10-04,31,KAW1101,0.02
2026-10-04,32,KAW1101,2.01
2026-10-04,33,KAW1101,5.64
2026-10-04,34,KAW1101,19.61
2026-10-04,35,KAW1101,27.23
2026-10-04,36,KAW1101,39.74
2026-10-04,37,KAW1101,45.58
2026-10-04,38,KAW1101,79.56
2026-10-04,39,KAW1101,84.83
2026-10-04,40,KAW1101,69.15
2026-10-04,41,KAW1101,99.65
2026-10-04,42,KAW1101,95.53
2026-10-04,43,KAW1101,73.26
2026-10-04,44,KAW1101,166.55
2026-10-04,45,KAW1101,86.74
2026-10-04,46,KAW1101,65.41
2026-10-04,47,KAW1101,60.55
2026-10-04,48,KAW1101,58.36
2026-10-04,1,KAW2201,19.01
2026-10-04,2,KAW2201,20.41
2026-10-04,3,KAW2201,19.13
2026-10-04,4,KAW2201,19.04
2026-10-04,5,KAW2201,21.10
2026-10-04,6,KAW2201,20.69
2026-10-04,7,KAW2201,19.76
2026-10-04,8,KAW2201,18.95
2026-10-04,9,KAW2201,18.93
2026-10-04,10,KAW2201,17.87
2026-10-04,11,KAW2201,10.59
2026-10-04,12,KAW2201,19.48
2026-10-04,13,KAW2201,14.18
2026-10-04,14,KAW2201,19.36
2026-10-04,15,KAW2201,19.13
2026-10-04,16,KAW2201,20.82
2026-10-04,17,KAW2201,19.24
2026-10-04,18,KAW2201,18.26
2026-10-04,19,KAW2201,20.26
2026-10-04,20,KAW2201,21.52
2026-10-04,21,KAW2201,7.36
2026-10-04,22,KAW2201,0.55
2026-10-04,23,KAW2201,0.10
2026-10-04,24,KAW2201,0.03
2026-10-04,25,KAW2201,2.69
2026-10-04,26,KAW2201,0.43
2026-10-04,27,KAW2201,0.02
2026-10-04,28,KAW2201,0.03
2026-10-04,29,KAW2201,0.06
2026-10-04,30,KAW2201,0.05
2026-10-04,31,KAW2201,0.02
2026-10-04,32,KAW2201,2.01
2026-10-04,33,KAW2201,5.64
2026-10-04,34,KAW2201,19.63
2026-10-04,35,KAW2201,27.26
2026-10-04,36,KAW2201,39.78
2026-10-04,37,KAW2201,45.63
2026-10-04,38,KAW2201,79.65
2026-10-04,39,KAW2201,84.92
2026-10-04,40,KAW2201,69.22
2026-10-04,41,KAW2201,99.76
2026-10-04,42,KAW2201,95.62
2026-10-04,43,KAW2201,73.34
2026-10-04,44,KAW2201,166.72
2026-10-04,45,KAW2201,86.83
2026-10-04,46,KAW2201,65.48
2026-10-04,47,KAW2201,60.62
2026-10-04,48,KAW2201,58.43
2026-10-04,1,KBY0661,21.06
2026-10-04,2,KBY0661,20.92
2026-10-04,3,KBY0661,20.90
2026-10-04,4,KBY0661,20.92
2026-10-04,5,KBY0661,23.39
2026-10-04,6,KBY0661,22.94
2026-10-04,7,KBY0661,21.79
2026-10-04,8,KBY0661,20.63
2026-10-04,9,KBY0661,20.63
2026-10-04,10,KBY0661,19.92
2026-10-04,11,KBY0661,11.75
2026-10-04,12,KBY0661,20.92
2026-10-04,13,KBY0661,16.09
2026-10-04,14,KBY0661,21.33
2026-10-04,15,KBY0661,21.29
2026-10-04,16,KBY0661,21.34
2026-10-04,17,KBY0661,21.22
2026-10-04,18,KBY0661,20.34
2026-10-04,19,KBY0661,20.50
2026-10-04,20,KBY0661,19.63
2026-10-04,21,KBY0661,5.40
2026-10-04,22,KBY0661,0.02
2026-10-04,23,KBY0661,0.02
2026-10-04,24,KBY0661,0.02
2026-10-04,25,KBY0661,2.52
2026-10-04,26,KBY0661,0.41
2026-10-04,27,KBY0661,0.02
2026-10-04,28,KBY0661,0.02
2026-10-04,29,KBY0661,0.02
2026-10-04,30,KBY0661,0.02
2026-10-04,31,KBY0661,0.02
2026-10-04,32,KBY0661,1.30
2026-10-04,33,KBY0661,1.48
2026-10-04,34,KBY0661,11.96
2026-10-04,35,KBY0661,18.00
2026-10-04,36,KBY0661,20.40
2026-10-04,37,KBY0661,21.11
2026-10-04,38,KBY0661,21.11
2026-10-04,39,KBY0661,21.25
2026-10-04,40,KBY0661,21.36
2026-10-04,41,KBY0661,50.25
2026-10-04,42,KBY0661,52.25
2026-10-04,43,KBY0661,50.89
2026-10-04,44,KBY0661,49.17
2026-10-04,45,KBY0661,52.16
2026-10-04,46,KBY0661,52.18
2026-10-04,47,KBY0661,52.22
2026-10-04,48,KBY0661,51.93
2026-10-04,1,KBY0662,21.06
2026-10-04,2,KBY0662,20.92
2026-10-04,3,KBY0662,20.90
2026-10-04,4,KBY0662,20.92
2026-10-04,5,KBY0662,23.39
2026-10-04,6,KBY0662,22.94
2026-10-04,7,KBY0662,21.79
2026-10-04,8,KBY0662,20.63
2026-10-04,9,KBY0662,20.63
2026-10-04,10,KBY0662,19.92
2026-10-04,11,KBY0662,11.75
2026-10-04,12,KBY0662,20.96
2026-10-04,13,KBY0662,16.09
2026-10-04,14,KBY0662,21.33
2026-10-04,15,KBY0662,21.29
2026-10-04,16,KBY0662,21.35
2026-10-04,17,KBY0662,21.22
2026-10-04,18,KBY0662,20.34
2026-10-04,19,KBY0662,20.50
2026-10-04,20,KBY0662,19.63
2026-10-04,21,KBY0662,5.40
2026-10-04,22,KBY0662,0.02
2026-10-04,23,KBY0662,0.02
2026-10-04,24,KBY0662,0.02
2026-10-04,25,KBY0662,2.52
2026-10-04,26,KBY0662,0.41
2026-10-04,27,KBY0662,0.02
2026-10-04,28,KBY0662,0.02
2026-10-04,29,KBY0662,0.02
2026-10-04,30,KBY0662,0.02
2026-10-04,31,KBY0662,0.02
2026-10-04,32,KBY0662,1.30
2026-10-04,33,KBY0662,1.48
2026-10-04,34,KBY0662,11.96
2026-10-04,35,KBY0662,18.00
2026-10-04,36,KBY0662,20.40
2026-10-04,37,KBY0662,21.11
2026-10-04,38,KBY0662,21.11
2026-10-04,39,KBY0662,21.25
2026-10-04,40,KBY0662,21.36
2026-10-04,41,KBY0662,50.25
2026-10-04,42,KBY0662,52.25
2026-10-04,43,KBY0662,50.89
2026-10-04,44,KBY0662,49.17
2026-10-04,45,KBY0662,52.16
2026-10-04,46,KBY0662,52.18
2026-10-04,47,KBY0662,52.22
2026-10-04,48,KBY0662,51.93
2026-10-04,1,KIK0111,21.45
2026-10-04,2,KIK0111,21.29
2026-10-04,3,KIK0111,21.27
2026-10-04,4,KIK0111,21.30
2026-10-04,5,KIK0111,23.82
2026-10-04,6,KIK0111,23.36
2026-10-04,7,KIK0111,22.22
2026-10-04,8,KIK0111,21.03
2026-10-04,9,KIK0111,21.05
2026-10-04,10,KIK0111,20.31
2026-10-04,11,KIK0111,11.96
2026-10-04,12,KIK0111,21.19
2026-10-04,13,KIK0111,16.11
2026-10-04,14,KIK0111,21.43
2026-10-04,15,KIK0111,21.48
2026-10-04,16,KIK0111,21.59
2026-10-04,17,KIK0111,21.54
2026-10-04,18,KIK0111,20.69
2026-10-04,19,KIK0111,20.87
2026-10-04,20,KIK0111,20.00
2026-10-04,21,KIK0111,5.51
2026-10-04,22,KIK0111,0.02
2026-10-04,23,KIK0111,0.02
2026-10-04,24,KIK0111,0.02
2026-10-04,25,KIK0111,2.58
2026-10-04,26,KIK0111,0.42
2026-10-04,27,KIK0111,0.02
2026-10-04,28,KIK0111,0.02
2026-10-04,29,KIK0111,0.02
2026-10-04,30,KIK0111,0.02
2026-10-04,31,KIK0111,0.02
2026-10-04,32,KIK0111,1.31
2026-10-04,33,KIK0111,1.50
2026-10-04,34,KIK0111,12.11
2026-10-04,35,KIK0111,18.40
2026-10-04,36,KIK0111,21.08
2026-10-04,37,KIK0111,21.49
2026-10-04,38,KIK0111,21.42
2026-10-04,39,KIK0111,21.58
2026-10-04,40,KIK0111,21.86
2026-10-04,41,KIK0111,51.62
2026-10-04,42,KIK0111,53.94
2026-10-04,43,KIK0111,52.12
2026-10-04,44,KIK0111,50.37
2026-10-04,45,KIK0111,53.48
2026-10-04,46,KIK0111,53.25
2026-10-04,47,KIK0111,53.32
2026-10-04,48,KIK0111,52.87
2026-10-04,1,KIK2201,21.45
2026-10-04,2,KIK2201,21.29
2026-10-04,3,KIK2201,21.27
2026-10-04,4,KIK2201,21.29
2026-10-04,5,KIK2201,23.81
2026-10-04,6,KIK2201,23.36
2026-10-04,7,KIK2201,22.21
2026-10-04,8,KIK2201,21.03
2026-10-04,9,KIK2201,21.05
2026-10-04,10,KIK2201,20.31
2026-10-04,11,KIK2201,11.96
2026-10-04,12,KIK2201,21.18
2026-10-04,13,KIK2201,16.11
2026-10-04,14,KIK2201,21.42
2026-10-04,15,KIK2201,21.47
2026-10-04,16,KIK2201,21.58
2026-10-04,17,KIK2201,21.53
2026-10-04,18,KIK2201,20.68
2026-10-04,19,KIK2201,20.86
2026-10-04,20,KIK2201,19.99
2026-10-04,21,KIK2201,5.51
2026-10-04,22,KIK2201,0.02
2026-10-04,23,KIK2201,0.02
2026-10-04,24,KIK2201,0.02
2026-10-04,25,KIK2201,2.58
2026-10-04,26,KIK2201,0.42
2026-10-04,27,KIK2201,0.02
2026-10-04,28,KIK2201,0.02
2026-10-04,29,KIK2201,0.02
2026-10-04,30,KIK2201,0.02
2026-10-04,31,KIK2201,0.02
2026-10-04,32,KIK2201,1.31
2026-10-04,33,KIK2201,1.50
2026-10-04,34,KIK2201,12.11
2026-10-04,35,KIK2201,18.39
2026-10-04,36,KIK2201,21.07
2026-10-04,37,KIK2201,21.48
2026-10-04,38,KIK2201,21.41
2026-10-04,39,KIK2201,21.57
2026-10-04,40,KIK2201,21.85
2026-10-04,41,KIK2201,51.60
2026-10-04,42,KIK2201,53.92
2026-10-04,43,KIK2201,52.09
2026-10-04,44,KIK2201,50.34
2026-10-04,45,KIK2201,53.45
2026-10-04,46,KIK2201,53.24
2026-10-04,47,KIK2201,53.31
2026-10-04,48,KIK2201,52.86
2026-10-04,1,KIN0111,20.72
2026-10-04,2,KIN0111,22.21
2026-10-04,3,KIN0111,20.80
2026-10-04,4,KIN0111,20.70
2026-10-04,5,KIN0111,23.21
2026-10-04,6,KIN0111,22.66
2026-10-04,7,KIN0111,21.53
2026-10-04,8,KIN0111,20.54
2026-10-04,9,KIN0111,20.52
2026-10-04,10,KIN0111,19.61
2026-10-04,11,KIN0111,11.69
2026-10-04,12,KIN0111,21.21
2026-10-04,13,KIN0111,16.46
2026-10-04,14,KIN0111,22.19
2026-10-04,15,KIN0111,21.96
2026-10-04,16,KIN0111,22.99
2026-10-04,17,KIN0111,22.23
2026-10-04,18,KIN0111,21.30
2026-10-04,19,KIN0111,22.69
2026-10-04,20,KIN0111,23.07
2026-10-04,21,KIN0111,7.84
2026-10-04,22,KIN0111,0.59
2026-10-04,23,KIN0111,0.11
2026-10-04,24,KIN0111,0.03
2026-10-04,25,KIN0111,2.85
2026-10-04,26,KIN0111,0.45
2026-10-04,27,KIN0111,0.02
2026-10-04,28,KIN0111,0.03
2026-10-04,29,KIN0111,0.07
2026-10-04,30,KIN0111,0.05
2026-10-04,31,KIN0111,0.02
2026-10-04,32,KIN0111,2.15
2026-10-04,33,KIN0111,6.02
2026-10-04,34,KIN0111,20.97
2026-10-04,35,KIN0111,29.19
2026-10-04,36,KIN0111,42.52
2026-10-04,37,KIN0111,48.47
2026-10-04,38,KIN0111,82.58
2026-10-04,39,KIN0111,87.12
2026-10-04,40,KIN0111,71.01
2026-10-04,41,KIN0111,102.34
2026-10-04,42,KIN0111,98.10
2026-10-04,43,KIN0111,76.05
2026-10-04,44,KIN0111,174.11
2026-10-04,45,KIN0111,92.93
2026-10-04,46,KIN0111,70.07
2026-10-04,47,KIN0111,64.79
2026-10-04,48,KIN0111,62.39
2026-10-04,1,KIN0112,20.58
2026-10-04,2,KIN0112,22.06
2026-10-04,3,KIN0112,20.66
2026-10-04,4,KIN0112,20.56
2026-10-04,5,KIN0112,23.05
2026-10-04,6,KIN0112,22.50
2026-10-04,7,KIN0112,21.38
2026-10-04,8,KIN0112,20.39
2026-10-04,9,KIN0112,20.38
2026-10-04,10,KIN0112,19.47
2026-10-04,11,KIN0112,11.61
2026-10-04,12,KIN0112,21.06
2026-10-04,13,KIN0112,16.34
2026-10-04,14,KIN0112,22.04
2026-10-04,15,KIN0112,21.81
2026-10-04,16,KIN0112,22.84
2026-10-04,17,KIN0112,22.08
2026-10-04,18,KIN0112,21.15
2026-10-04,19,KIN0112,22.53
2026-10-04,20,KIN0112,22.91
2026-10-04,21,KIN0112,7.79
2026-10-04,22,KIN0112,0.58
2026-10-04,23,KIN0112,0.10
2026-10-04,24,KIN0112,0.03
2026-10-04,25,KIN0112,2.83
2026-10-04,26,KIN0112,0.45
2026-10-04,27,KIN0112,0.02
2026-10-04,28,KIN0112,0.03
2026-10-04,29,KIN0112,0.07
2026-10-04,30,KIN0112,0.05
2026-10-04,31,KIN0112,0.02
2026-10-04,32,KIN0112,2.13
2026-10-04,33,KIN0112,5.98
2026-10-04,34,KIN0112,20.83
2026-10-04,35,KIN0112,28.99
2026-10-04,36,KIN0112,42.23
2026-10-04,37,KIN0112,48.14
2026-10-04,38,KIN0112,82.02
2026-10-04,39,KIN0112,86.53
2026-10-04,40,KIN0112,70.52
2026-10-04,41,KIN0112,101.64
2026-10-04,42,KIN0112,97.43
2026-10-04,43,KIN0112,75.53
2026-10-04,44,KIN0112,172.91
2026-10-04,45,KIN0112,92.30
2026-10-04,46,KIN0112,69.59
2026-10-04,47,KIN0112,64.35
2026-10-04,48,KIN0112,61.96
2026-10-04,1,KIN0113,20.72
2026-10-04,2,KIN0113,22.21
2026-10-04,3,KIN0113,20.80
2026-10-04,4,KIN0113,20.70
2026-10-04,5,KIN0113,23.21
2026-10-04,6,KIN0113,22.66
2026-10-04,7,KIN0113,21.53
2026-10-04,8,KIN0113,20.54
2026-10-04,9,KIN0113,20.52
2026-10-04,10,KIN0113,19.61
2026-10-04,11,KIN0113,11.69
2026-10-04,12,KIN0113,21.21
2026-10-04,13,KIN0113,16.46
2026-10-04,14,KIN0113,22.19
2026-10-04,15,KIN0113,21.96
2026-10-04,16,KIN0113,22.99
2026-10-04,17,KIN0113,22.23
2026-10-04,18,KIN0113,21.30
2026-10-04,19,KIN0113,22.69
2026-10-04,20,KIN0113,23.07
2026-10-04,21,KIN0113,7.84
2026-10-04,22,KIN0113,0.59
2026-10-04,23,KIN0113,0.11
2026-10-04,24,KIN0113,0.03
2026-10-04,25,KIN0113,2.85
2026-10-04,26,KIN0113,0.45
2026-10-04,27,KIN0113,0.02
2026-10-04,28,KIN0113,0.03
2026-10-04,29,KIN0113,0.07
2026-10-04,30,KIN0113,0.05
2026-10-04,31,KIN0113,0.02
2026-10-04,32,KIN0113,2.15
2026-10-04,33,KIN0113,6.02
2026-10-04,34,KIN0113,20.97
2026-10-04,35,KIN0113,29.19
2026-10-04,36,KIN0113,42.52
2026-10-04,37,KIN0113,48.47
2026-10-04,38,KIN0113,82.58
2026-10-04,39,KIN0113,87.12
2026-10-04,40,KIN0113,71.01
2026-10-04,41,KIN0113,102.34
2026-10-04,42,KIN0113,98.10
2026-10-04,43,KIN0113,76.05
2026-10-04,44,KIN0113,174.11
2026-10-04,45,KIN0113,92.93
2026-10-04,46,KIN0113,70.07
2026-10-04,47,KIN0113,64.79
2026-10-04,48,KIN0113,62.39
2026-10-04,1,KIN0331,20.67
2026-10-04,2,KIN0331,22.15
2026-10-04,3,KIN0331,20.75
2026-10-04,4,KIN0331,20.65
2026-10-04,5,KIN0331,23.15
2026-10-04,6,KIN0331,22.60
2026-10-04,7,KIN0331,21.48
2026-10-04,8,KIN0331,20.48
2026-10-04,9,KIN0331,20.46
2026-10-04,10,KIN0331,19.56
2026-10-04,11,KIN0331,11.66
2026-10-04,12,KIN0331,21.15
2026-10-04,13,KIN0331,16.42
2026-10-04,14,KIN0331,22.16
2026-10-04,15,KIN0331,21.93
2026-10-04,16,KIN0331,22.96
2026-10-04,17,KIN0331,22.20
2026-10-04,18,KIN0331,21.27
2026-10-04,19,KIN0331,22.66
2026-10-04,20,KIN0331,23.04
2026-10-04,21,KIN0331,7.83
2026-10-04,22,KIN0331,0.58
2026-10-04,23,KIN0331,0.10
2026-10-04,24,KIN0331,0.03
2026-10-04,25,KIN0331,2.84
2026-10-04,26,KIN0331,0.45
2026-10-04,27,KIN0331,0.02
2026-10-04,28,KIN0331,0.03
2026-10-04,29,KIN0331,0.07
2026-10-04,30,KIN0331,0.05
2026-10-04,31,KIN0331,0.02
2026-10-04,32,KIN0331,2.14
2026-10-04,33,KIN0331,6.01
2026-10-04,34,KIN0331,20.92
2026-10-04,35,KIN0331,29.12
2026-10-04,36,KIN0331,42.42
2026-10-04,37,KIN0331,48.35
2026-10-04,38,KIN0331,82.37
2026-10-04,39,KIN0331,86.91
2026-10-04,40,KIN0331,70.91
2026-10-04,41,KIN0331,102.18
2026-10-04,42,KIN0331,97.86
2026-10-04,43,KIN0331,75.86
2026-10-04,44,KIN0331,173.69
2026-10-04,45,KIN0331,92.70
2026-10-04,46,KIN0331,69.89
2026-10-04,47,KIN0331,64.63
2026-10-04,48,KIN0331,62.23
2026-10-04,1,KIW2201,19.61
2026-10-04,2,KIW2201,19.46
2026-10-04,3,KIW2201,19.45
2026-10-04,4,KIW2201,19.66
2026-10-04,5,KIW2201,22.12
2026-10-04,6,KIW2201,21.75
2026-10-04,7,KIW2201,20.59
2026-10-04,8,KIW2201,19.53
2026-10-04,9,KIW2201,19.52
2026-10-04,10,KIW2201,18.76
2026-10-04,11,KIW2201,10.89
2026-10-04,12,KIW2201,19.36
2026-10-04,13,KIW2201,14.63
2026-10-04,14,KIW2201,19.40
2026-10-04,15,KIW2201,19.38
2026-10-04,16,KIW2201,19.53
2026-10-04,17,KIW2201,19.43
2026-10-04,18,KIW2201,18.69
2026-10-04,19,KIW2201,18.94
2026-10-04,20,KIW2201,18.27
2026-10-04,21,KIW2201,5.09
2026-10-04,22,KIW2201,0.02
2026-10-04,23,KIW2201,0.02
2026-10-04,24,KIW2201,0.02
2026-10-04,25,KIW2201,2.50
2026-10-04,26,KIW2201,0.41
2026-10-04,27,KIW2201,0.02
2026-10-04,28,KIW2201,0.02
2026-10-04,29,KIW2201,0.02
2026-10-04,30,KIW2201,0.02
2026-10-04,31,KIW2201,0.02
2026-10-04,32,KIW2201,1.28
2026-10-04,33,KIW2201,1.46
2026-10-04,34,KIW2201,11.64
2026-10-04,35,KIW2201,17.40
2026-10-04,36,KIW2201,19.08
2026-10-04,37,KIW2201,19.28
2026-10-04,38,KIW2201,19.16
2026-10-04,39,KIW2201,19.14
2026-10-04,40,KIW2201,19.37
2026-10-04,41,KIW2201,46.00
2026-10-04,42,KIW2201,48.43
2026-10-04,43,KIW2201,46.99
2026-10-04,44,KIW2201,45.51
2026-10-04,45,KIW2201,48.32
2026-10-04,46,KIW2201,48.32
2026-10-04,47,KIW2201,48.47
2026-10-04,48,KIW2201,48.33
2026-10-04,1,KMO0331,21.05
2026-10-04,2,KMO0331,22.56
2026-10-04,3,KMO0331,21.18
2026-10-04,4,KMO0331,21.06
2026-10-04,5,KMO0331,23.54
2026-10-04,6,KMO0331,23.06
2026-10-04,7,KMO0331,21.94
2026-10-04,8,KMO0331,20.92
2026-10-04,9,KMO0331,20.90
2026-10-04,10,KMO0331,19.97
2026-10-04,11,KMO0331,11.89
2026-10-04,12,KMO0331,21.50
2026-10-04,13,KMO0331,16.69
2026-10-04,14,KMO0331,22.52
2026-10-04,15,KMO0331,22.28
2026-10-04,16,KMO0331,23.33
2026-10-04,17,KMO0331,22.56
2026-10-04,18,KMO0331,21.61
2026-10-04,19,KMO0331,23.09
2026-10-04,20,KMO0331,23.47
2026-10-04,21,KMO0331,7.99
2026-10-04,22,KMO0331,0.60
2026-10-04,23,KMO0331,0.11
2026-10-04,24,KMO0331,0.03
2026-10-04,25,KMO0331,2.90
2026-10-04,26,KMO0331,0.46
2026-10-04,27,KMO0331,0.02
2026-10-04,28,KMO0331,0.03
2026-10-04,29,KMO0331,0.07
2026-10-04,30,KMO0331,0.05
2026-10-04,31,KMO0331,0.02
2026-10-04,32,KMO0331,2.19
2026-10-04,33,KMO0331,6.14
2026-10-04,34,KMO0331,21.31
2026-10-04,35,KMO0331,29.64
2026-10-04,36,KMO0331,43.25
2026-10-04,37,KMO0331,49.61
2026-10-04,38,KMO0331,86.32
2026-10-04,39,KMO0331,91.08
2026-10-04,40,KMO0331,74.23
2026-10-04,41,KMO0331,106.99
2026-10-04,42,KMO0331,102.55
2026-10-04,43,KMO0331,79.73
2026-10-04,44,KMO0331,181.31
2026-10-04,45,KMO0331,94.41
2026-10-04,46,KMO0331,71.19
2026-10-04,47,KMO0331,65.89
2026-10-04,48,KMO0331,63.49
2026-10-04,1,KOE1101,22.11
2026-10-04,2,KOE1101,23.09
2026-10-04,3,KOE1101,21.56
2026-10-04,4,KOE1101,21.38
2026-10-04,5,KOE1101,24.10
2026-10-04,6,KOE1101,23.50
2026-10-04,7,KOE1101,22.39
2026-10-04,8,KOE1101,21.43
2026-10-04,9,KOE1101,21.40
2026-10-04,10,KOE1101,20.45
2026-10-04,11,KOE1101,12.19
2026-10-04,12,KOE1101,22.10
2026-10-04,13,KOE1101,17.41
2026-10-04,14,KOE1101,23.81
2026-10-04,15,KOE1101,23.89
2026-10-04,16,KOE1101,25.17
2026-10-04,17,KOE1101,24.37
2026-10-04,18,KOE1101,22.98
2026-10-04,19,KOE1101,24.33
2026-10-04,20,KOE1101,24.72
2026-10-04,21,KOE1101,8.47
2026-10-04,22,KOE1101,0.63
2026-10-04,23,KOE1101,0.11
2026-10-04,24,KOE1101,0.03
2026-10-04,25,KOE1101,3.02
2026-10-04,26,KOE1101,0.48
2026-10-04,27,KOE1101,0.02
2026-10-04,28,KOE1101,0.03
2026-10-04,29,KOE1101,0.07
2026-10-04,30,KOE1101,0.05
2026-10-04,31,KOE1101,0.02
2026-10-04,32,KOE1101,2.32
2026-10-04,33,KOE1101,6.52
2026-10-04,34,KOE1101,22.61
2026-10-04,35,KOE1101,31.72
2026-10-04,36,KOE1101,47.09
2026-10-04,37,KOE1101,54.13
2026-10-04,38,KOE1101,94.74
2026-10-04,39,KOE1101,101.22
2026-10-04,40,KOE1101,82.55
2026-10-04,41,KOE1101,118.96
2026-10-04,42,KOE1101,114.04
2026-10-04,43,KOE1101,87.75
2026-10-04,44,KOE1101,197.66
2026-10-04,45,KOE1101,102.86
2026-10-04,46,KOE1101,77.52
2026-10-04,47,KOE1101,71.63
2026-10-04,48,KOE1101,67.60
2026-10-04,1,KPA1101,21.55
2026-10-04,2,KPA1101,22.75
2026-10-04,3,KPA1101,21.37
2026-10-04,4,KPA1101,21.38
2026-10-04,5,KPA1101,23.89
2026-10-04,6,KPA1101,23.41
2026-10-04,7,KPA1101,22.26
2026-10-04,8,KPA1101,21.22
2026-10-04,9,KPA1101,21.19
2026-10-04,10,KPA1101,20.33
2026-10-04,11,KPA1101,12.02
2026-10-04,12,KPA1101,21.72
2026-10-04,13,KPA1101,16.93
2026-10-04,14,KPA1101,22.97
2026-10-04,15,KPA1101,22.95
2026-10-04,16,KPA1101,24.01
2026-10-04,17,KPA1101,23.24
2026-10-04,18,KPA1101,22.16
2026-10-04,19,KPA1101,23.46
2026-10-04,20,KPA1101,23.72
2026-10-04,21,KPA1101,8.09
2026-10-04,22,KPA1101,0.59
2026-10-04,23,KPA1101,0.10
2026-10-04,24,KPA1101,0.03
2026-10-04,25,KPA1101,2.87
2026-10-04,26,KPA1101,0.46
2026-10-04,27,KPA1101,0.02
2026-10-04,28,KPA1101,0.03
2026-10-04,29,KPA1101,0.07
2026-10-04,30,KPA1101,0.05
2026-10-04,31,KPA1101,0.02
2026-10-04,32,KPA1101,2.16
2026-10-04,33,KPA1101,6.05
2026-10-04,34,KPA1101,20.96
2026-10-04,35,KPA1101,29.12
2026-10-04,36,KPA1101,42.41
2026-10-04,37,KPA1101,48.46
2026-10-04,38,KPA1101,84.61
2026-10-04,39,KPA1101,88.68
2026-10-04,40,KPA1101,72.47
2026-10-04,41,KPA1101,104.56
2026-10-04,42,KPA1101,100.23
2026-10-04,43,KPA1101,77.94
2026-10-04,44,KPA1101,178.62
2026-10-04,45,KPA1101,92.72
2026-10-04,46,KPA1101,71.00
2026-10-04,47,KPA1101,66.75
2026-10-04,48,KPA1101,65.31
2026-10-04,1,KPO1101,21.99
2026-10-04,2,KPO1101,23.30
2026-10-04,3,KPO1101,21.78
2026-10-04,4,KPO1101,21.73
2026-10-04,5,KPO1101,24.31
2026-10-04,6,KPO1101,23.82
2026-10-04,7,KPO1101,22.66
2026-10-04,8,KPO1101,21.62
2026-10-04,9,KPO1101,21.59
2026-10-04,10,KPO1101,20.64
2026-10-04,11,KPO1101,12.31
2026-10-04,12,KPO1101,22.33
2026-10-04,13,KPO1101,17.31
2026-10-04,14,KPO1101,23.51
2026-10-04,15,KPO1101,23.42
2026-10-04,16,KPO1101,24.36
2026-10-04,17,KPO1101,23.59
2026-10-04,18,KPO1101,22.52
2026-10-04,19,KPO1101,23.98
2026-10-04,20,KPO1101,24.38
2026-10-04,21,KPO1101,8.34
2026-10-04,22,KPO1101,0.62
2026-10-04,23,KPO1101,0.11
2026-10-04,24,KPO1101,0.03
2026-10-04,25,KPO1101,3.04
2026-10-04,26,KPO1101,0.48
2026-10-04,27,KPO1101,0.02
2026-10-04,28,KPO1101,0.03
2026-10-04,29,KPO1101,0.07
2026-10-04,30,KPO1101,0.05
2026-10-04,31,KPO1101,0.02
2026-10-04,32,KPO1101,2.28
2026-10-04,33,KPO1101,6.39
2026-10-04,34,KPO1101,22.19
2026-10-04,35,KPO1101,30.91
2026-10-04,36,KPO1101,45.12
2026-10-04,37,KPO1101,51.83
2026-10-04,38,KPO1101,91.02
2026-10-04,39,KPO1101,95.65
2026-10-04,40,KPO1101,78.31
2026-10-04,41,KPO1101,112.14
2026-10-04,42,KPO1101,108.01
2026-10-04,43,KPO1101,84.04
2026-10-04,44,KPO1101,187.68
2026-10-04,45,KPO1101,98.61
2026-10-04,46,KPO1101,74.03
2026-10-04,47,KPO1101,68.38
2026-10-04,48,KPO1101,66.00
2026-10-04,1,KPU0661,22.87
2026-10-04,2,KPU0661,24.25
2026-10-04,3,KPU0661,22.67
2026-10-04,4,KPU0661,22.61
2026-10-04,5,KPU0661,25.30
2026-10-04,6,KPU0661,24.80
2026-10-04,7,KPU0661,23.57
2026-10-04,8,KPU0661,22.50
2026-10-04,9,KPU0661,22.46
2026-10-04,10,KPU0661,21.48
2026-10-04,11,KPU0661,12.79
2026-10-04,12,KPU0661,23.20
2026-10-04,13,KPU0661,17.98
2026-10-04,14,KPU0661,24.36
2026-10-04,15,KPU0661,24.32
2026-10-04,16,KPU0661,25.33
2026-10-04,17,KPU0661,24.39
2026-10-04,18,KPU0661,23.37
2026-10-04,19,KPU0661,24.62
2026-10-04,20,KPU0661,24.81
2026-10-04,21,KPU0661,8.45
2026-10-04,22,KPU0661,0.63
2026-10-04,23,KPU0661,0.11
2026-10-04,24,KPU0661,0.03
2026-10-04,25,KPU0661,2.97
2026-10-04,26,KPU0661,0.47
2026-10-04,27,KPU0661,0.02
2026-10-04,28,KPU0661,0.03
2026-10-04,29,KPU0661,0.07
2026-10-04,30,KPU0661,0.05
2026-10-04,31,KPU0661,0.02
2026-10-04,32,KPU0661,2.28
2026-10-04,33,KPU0661,6.40
2026-10-04,34,KPU0661,22.37
2026-10-04,35,KPU0661,31.37
2026-10-04,36,KPU0661,45.99
2026-10-04,37,KPU0661,53.40
2026-10-04,38,KPU0661,94.64
2026-10-04,39,KPU0661,100.65
2026-10-04,40,KPU0661,83.44
2026-10-04,41,KPU0661,120.14
2026-10-04,42,KPU0661,112.59
2026-10-04,43,KPU0661,87.43
2026-10-04,44,KPU0661,197.01
2026-10-04,45,KPU0661,102.80
2026-10-04,46,KPU0661,77.37
2026-10-04,47,KPU0661,71.54
2026-10-04,48,KPU0661,69.04
2026-10-04,1,KUM0661,21.40
2026-10-04,2,KUM0661,20.67
2026-10-04,3,KUM0661,20.65
2026-10-04,4,KUM0661,20.67
2026-10-04,5,KUM0661,23.08
2026-10-04,6,KUM0661,22.61
2026-10-04,7,KUM0661,21.37
2026-10-04,8,KUM0661,20.09
2026-10-04,9,KUM0661,20.14
2026-10-04,10,KUM0661,19.47
2026-10-04,11,KUM0661,11.59
2026-10-04,12,KUM0661,20.68
2026-10-04,13,KUM0661,16.19
2026-10-04,14,KUM0661,21.63
2026-10-04,15,KUM0661,21.97
2026-10-04,16,KUM0661,22.24
2026-10-04,17,KUM0661,22.21
2026-10-04,18,KUM0661,21.43
2026-10-04,19,KUM0661,21.34
2026-10-04,20,KUM0661,20.37
2026-10-04,21,KUM0661,5.60
2026-10-04,22,KUM0661,0.02
2026-10-04,23,KUM0661,0.02
2026-10-04,24,KUM0661,0.02
2026-10-04,25,KUM0661,2.61
2026-10-04,26,KUM0661,0.42
2026-10-04,27,KUM0661,0.02
2026-10-04,28,KUM0661,0.02
2026-10-04,29,KUM0661,0.02
2026-10-04,30,KUM0661,0.02
2026-10-04,31,KUM0661,0.02
2026-10-04,32,KUM0661,1.34
2026-10-04,33,KUM0661,1.53
2026-10-04,34,KUM0661,12.39
2026-10-04,35,KUM0661,18.74
2026-10-04,36,KUM0661,21.37
2026-10-04,37,KUM0661,21.97
2026-10-04,38,KUM0661,21.88
2026-10-04,39,KUM0661,21.97
2026-10-04,40,KUM0661,22.25
2026-10-04,41,KUM0661,50.20
2026-10-04,42,KUM0661,52.03
2026-10-04,43,KUM0661,50.41
2026-10-04,44,KUM0661,48.52
2026-10-04,45,KUM0661,50.69
2026-10-04,46,KUM0661,50.42
2026-10-04,47,KUM0661,51.69
2026-10-04,48,KUM0661,51.29
2026-10-04,1,KWA0111,20.94
2026-10-04,2,KWA0111,21.99
2026-10-04,3,KWA0111,20.82
2026-10-04,4,KWA0111,20.85
2026-10-04,5,KWA0111,23.28
2026-10-04,6,KWA0111,22.85
2026-10-04,7,KWA0111,21.73
2026-10-04,8,KWA0111,20.72
2026-10-04,9,KWA0111,20.71
2026-10-04,10,KWA0111,19.87
2026-10-04,11,KWA0111,11.67
2026-10-04,12,KWA0111,20.76
2026-10-04,13,KWA0111,15.91
2026-10-04,14,KWA0111,21.40
2026-10-04,15,KWA0111,21.43
2026-10-04,16,KWA0111,22.27
2026-10-04,17,KWA0111,21.68
2026-10-04,18,KWA0111,20.78
2026-10-04,19,KWA0111,21.99
2026-10-04,20,KWA0111,22.18
2026-10-04,21,KWA0111,7.56
2026-10-04,22,KWA0111,0.55
2026-10-04,23,KWA0111,0.10
2026-10-04,24,KWA0111,0.03
2026-10-04,25,KWA0111,2.72
2026-10-04,26,KWA0111,0.44
2026-10-04,27,KWA0111,0.02
2026-10-04,28,KWA0111,0.03
2026-10-04,29,KWA0111,0.07
2026-10-04,30,KWA0111,0.05
2026-10-04,31,KWA0111,0.02
2026-10-04,32,KWA0111,2.02
2026-10-04,33,KWA0111,5.61
2026-10-04,34,KWA0111,19.41
2026-10-04,35,KWA0111,27.03
2026-10-04,36,KWA0111,39.06
2026-10-04,37,KWA0111,44.44
2026-10-04,38,KWA0111,77.57
2026-10-04,39,KWA0111,81.17
2026-10-04,40,KWA0111,66.80
2026-10-04,41,KWA0111,96.43
2026-10-04,42,KWA0111,92.44
2026-10-04,43,KWA0111,71.96
2026-10-04,44,KWA0111,165.54
2026-10-04,45,KWA0111,85.64
2026-10-04,46,KWA0111,65.76
2026-10-04,47,KWA0111,61.98
2026-10-04,48,KWA0111,60.45
2026-10-04,1,LFD1101,20.68
2026-10-04,2,LFD1101,22.19
2026-10-04,3,LFD1101,20.85
2026-10-04,4,LFD1101,20.73
2026-10-04,5,LFD1101,23.18
2026-10-04,6,LFD1101,22.69
2026-10-04,7,LFD1101,21.58
2026-10-04,8,LFD1101,20.58
2026-10-04,9,LFD1101,20.56
2026-10-04,10,LFD1101,19.65
2026-10-04,11,LFD1101,11.70
2026-10-04,12,LFD1101,21.16
2026-10-04,13,LFD1101,16.43
2026-10-04,14,LFD1101,22.15
2026-10-04,15,LFD1101,21.91
2026-10-04,16,LFD1101,22.94
2026-10-04,17,LFD1101,22.18
2026-10-04,18,LFD1101,21.25
2026-10-04,19,LFD1101,22.72
2026-10-04,20,LFD1101,23.09
2026-10-04,21,LFD1101,7.86
2026-10-04,22,LFD1101,0.59
2026-10-04,23,LFD1101,0.11
2026-10-04,24,LFD1101,0.03
2026-10-04,25,LFD1101,2.85
2026-10-04,26,LFD1101,0.45
2026-10-04,27,LFD1101,0.02
2026-10-04,28,LFD1101,0.03
2026-10-04,29,LFD1101,0.07
2026-10-04,30,LFD1101,0.05
2026-10-04,31,LFD1101,0.02
2026-10-04,32,LFD1101,2.15
2026-10-04,33,LFD1101,6.03
2026-10-04,34,LFD1101,20.96
2026-10-04,35,LFD1101,29.13
2026-10-04,36,LFD1101,42.51
2026-10-04,37,LFD1101,48.52
2026-10-04,38,LFD1101,83.15
2026-10-04,39,LFD1101,87.74
2026-10-04,40,LFD1101,71.51
2026-10-04,41,LFD1101,103.06
2026-10-04,42,LFD1101,98.79
2026-10-04,43,LFD1101,76.62
2026-10-04,44,LFD1101,175.40
2026-10-04,45,LFD1101,92.75
2026-10-04,46,LFD1101,69.93
2026-10-04,47,LFD1101,64.71
2026-10-04,48,LFD1101,62.36
2026-10-04,1,LFD1102,20.68
2026-10-04,2,LFD1102,22.19
2026-10-04,3,LFD1102,20.85
2026-10-04,4,LFD1102,20.73
2026-10-04,5,LFD1102,23.18
2026-10-04,6,LFD1102,22.69
2026-10-04,7,LFD1102,21.58
2026-10-04,8,LFD1102,20.58
2026-10-04,9,LFD1102,20.56
2026-10-04,10,LFD1102,19.65
2026-10-04,11,LFD1102,11.70
2026-10-04,12,LFD1102,21.16
2026-10-04,13,LFD1102,16.43
2026-10-04,14,LFD1102,22.15
2026-10-04,15,LFD1102,21.91
2026-10-04,16,LFD1102,22.94
2026-10-04,17,LFD1102,22.18
2026-10-04,18,LFD1102,21.25
2026-10-04,19,LFD1102,22.72
2026-10-04,20,LFD1102,23.09
2026-10-04,21,LFD1102,7.86
2026-10-04,22,LFD1102,0.59
2026-10-04,23,LFD1102,0.11
2026-10-04,24,LFD1102,0.03
2026-10-04,25,LFD1102,2.85
2026-10-04,26,LFD1102,0.45
2026-10-04,27,LFD1102,0.02
2026-10-04,28,LFD1102,0.03
2026-10-04,29,LFD1102,0.07
2026-10-04,30,LFD1102,0.05
2026-10-04,31,LFD1102,0.02
2026-10-04,32,LFD1102,2.15
2026-10-04,33,LFD1102,6.03
2026-10-04,34,LFD1102,20.96
2026-10-04,35,LFD1102,29.13
2026-10-04,36,LFD1102,42.51
2026-10-04,37,LFD1102,48.52
2026-10-04,38,LFD1102,83.15
2026-10-04,39,LFD1102,87.74
2026-10-04,40,LFD1102,71.51
2026-10-04,41,LFD1102,103.06
2026-10-04,42,LFD1102,98.79
2026-10-04,43,LFD1102,76.62
2026-10-04,44,LFD1102,175.40
2026-10-04,45,LFD1102,92.75
2026-10-04,46,LFD1102,69.93
2026-10-04,47,LFD1102,64.71
2026-10-04,48,LFD1102,62.36
2026-10-04,1,LTN0331,21.09
2026-10-04,2,LTN0331,22.17
2026-10-04,3,LTN0331,20.97
2026-10-04,4,LTN0331,21.02
2026-10-04,5,LTN0331,23.46
2026-10-04,6,LTN0331,23.02
2026-10-04,7,LTN0331,21.89
2026-10-04,8,LTN0331,20.88
2026-10-04,9,LTN0331,20.86
2026-10-04,10,LTN0331,20.02
2026-10-04,11,LTN0331,11.77
2026-10-04,12,LTN0331,20.97
2026-10-04,13,LTN0331,16.11
2026-10-04,14,LTN0331,21.75
2026-10-04,15,LTN0331,21.74
2026-10-04,16,LTN0331,22.68
2026-10-04,17,LTN0331,22.01
2026-10-04,18,LTN0331,21.07
2026-10-04,19,LTN0331,22.31
2026-10-04,20,LTN0331,22.62
2026-10-04,21,LTN0331,7.71
2026-10-04,22,LTN0331,0.56
2026-10-04,23,LTN0331,0.10
2026-10-04,24,LTN0331,0.03
2026-10-04,25,LTN0331,2.75
2026-10-04,26,LTN0331,0.44
2026-10-04,27,LTN0331,0.02
2026-10-04,28,LTN0331,0.03
2026-10-04,29,LTN0331,0.07
2026-10-04,30,LTN0331,0.05
2026-10-04,31,LTN0331,0.02
2026-10-04,32,LTN0331,2.06
2026-10-04,33,LTN0331,5.74
2026-10-04,34,LTN0331,19.86
2026-10-04,35,LTN0331,27.67
2026-10-04,36,LTN0331,40.11
2026-10-04,37,LTN0331,45.71
2026-10-04,38,LTN0331,79.70
2026-10-04,39,LTN0331,83.80
2026-10-04,40,LTN0331,68.61
2026-10-04,41,LTN0331,99.02
2026-10-04,42,LTN0331,94.92
2026-10-04,43,LTN0331,73.85
2026-10-04,44,LTN0331,169.77
2026-10-04,45,LTN0331,87.80
2026-10-04,46,LTN0331,67.37
2026-10-04,47,LTN0331,63.45
2026-10-04,48,LTN0331,61.81
2026-10-04,1,LTN2201,21.04
2026-10-04,2,LTN2201,22.09
2026-10-04,3,LTN2201,20.92
2026-10-04,4,LTN2201,20.96
2026-10-04,5,LTN2201,23.40
2026-10-04,6,LTN2201,22.96
2026-10-04,7,LTN2201,21.84
2026-10-04,8,LTN2201,20.83
2026-10-04,9,LTN2201,20.81
2026-10-04,10,LTN2201,19.97
2026-10-04,11,LTN2201,11.73
2026-10-04,12,LTN2201,20.90
2026-10-04,13,LTN2201,16.05
2026-10-04,14,LTN2201,21.65
2026-10-04,15,LTN2201,21.66
2026-10-04,16,LTN2201,22.56
2026-10-04,17,LTN2201,21.91
2026-10-04,18,LTN2201,20.98
2026-10-04,19,LTN2201,22.21
2026-10-04,20,LTN2201,22.49
2026-10-04,21,LTN2201,7.67
2026-10-04,22,LTN2201,0.56
2026-10-04,23,LTN2201,0.10
2026-10-04,24,LTN2201,0.03
2026-10-04,25,LTN2201,2.74
2026-10-04,26,LTN2201,0.44
2026-10-04,27,LTN2201,0.02
2026-10-04,28,LTN2201,0.03
2026-10-04,29,LTN2201,0.07
2026-10-04,30,LTN2201,0.05
2026-10-04,31,LTN2201,0.02
2026-10-04,32,LTN2201,2.05
2026-10-04,33,LTN2201,5.72
2026-10-04,34,LTN2201,19.81
2026-10-04,35,LTN2201,27.59
2026-10-04,36,LTN2201,40.01
2026-10-04,37,LTN2201,45.58
2026-10-04,38,LTN2201,79.46
2026-10-04,39,LTN2201,83.56
2026-10-04,40,LTN2201,68.41
2026-10-04,41,LTN2201,98.73
2026-10-04,42,LTN2201,94.64
2026-10-04,43,LTN2201,73.63
2026-10-04,44,LTN2201,169.27
2026-10-04,45,LTN2201,87.54
2026-10-04,46,LTN2201,67.16
2026-10-04,47,LTN2201,63.20
2026-10-04,48,LTN2201,61.52
2026-10-04,1,MAN2201,18.81
2026-10-04,2,MAN2201,18.67
2026-10-04,3,MAN2201,18.66
2026-10-04,4,MAN2201,18.86
2026-10-04,5,MAN2201,21.22
2026-10-04,6,MAN2201,20.83
2026-10-04,7,MAN2201,19.70
2026-10-04,8,MAN2201,18.68
2026-10-04,9,MAN2201,18.68
2026-10-04,10,MAN2201,17.96
2026-10-04,11,MAN2201,10.43
2026-10-04,12,MAN2201,18.56
2026-10-04,13,MAN2201,14.02
2026-10-04,14,MAN2201,18.60
2026-10-04,15,MAN2201,18.57
2026-10-04,16,MAN2201,18.74
2026-10-04,17,MAN2201,18.64
2026-10-04,18,MAN2201,17.93
2026-10-04,19,MAN2201,18.17
2026-10-04,20,MAN2201,17.53
2026-10-04,21,MAN2201,4.88
2026-10-04,22,MAN2201,0.02
2026-10-04,23,MAN2201,0.02
2026-10-04,24,MAN2201,0.02
2026-10-04,25,MAN2201,2.40
2026-10-04,26,MAN2201,0.39
2026-10-04,27,MAN2201,0.02
2026-10-04,28,MAN2201,0.02
2026-10-04,29,MAN2201,0.02
2026-10-04,30,MAN2201,0.02
2026-10-04,31,MAN2201,0.02
2026-10-04,32,MAN2201,1.23
2026-10-04,33,MAN2201,1.40
2026-10-04,34,MAN2201,11.19
2026-10-04,35,MAN2201,16.72
2026-10-04,36,MAN2201,18.33
2026-10-04,37,MAN2201,18.51
2026-10-04,38,MAN2201,18.36
2026-10-04,39,MAN2201,18.35
2026-10-04,40,MAN2201,18.58
2026-10-04,41,MAN2201,44.11
2026-10-04,42,MAN2201,46.45
2026-10-04,43,MAN2201,45.07
2026-10-04,44,MAN2201,43.67
2026-10-04,45,MAN2201,46.36
2026-10-04,46,MAN2201,46.36
2026-10-04,47,MAN2201,46.50
2026-10-04,48,MAN2201,46.36
2026-10-04,1,MAT1101,18.95
2026-10-04,2,MAT1101,20.35
2026-10-04,3,MAT1101,19.08
2026-10-04,4,MAT1101,18.98
2026-10-04,5,MAT1101,21.04
2026-10-04,6,MAT1101,20.63
2026-10-04,7,MAT1101,19.61
2026-10-04,8,MAT1101,18.86
2026-10-04,9,MAT1101,18.87
2026-10-04,10,MAT1101,17.82
2026-10-04,11,MAT1101,10.56
2026-10-04,12,MAT1101,19.42
2026-10-04,13,MAT1101,14.14
2026-10-04,14,MAT1101,19.31
2026-10-04,15,MAT1101,19.08
2026-10-04,16,MAT1101,20.76
2026-10-04,17,MAT1101,19.19
2026-10-04,18,MAT1101,18.21
2026-10-04,19,MAT1101,20.21
2026-10-04,20,MAT1101,21.47
2026-10-04,21,MAT1101,7.34
2026-10-04,22,MAT1101,0.54
2026-10-04,23,MAT1101,0.10
2026-10-04,24,MAT1101,0.03
2026-10-04,25,MAT1101,2.68
2026-10-04,26,MAT1101,0.43
2026-10-04,27,MAT1101,0.02
2026-10-04,28,MAT1101,0.03
2026-10-04,29,MAT1101,0.06
2026-10-04,30,MAT1101,0.05
2026-10-04,31,MAT1101,0.02
2026-10-04,32,MAT1101,2.01
2026-10-04,33,MAT1101,5.63
2026-10-04,34,MAT1101,19.58
2026-10-04,35,MAT1101,27.18
2026-10-04,36,MAT1101,39.45
2026-10-04,37,MAT1101,45.24
2026-10-04,38,MAT1101,78.97
2026-10-04,39,MAT1101,84.16
2026-10-04,40,MAT1101,68.60
2026-10-04,41,MAT1101,98.87
2026-10-04,42,MAT1101,94.77
2026-10-04,43,MAT1101,72.67
2026-10-04,44,MAT1101,165.18
2026-10-04,45,MAT1101,86.03
2026-10-04,46,MAT1101,64.88
2026-10-04,47,MAT1101,60.06
2026-10-04,48,MAT1101,57.90
2026-10-04,1,MCH0111,21.55
2026-10-04,2,MCH0111,21.39
2026-10-04,3,MCH0111,21.37
2026-10-04,4,MCH0111,21.39
2026-10-04,5,MCH0111,23.92
2026-10-04,6,MCH0111,23.47
2026-10-04,7,MCH0111,22.17
2026-10-04,8,MCH0111,20.92
2026-10-04,9,MCH0111,20.95
2026-10-04,10,MCH0111,20.21
2026-10-04,11,MCH0111,12.00
2026-10-04,12,MCH0111,21.28
2026-10-04,13,MCH0111,16.15
2026-10-04,14,MCH0111,21.48
2026-10-04,15,MCH0111,21.57
2026-10-04,16,MCH0111,21.70
2026-10-04,17,MCH0111,21.68
2026-10-04,18,MCH0111,20.84
2026-10-04,19,MCH0111,20.86
2026-10-04,20,MCH0111,19.99
2026-10-04,21,MCH0111,5.51
2026-10-04,22,MCH0111,0.02
2026-10-04,23,MCH0111,0.02
2026-10-04,24,MCH0111,0.02
2026-10-04,25,MCH0111,2.58
2026-10-04,26,MCH0111,0.42
2026-10-04,27,MCH0111,0.02
2026-10-04,28,MCH0111,0.02
2026-10-04,29,MCH0111,0.02
2026-10-04,30,MCH0111,0.02
2026-10-04,31,MCH0111,0.02
2026-10-04,32,MCH0111,1.31
2026-10-04,33,MCH0111,1.50
2026-10-04,34,MCH0111,12.11
2026-10-04,35,MCH0111,18.39
2026-10-04,36,MCH0111,21.30
2026-10-04,37,MCH0111,21.71
2026-10-04,38,MCH0111,21.57
2026-10-04,39,MCH0111,21.72
2026-10-04,40,MCH0111,21.99
2026-10-04,41,MCH0111,51.77
2026-10-04,42,MCH0111,54.06
2026-10-04,43,MCH0111,52.23
2026-10-04,44,MCH0111,50.39
2026-10-04,45,MCH0111,53.04
2026-10-04,46,MCH0111,52.83
2026-10-04,47,MCH0111,53.45
2026-10-04,48,MCH0111,53.06
2026-10-04,1,MDN1101,22.42
2026-10-04,2,MDN1101,23.68
2026-10-04,3,MDN1101,22.10
2026-10-04,4,MDN1101,21.96
2026-10-04,5,MDN1101,24.71
2026-10-04,6,MDN1101,24.13
2026-10-04,7,MDN1101,22.98
2026-10-04,8,MDN1101,21.97
2026-10-04,9,MDN1101,21.94
2026-10-04,10,MDN1101,20.98
2026-10-04,11,MDN1101,12.50
2026-10-04,12,MDN1101,22.66
2026-10-04,13,MDN1101,17.53
2026-10-04,14,MDN1101,23.85
2026-10-04,15,MDN1101,23.93
2026-10-04,16,MDN1101,25.22
2026-10-04,17,MDN1101,24.41
2026-10-04,18,MDN1101,23.38
2026-10-04,19,MDN1101,24.95
2026-10-04,20,MDN1101,25.36
2026-10-04,21,MDN1101,8.68
2026-10-04,22,MDN1101,0.65
2026-10-04,23,MDN1101,0.11
2026-10-04,24,MDN1101,0.03
2026-10-04,25,MDN1101,3.17
2026-10-04,26,MDN1101,0.50
2026-10-04,27,MDN1101,0.02
2026-10-04,28,MDN1101,0.03
2026-10-04,29,MDN1101,0.08
2026-10-04,30,MDN1101,0.06
2026-10-04,31,MDN1101,0.02
2026-10-04,32,MDN1101,2.39
2026-10-04,33,MDN1101,6.68
2026-10-04,34,MDN1101,23.19
2026-10-04,35,MDN1101,32.30
2026-10-04,36,MDN1101,47.17
2026-10-04,37,MDN1101,54.07
2026-10-04,38,MDN1101,94.48
2026-10-04,39,MDN1101,100.74
2026-10-04,40,MDN1101,82.16
2026-10-04,41,MDN1101,118.39
2026-10-04,42,MDN1101,113.49
2026-10-04,43,MDN1101,87.66
2026-10-04,44,MDN1101,197.95
2026-10-04,45,MDN1101,103.03
2026-10-04,46,MDN1101,77.65
2026-10-04,47,MDN1101,71.75
2026-10-04,48,MDN1101,67.87
2026-10-04,1,MDN2201,22.36
2026-10-04,2,MDN2201,23.62
2026-10-04,3,MDN2201,22.05
2026-10-04,4,MDN2201,21.94
2026-10-04,5,MDN2201,24.64
2026-10-04,6,MDN2201,24.10
2026-10-04,7,MDN2201,22.94
2026-10-04,8,MDN2201,21.92
2026-10-04,9,MDN2201,21.89
2026-10-04,10,MDN2201,20.92
2026-10-04,11,MDN2201,12.47
2026-10-04,12,MDN2201,22.60
2026-10-04,13,MDN2201,17.48
2026-10-04,14,MDN2201,23.79
2026-10-04,15,MDN2201,23.87
2026-10-04,16,MDN2201,25.15
2026-10-04,17,MDN2201,24.35
2026-10-04,18,MDN2201,23.32
2026-10-04,19,MDN2201,24.90
2026-10-04,20,MDN2201,25.31
2026-10-04,21,MDN2201,8.66
2026-10-04,22,MDN2201,0.65
2026-10-04,23,MDN2201,0.11
2026-10-04,24,MDN2201,0.03
2026-10-04,25,MDN2201,3.16
2026-10-04,26,MDN2201,0.50
2026-10-04,27,MDN2201,0.02
2026-10-04,28,MDN2201,0.03
2026-10-04,29,MDN2201,0.08
2026-10-04,30,MDN2201,0.06
2026-10-04,31,MDN2201,0.02
2026-10-04,32,MDN2201,2.38
2026-10-04,33,MDN2201,6.66
2026-10-04,34,MDN2201,23.13
2026-10-04,35,MDN2201,32.22
2026-10-04,36,MDN2201,47.01
2026-10-04,37,MDN2201,53.91
2026-10-04,38,MDN2201,94.17
2026-10-04,39,MDN2201,100.20
2026-10-04,40,MDN2201,81.71
2026-10-04,41,MDN2201,117.76
2026-10-04,42,MDN2201,112.88
2026-10-04,43,MDN2201,87.40
2026-10-04,44,MDN2201,197.31
2026-10-04,45,MDN2201,102.75
2026-10-04,46,MDN2201,77.45
2026-10-04,47,MDN2201,71.57
2026-10-04,48,MDN2201,67.86
2026-10-04,1,MGM0331,21.50
2026-10-04,2,MGM0331,22.49
2026-10-04,3,MGM0331,21.32
2026-10-04,4,MGM0331,21.31
2026-10-04,5,MGM0331,23.79
2026-10-04,6,MGM0331,23.36
2026-10-04,7,MGM0331,22.20
2026-10-04,8,MGM0331,21.19
2026-10-04,9,MGM0331,21.17
2026-10-04,10,MGM0331,20.31
2026-10-04,11,MGM0331,11.97
2026-10-04,12,MGM0331,21.27
2026-10-04,13,MGM0331,16.31
2026-10-04,14,MGM0331,22.06
2026-10-04,15,MGM0331,22.09
2026-10-04,16,MGM0331,23.03
2026-10-04,17,MGM0331,22.41
2026-10-04,18,MGM0331,21.51
2026-10-04,19,MGM0331,22.68
2026-10-04,20,MGM0331,22.81
2026-10-04,21,MGM0331,7.82
2026-10-04,22,MGM0331,0.57
2026-10-04,23,MGM0331,0.10
2026-10-04,24,MGM0331,0.03
2026-10-04,25,MGM0331,2.78
2026-10-04,26,MGM0331,0.45
2026-10-04,27,MGM0331,0.02
2026-10-04,28,MGM0331,0.03
2026-10-04,29,MGM0331,0.07
2026-10-04,30,MGM0331,0.05
2026-10-04,31,MGM0331,0.02
2026-10-04,32,MGM0331,2.08
2026-10-04,33,MGM0331,5.77
2026-10-04,34,MGM0331,19.95
2026-10-04,35,MGM0331,27.77
2026-10-04,36,MGM0331,40.68
2026-10-04,37,MGM0331,46.43
2026-10-04,38,MGM0331,81.29
2026-10-04,39,MGM0331,85.40
2026-10-04,40,MGM0331,70.03
2026-10-04,41,MGM0331,101.07
2026-10-04,42,MGM0331,96.89
2026-10-04,43,MGM0331,75.01
2026-10-04,44,MGM0331,171.31
2026-10-04,45,MGM0331,88.68
2026-10-04,46,MGM0331,67.96
2026-10-04,47,MGM0331,64.12
2026-10-04,48,MGM0331,62.38
2026-10-04,1,MHO0331,21.61
2026-10-04,2,MHO0331,22.81
2026-10-04,3,MHO0331,21.32
2026-10-04,4,MHO0331,21.20
2026-10-04,5,MHO0331,23.62
2026-10-04,6,MHO0331,23.17
2026-10-04,7,MHO0331,22.05
2026-10-04,8,MHO0331,21.05
2026-10-04,9,MHO0331,21.03
2026-10-04,10,MHO0331,20.16
2026-10-04,11,MHO0331,12.10
2026-10-04,12,MHO0331,21.59
2026-10-04,13,MHO0331,16.16
2026-10-04,14,MHO0331,21.65
2026-10-04,15,MHO0331,21.62
2026-10-04,16,MHO0331,22.63
2026-10-04,17,MHO0331,22.21
2026-10-04,18,MHO0331,21.25
2026-10-04,19,MHO0331,22.43
2026-10-04,20,MHO0331,22.47
2026-10-04,21,MHO0331,7.67
2026-10-04,22,MHO0331,0.56
2026-10-04,23,MHO0331,0.10
2026-10-04,24,MHO0331,0.03
2026-10-04,25,MHO0331,2.73
2026-10-04,26,MHO0331,0.44
2026-10-04,27,MHO0331,0.02
2026-10-04,28,MHO0331,0.03
2026-10-04,29,MHO0331,0.07
2026-10-04,30,MHO0331,0.05
2026-10-04,31,MHO0331,0.02
2026-10-04,32,MHO0331,2.05
2026-10-04,33,MHO0331,5.71
2026-10-04,34,MHO0331,19.75
2026-10-04,35,MHO0331,27.47
2026-10-04,36,MHO0331,39.96
2026-10-04,37,MHO0331,45.53
2026-10-04,38,MHO0331,79.42
2026-10-04,39,MHO0331,83.57
2026-10-04,40,MHO0331,68.42
2026-10-04,41,MHO0331,98.75
2026-10-04,42,MHO0331,94.66
2026-10-04,43,MHO0331,73.59
2026-10-04,44,MHO0331,168.93
2026-10-04,45,MHO0331,87.44
2026-10-04,46,MHO0331,66.95
2026-10-04,47,MHO0331,62.99
2026-10-04,48,MHO0331,61.33
2026-10-04,1,MKE1101,21.74
2026-10-04,2,MKE1101,22.95
2026-10-04,3,MKE1101,21.56
2026-10-04,4,MKE1101,21.57
2026-10-04,5,MKE1101,24.10
2026-10-04,6,MKE1101,23.62
2026-10-04,7,MKE1101,22.46
2026-10-04,8,MKE1101,21.41
2026-10-04,9,MKE1101,21.38
2026-10-04,10,MKE1101,20.51
2026-10-04,11,MKE1101,12.12
2026-10-04,12,MKE1101,21.83
2026-10-04,13,MKE1101,17.02
2026-10-04,14,MKE1101,23.09
2026-10-04,15,MKE1101,23.08
2026-10-04,16,MKE1101,24.17
2026-10-04,17,MKE1101,23.43
2026-10-04,18,MKE1101,22.35
2026-10-04,19,MKE1101,23.66
2026-10-04,20,MKE1101,23.93
2026-10-04,21,MKE1101,8.16
2026-10-04,22,MKE1101,0.60
2026-10-04,23,MKE1101,0.11
2026-10-04,24,MKE1101,0.03
2026-10-04,25,MKE1101,2.90
2026-10-04,26,MKE1101,0.46
2026-10-04,27,MKE1101,0.02
2026-10-04,28,MKE1101,0.03
2026-10-04,29,MKE1101,0.07
2026-10-04,30,MKE1101,0.05
2026-10-04,31,MKE1101,0.02
2026-10-04,32,MKE1101,2.17
2026-10-04,33,MKE1101,6.08
2026-10-04,34,MKE1101,21.07
2026-10-04,35,MKE1101,29.36
2026-10-04,36,MKE1101,42.79
2026-10-04,37,MKE1101,48.89
2026-10-04,38,MKE1101,85.53
2026-10-04,39,MKE1101,89.79
2026-10-04,40,MKE1101,73.38
2026-10-04,41,MKE1101,105.88
2026-10-04,42,MKE1101,101.19
2026-10-04,43,MKE1101,78.64
2026-10-04,44,MKE1101,180.22
2026-10-04,45,MKE1101,93.55
2026-10-04,46,MKE1101,71.63
2026-10-04,47,MKE1101,67.34
2026-10-04,48,MKE1101,65.89
2026-10-04,1,MLG0111,20.96
2026-10-04,2,MLG0111,21.99
2026-10-04,3,MLG0111,20.82
2026-10-04,4,MLG0111,20.86
2026-10-04,5,MLG0111,23.31
2026-10-04,6,MLG0111,22.87
2026-10-04,7,MLG0111,21.75
2026-10-04,8,MLG0111,20.74
2026-10-04,9,MLG0111,20.73
2026-10-04,10,MLG0111,19.89
2026-10-04,11,MLG0111,11.69
2026-10-04,12,MLG0111,20.77
2026-10-04,13,MLG0111,15.90
2026-10-04,14,MLG0111,21.42
2026-10-04,15,MLG0111,21.46
2026-10-04,16,MLG0111,22.31
2026-10-04,17,MLG0111,21.79
2026-10-04,18,MLG0111,20.90
2026-10-04,19,MLG0111,22.12
2026-10-04,20,MLG0111,22.31
2026-10-04,21,MLG0111,7.60
2026-10-04,22,MLG0111,0.56
2026-10-04,23,MLG0111,0.10
2026-10-04,24,MLG0111,0.03
2026-10-04,25,MLG0111,2.71
2026-10-04,26,MLG0111,0.44
2026-10-04,27,MLG0111,0.02
2026-10-04,28,MLG0111,0.03
2026-10-04,29,MLG0111,0.07
2026-10-04,30,MLG0111,0.05
2026-10-04,31,MLG0111,0.02
2026-10-04,32,MLG0111,2.02
2026-10-04,33,MLG0111,5.61
2026-10-04,34,MLG0111,19.38
2026-10-04,35,MLG0111,26.99
2026-10-04,36,MLG0111,39.02
2026-10-04,37,MLG0111,44.36
2026-10-04,38,MLG0111,77.80
2026-10-04,39,MLG0111,81.41
2026-10-04,40,MLG0111,66.99
2026-10-04,41,MLG0111,96.70
2026-10-04,42,MLG0111,92.70
2026-10-04,43,MLG0111,72.17
2026-10-04,44,MLG0111,166.07
2026-10-04,45,MLG0111,85.91
2026-10-04,46,MLG0111,65.90
2026-10-04,47,MLG0111,61.89
2026-10-04,48,MLG0111,60.27
2026-10-04,1,MLG0331,20.95
2026-10-04,2,MLG0331,22.00
2026-10-04,3,MLG0331,20.82
2026-10-04,4,MLG0331,20.87
2026-10-04,5,MLG0331,23.32
2026-10-04,6,MLG0331,22.88
2026-10-04,7,MLG0331,21.76
2026-10-04,8,MLG0331,20.75
2026-10-04,9,MLG0331,20.74
2026-10-04,10,MLG0331,19.90
2026-10-04,11,MLG0331,11.69
2026-10-04,12,MLG0331,20.78
2026-10-04,13,MLG0331,15.90
2026-10-04,14,MLG0331,21.39
2026-10-04,15,MLG0331,21.41
2026-10-04,16,MLG0331,22.27
2026-10-04,17,MLG0331,21.74
2026-10-04,18,MLG0331,20.86
2026-10-04,19,MLG0331,22.12
2026-10-04,20,MLG0331,22.33
2026-10-04,21,MLG0331,7.60
2026-10-04,22,MLG0331,0.56
2026-10-04,23,MLG0331,0.10
2026-10-04,24,MLG0331,0.03
2026-10-04,25,MLG0331,2.71
2026-10-04,26,MLG0331,0.44
2026-10-04,27,MLG0331,0.02
2026-10-04,28,MLG0331,0.03
2026-10-04,29,MLG0331,0.07
2026-10-04,30,MLG0331,0.05
2026-10-04,31,MLG0331,0.02
2026-10-04,32,MLG0331,2.02
2026-10-04,33,MLG0331,5.59
2026-10-04,34,MLG0331,19.34
2026-10-04,35,MLG0331,26.94
2026-10-04,36,MLG0331,38.95
2026-10-04,37,MLG0331,44.27
2026-10-04,38,MLG0331,77.64
2026-10-04,39,MLG0331,81.38
2026-10-04,40,MLG0331,67.09
2026-10-04,41,MLG0331,96.84
2026-10-04,42,MLG0331,92.84
2026-10-04,43,MLG0331,72.28
2026-10-04,44,MLG0331,166.32
2026-10-04,45,MLG0331,86.04
2026-10-04,46,MLG0331,65.90
2026-10-04,47,MLG0331,61.77
2026-10-04,48,MLG0331,60.24
2026-10-04,1,MNG0331,22.17
2026-10-04,2,MNG0331,23.40
2026-10-04,3,MNG0331,21.86
2026-10-04,4,MNG0331,21.81
2026-10-04,5,MNG0331,24.37
2026-10-04,6,MNG0331,23.89
2026-10-04,7,MNG0331,22.73
2026-10-04,8,MNG0331,21.67
2026-10-04,9,MNG0331,21.65
2026-10-04,10,MNG0331,20.70
2026-10-04,11,MNG0331,12.32
2026-10-04,12,MNG0331,22.33
2026-10-04,13,MNG0331,17.31
2026-10-04,14,MNG0331,23.56
2026-10-04,15,MNG0331,23.61
2026-10-04,16,MNG0331,24.81
2026-10-04,17,MNG0331,24.02
2026-10-04,18,MNG0331,23.02
2026-10-04,19,MNG0331,24.59
2026-10-04,20,MNG0331,25.00
2026-10-04,21,MNG0331,8.55
2026-10-04,22,MNG0331,0.64
2026-10-04,23,MNG0331,0.11
2026-10-04,24,MNG0331,0.03
2026-10-04,25,MNG0331,3.13
2026-10-04,26,MNG0331,0.49
2026-10-04,27,MNG0331,0.02
2026-10-04,28,MNG0331,0.03
2026-10-04,29,MNG0331,0.07
2026-10-04,30,MNG0331,0.06
2026-10-04,31,MNG0331,0.02
2026-10-04,32,MNG0331,2.35
2026-10-04,33,MNG0331,6.57
2026-10-04,34,MNG0331,22.83
2026-10-04,35,MNG0331,31.79
2026-10-04,36,MNG0331,46.41
2026-10-04,37,MNG0331,53.24
2026-10-04,38,MNG0331,92.97
2026-10-04,39,MNG0331,98.29
2026-10-04,40,MNG0331,80.14
2026-10-04,41,MNG0331,115.48
2026-10-04,42,MNG0331,110.70
2026-10-04,43,MNG0331,86.08
2026-10-04,44,MNG0331,194.81
2026-10-04,45,MNG0331,101.40
2026-10-04,46,MNG0331,76.43
2026-10-04,47,MNG0331,70.61
2026-10-04,48,MNG0331,67.99
2026-10-04,1,MNG1101,22.12
2026-10-04,2,MNG1101,23.35
2026-10-04,3,MNG1101,21.82
2026-10-04,4,MNG1101,21.76
2026-10-04,5,MNG1101,24.31
2026-10-04,6,MNG1101,23.84
2026-10-04,7,MNG1101,22.68
2026-10-04,8,MNG1101,21.63
2026-10-04,9,MNG1101,21.60
2026-10-04,10,MNG1101,20.65
2026-10-04,11,MNG1101,12.29
2026-10-04,12,MNG1101,22.29
2026-10-04,13,MNG1101,17.27
2026-10-04,14,MNG1101,23.51
2026-10-04,15,MNG1101,23.55
2026-10-04,16,MNG1101,24.76
2026-10-04,17,MNG1101,23.97
2026-10-04,18,MNG1101,22.97
2026-10-04,19,MNG1101,24.53
2026-10-04,20,MNG1101,24.95
2026-10-04,21,MNG1101,8.53
2026-10-04,22,MNG1101,0.64
2026-10-04,23,MNG1101,0.11
2026-10-04,24,MNG1101,0.03
2026-10-04,25,MNG1101,3.12
2026-10-04,26,MNG1101,0.49
2026-10-04,27,MNG1101,0.02
2026-10-04,28,MNG1101,0.03
2026-10-04,29,MNG1101,0.07
2026-10-04,30,MNG1101,0.06
2026-10-04,31,MNG1101,0.02
2026-10-04,32,MNG1101,2.34
2026-10-04,33,MNG1101,6.56
2026-10-04,34,MNG1101,22.78
2026-10-04,35,MNG1101,31.73
2026-10-04,36,MNG1101,46.31
2026-10-04,37,MNG1101,53.12
2026-10-04,38,MNG1101,92.77
2026-10-04,39,MNG1101,98.07
2026-10-04,40,MNG1101,79.96
2026-10-04,41,MNG1101,115.23
2026-10-04,42,MNG1101,110.46
2026-10-04,43,MNG1101,85.89
2026-10-04,44,MNG1101,194.38
2026-10-04,45,MNG1101,101.19
2026-10-04,46,MNG1101,76.27
2026-10-04,47,MNG1101,70.46
2026-10-04,48,MNG1101,67.85
2026-10-04,1,MNI0111,21.80
2026-10-04,2,MNI0111,23.01
2026-10-04,3,MNI0111,21.62
2026-10-04,4,MNI0111,21.63
2026-10-04,5,MNI0111,24.17
2026-10-04,6,MNI0111,23.68
2026-10-04,7,MNI0111,22.52
2026-10-04,8,MNI0111,21.47
2026-10-04,9,MNI0111,21.44
2026-10-04,10,MNI0111,20.57
2026-10-04,11,MNI0111,12.16
2026-10-04,12,MNI0111,21.89
2026-10-04,13,MNI0111,17.07
2026-10-04,14,MNI0111,23.15
2026-10-04,15,MNI0111,23.14
2026-10-04,16,MNI0111,24.24
2026-10-04,17,MNI0111,23.50
2026-10-04,18,MNI0111,22.42
2026-10-04,19,MNI0111,23.73
2026-10-04,20,MNI0111,24.00
2026-10-04,21,MNI0111,8.18
2026-10-04,22,MNI0111,0.60
2026-10-04,23,MNI0111,0.11
2026-10-04,24,MNI0111,0.03
2026-10-04,25,MNI0111,2.91
2026-10-04,26,MNI0111,0.47
2026-10-04,27,MNI0111,0.02
2026-10-04,28,MNI0111,0.03
2026-10-04,29,MNI0111,0.07
2026-10-04,30,MNI0111,0.05
2026-10-04,31,MNI0111,0.02
2026-10-04,32,MNI0111,2.18
2026-10-04,33,MNI0111,6.09
2026-10-04,34,MNI0111,21.13
2026-10-04,35,MNI0111,29.44
2026-10-04,36,MNI0111,42.91
2026-10-04,37,MNI0111,49.02
2026-10-04,38,MNI0111,85.78
2026-10-04,39,MNI0111,90.07
2026-10-04,40,MNI0111,73.61
2026-10-04,41,MNI0111,106.21
2026-10-04,42,MNI0111,101.47
2026-10-04,43,MNI0111,78.85
2026-10-04,44,MNI0111,180.70
2026-10-04,45,MNI0111,93.80
2026-10-04,46,MNI0111,71.82
2026-10-04,47,MNI0111,67.52
2026-10-04,48,MNI0111,66.07
2026-10-04,1,MPE1101,22.54
2026-10-04,2,MPE1101,23.81
2026-10-04,3,MPE1101,22.23
2026-10-04,4,MPE1101,22.04
2026-10-04,5,MPE1101,24.84
2026-10-04,6,MPE1101,24.23
2026-10-04,7,MPE1101,23.08
2026-10-04,8,MPE1101,22.09
2026-10-04,9,MPE1101,22.06
2026-10-04,10,MPE1101,21.09
2026-10-04,11,MPE1101,12.57
2026-10-04,12,MPE1101,22.78
2026-10-04,13,MPE1101,17.62
2026-10-04,14,MPE1101,23.98
2026-10-04,15,MPE1101,24.06
2026-10-04,16,MPE1101,25.35
2026-10-04,17,MPE1101,24.54
2026-10-04,18,MPE1101,23.51
2026-10-04,19,MPE1101,25.07
2026-10-04,20,MPE1101,25.48
2026-10-04,21,MPE1101,8.73
2026-10-04,22,MPE1101,0.65
2026-10-04,23,MPE1101,0.11
2026-10-04,24,MPE1101,0.03
2026-10-04,25,MPE1101,3.18
2026-10-04,26,MPE1101,0.50
2026-10-04,27,MPE1101,0.02
2026-10-04,28,MPE1101,0.03
2026-10-04,29,MPE1101,0.08
2026-10-04,30,MPE1101,0.06
2026-10-04,31,MPE1101,0.02
2026-10-04,32,MPE1101,2.40
2026-10-04,33,MPE1101,6.72
2026-10-04,34,MPE1101,23.31
2026-10-04,35,MPE1101,32.48
2026-10-04,36,MPE1101,47.42
2026-10-04,37,MPE1101,54.51
2026-10-04,38,MPE1101,95.41
2026-10-04,39,MPE1101,101.94
2026-10-04,40,MPE1101,83.13
2026-10-04,41,MPE1101,119.80
2026-10-04,42,MPE1101,114.84
2026-10-04,43,MPE1101,88.37
2026-10-04,44,MPE1101,199.04
2026-10-04,45,MPE1101,103.58
2026-10-04,46,MPE1101,78.07
2026-10-04,47,MPE1101,72.13
2026-10-04,48,MPE1101,68.08
2026-10-04,1,MST0331,21.50
2026-10-04,2,MST0331,22.55
2026-10-04,3,MST0331,21.36
2026-10-04,4,MST0331,21.35
2026-10-04,5,MST0331,23.70
2026-10-04,6,MST0331,23.27
2026-10-04,7,MST0331,22.12
2026-10-04,8,MST0331,21.13
2026-10-04,9,MST0331,21.09
2026-10-04,10,MST0331,20.23
2026-10-04,11,MST0331,11.98
2026-10-04,12,MST0331,21.31
2026-10-04,13,MST0331,16.32
2026-10-04,14,MST0331,22.15
2026-10-04,15,MST0331,22.19
2026-10-04,16,MST0331,23.16
2026-10-04,17,MST0331,22.55
2026-10-04,18,MST0331,21.56
2026-10-04,19,MST0331,22.80
2026-10-04,20,MST0331,22.88
2026-10-04,21,MST0331,7.85
2026-10-04,22,MST0331,0.57
2026-10-04,23,MST0331,0.10
2026-10-04,24,MST0331,0.03
2026-10-04,25,MST0331,2.78
2026-10-04,26,MST0331,0.44
2026-10-04,27,MST0331,0.02
2026-10-04,28,MST0331,0.03
2026-10-04,29,MST0331,0.07
2026-10-04,30,MST0331,0.05
2026-10-04,31,MST0331,0.02
2026-10-04,32,MST0331,2.07
2026-10-04,33,MST0331,5.75
2026-10-04,34,MST0331,19.90
2026-10-04,35,MST0331,27.70
2026-10-04,36,MST0331,40.31
2026-10-04,37,MST0331,45.89
2026-10-04,38,MST0331,80.20
2026-10-04,39,MST0331,84.05
2026-10-04,40,MST0331,69.07
2026-10-04,41,MST0331,99.70
2026-10-04,42,MST0331,95.57
2026-10-04,43,MST0331,74.59
2026-10-04,44,MST0331,171.98
2026-10-04,45,MST0331,88.99
2026-10-04,46,MST0331,68.18
2026-10-04,47,MST0331,64.32
2026-10-04,48,MST0331,62.49
2026-10-04,1,MTI2201,20.84
2026-10-04,2,MTI2201,22.23
2026-10-04,3,MTI2201,20.88
2026-10-04,4,MTI2201,20.82
2026-10-04,5,MTI2201,23.31
2026-10-04,6,MTI2201,22.85
2026-10-04,7,MTI2201,21.74
2026-10-04,8,MTI2201,20.74
2026-10-04,9,MTI2201,20.71
2026-10-04,10,MTI2201,19.79
2026-10-04,11,MTI2201,11.79
2026-10-04,12,MTI2201,21.27
2026-10-04,13,MTI2201,16.43
2026-10-04,14,MTI2201,22.15
2026-10-04,15,MTI2201,22.03
2026-10-04,16,MTI2201,23.06
2026-10-04,17,MTI2201,22.30
2026-10-04,18,MTI2201,21.33
2026-10-04,19,MTI2201,22.78
2026-10-04,20,MTI2201,23.15
2026-10-04,21,MTI2201,7.92
2026-10-04,22,MTI2201,0.59
2026-10-04,23,MTI2201,0.11
2026-10-04,24,MTI2201,0.03
2026-10-04,25,MTI2201,2.89
2026-10-04,26,MTI2201,0.46
2026-10-04,27,MTI2201,0.02
2026-10-04,28,MTI2201,0.03
2026-10-04,29,MTI2201,0.07
2026-10-04,30,MTI2201,0.05
2026-10-04,31,MTI2201,0.02
2026-10-04,32,MTI2201,2.16
2026-10-04,33,MTI2201,6.07
2026-10-04,34,MTI2201,21.08
2026-10-04,35,MTI2201,29.33
2026-10-04,36,MTI2201,42.79
2026-10-04,37,MTI2201,49.03
2026-10-04,38,MTI2201,85.30
2026-10-04,39,MTI2201,90.01
2026-10-04,40,MTI2201,73.36
2026-10-04,41,MTI2201,105.72
2026-10-04,42,MTI2201,101.34
2026-10-04,43,MTI2201,78.81
2026-10-04,44,MTI2201,179.26
2026-10-04,45,MTI2201,93.34
2026-10-04,46,MTI2201,70.37
2026-10-04,47,MTI2201,65.20
2026-10-04,48,MTI2201,62.83
2026-10-04,1,MTM0331,21.17
2026-10-04,2,MTM0331,22.70
2026-10-04,3,MTM0331,21.26
2026-10-04,4,MTM0331,21.14
2026-10-04,5,MTM0331,23.63
2026-10-04,6,MTM0331,23.14
2026-10-04,7,MTM0331,22.02
2026-10-04,8,MTM0331,21.00
2026-10-04,9,MTM0331,20.98
2026-10-04,10,MTM0331,20.05
2026-10-04,11,MTM0331,11.94
2026-10-04,12,MTM0331,21.58
2026-10-04,13,MTM0331,16.77
2026-10-04,14,MTM0331,22.67
2026-10-04,15,MTM0331,22.41
2026-10-04,16,MTM0331,23.46
2026-10-04,17,MTM0331,22.69
2026-10-04,18,MTM0331,21.74
2026-10-04,19,MTM0331,23.22
2026-10-04,20,MTM0331,23.60
2026-10-04,21,MTM0331,8.03
2026-10-04,22,MTM0331,0.60
2026-10-04,23,MTM0331,0.11
2026-10-04,24,MTM0331,0.03
2026-10-04,25,MTM0331,2.92
2026-10-04,26,MTM0331,0.46
2026-10-04,27,MTM0331,0.02
2026-10-04,28,MTM0331,0.03
2026-10-04,29,MTM0331,0.07
2026-10-04,30,MTM0331,0.05
2026-10-04,31,MTM0331,0.02
2026-10-04,32,MTM0331,2.20
2026-10-04,33,MTM0331,6.17
2026-10-04,34,MTM0331,21.43
2026-10-04,35,MTM0331,29.81
2026-10-04,36,MTM0331,43.49
2026-10-04,37,MTM0331,49.89
2026-10-04,38,MTM0331,86.81
2026-10-04,39,MTM0331,91.61
2026-10-04,40,MTM0331,74.65
2026-10-04,41,MTM0331,107.60
2026-10-04,42,MTM0331,103.14
2026-10-04,43,MTM0331,80.18
2026-10-04,44,MTM0331,182.34
2026-10-04,45,MTM0331,94.93
2026-10-04,46,MTM0331,71.58
2026-10-04,47,MTM0331,66.26
2026-10-04,48,MTM0331,63.86
2026-10-04,1,MTN0331,21.27
2026-10-04,2,MTN0331,22.56
2026-10-04,3,MTN0331,21.15
2026-10-04,4,MTN0331,21.14
2026-10-04,5,MTN0331,23.48
2026-10-04,6,MTN0331,23.04
2026-10-04,7,MTN0331,21.92
2026-10-04,8,MTN0331,20.95
2026-10-04,9,MTN0331,20.94
2026-10-04,10,MTN0331,20.06
2026-10-04,11,MTN0331,11.82
2026-10-04,12,MTN0331,21.10
2026-10-04,13,MTN0331,16.39
2026-10-04,14,MTN0331,22.16
2026-10-04,15,MTN0331,22.11
2026-10-04,16,MTN0331,23.08
2026-10-04,17,MTN0331,22.47
2026-10-04,18,MTN0331,21.50
2026-10-04,19,MTN0331,22.68
2026-10-04,20,MTN0331,22.96
2026-10-04,21,MTN0331,7.84
2026-10-04,22,MTN0331,0.57
2026-10-04,23,MTN0331,0.10
2026-10-04,24,MTN0331,0.03
2026-10-04,25,MTN0331,2.76
2026-10-04,26,MTN0331,0.44
2026-10-04,27,MTN0331,0.02
2026-10-04,28,MTN0331,0.03
2026-10-04,29,MTN0331,0.07
2026-10-04,30,MTN0331,0.05
2026-10-04,31,MTN0331,0.02
2026-10-04,32,MTN0331,2.07
2026-10-04,33,MTN0331,5.81
2026-10-04,34,MTN0331,20.18
2026-10-04,35,MTN0331,28.05
2026-10-04,36,MTN0331,40.80
2026-10-04,37,MTN0331,46.51
2026-10-04,38,MTN0331,81.10
2026-10-04,39,MTN0331,85.51
2026-10-04,40,MTN0331,70.01
2026-10-04,41,MTN0331,100.93
2026-10-04,42,MTN0331,96.74
2026-10-04,43,MTN0331,75.22
2026-10-04,44,MTN0331,172.59
2026-10-04,45,MTN0331,89.66
2026-10-04,46,MTN0331,69.11
2026-10-04,47,MTN0331,65.04
2026-10-04,48,MTN0331,63.38
2026-10-04,1,MTO0331,22.88
2026-10-04,2,MTO0331,24.16
2026-10-04,3,MTO0331,22.56
2026-10-04,4,MTO0331,22.28
2026-10-04,5,MTO0331,25.21
2026-10-04,6,MTO0331,24.51
2026-10-04,7,MTO0331,23.38
2026-10-04,8,MTO0331,22.42
2026-10-04,9,MTO0331,22.40
2026-10-04,10,MTO0331,21.41
2026-10-04,11,MTO0331,12.75
2026-10-04,12,MTO0331,23.12
2026-10-04,13,MTO0331,17.89
2026-10-04,14,MTO0331,24.34
2026-10-04,15,MTO0331,24.42
2026-10-04,16,MTO0331,25.73
2026-10-04,17,MTO0331,24.91
2026-10-04,18,MTO0331,23.86
2026-10-04,19,MTO0331,25.42
2026-10-04,20,MTO0331,25.82
2026-10-04,21,MTO0331,8.85
2026-10-04,22,MTO0331,0.66
2026-10-04,23,MTO0331,0.12
2026-10-04,24,MTO0331,0.03
2026-10-04,25,MTO0331,3.23
2026-10-04,26,MTO0331,0.51
2026-10-04,27,MTO0331,0.02
2026-10-04,28,MTO0331,0.03
2026-10-04,29,MTO0331,0.08
2026-10-04,30,MTO0331,0.06
2026-10-04,31,MTO0331,0.02
2026-10-04,32,MTO0331,2.42
2026-10-04,33,MTO0331,6.75
2026-10-04,34,MTO0331,23.58
2026-10-04,35,MTO0331,32.96
2026-10-04,36,MTO0331,48.12
2026-10-04,37,MTO0331,55.29
2026-10-04,38,MTO0331,96.82
2026-10-04,39,MTO0331,103.99
2026-10-04,40,MTO0331,84.80
2026-10-04,41,MTO0331,122.21
2026-10-04,42,MTO0331,117.14
2026-10-04,43,MTO0331,89.61
2026-10-04,44,MTO0331,201.99
2026-10-04,45,MTO0331,105.13
2026-10-04,46,MTO0331,79.24
2026-10-04,47,MTO0331,73.21
2026-10-04,48,MTO0331,68.71
2026-10-04,1,MTR0331,21.67
2026-10-04,2,MTR0331,22.73
2026-10-04,3,MTR0331,21.46
2026-10-04,4,MTR0331,21.49
2026-10-04,5,MTR0331,24.03
2026-10-04,6,MTR0331,23.62
2026-10-04,7,MTR0331,22.47
2026-10-04,8,MTR0331,21.43
2026-10-04,9,MTR0331,21.42
2026-10-04,10,MTR0331,20.51
2026-10-04,11,MTR0331,12.05
2026-10-04,12,MTR0331,21.52
2026-10-04,13,MTR0331,16.72
2026-10-04,14,MTR0331,22.56
2026-10-04,15,MTR0331,22.61
2026-10-04,16,MTR0331,23.68
2026-10-04,17,MTR0331,23.01
2026-10-04,18,MTR0331,21.99
2026-10-04,19,MTR0331,23.26
2026-10-04,20,MTR0331,23.50
2026-10-04,21,MTR0331,8.00
2026-10-04,22,MTR0331,0.59
2026-10-04,23,MTR0331,0.10
2026-10-04,24,MTR0331,0.03
2026-10-04,25,MTR0331,2.88
2026-10-04,26,MTR0331,0.46
2026-10-04,27,MTR0331,0.02
2026-10-04,28,MTR0331,0.03
2026-10-04,29,MTR0331,0.07
2026-10-04,30,MTR0331,0.05
2026-10-04,31,MTR0331,0.02
2026-10-04,32,MTR0331,2.16
2026-10-04,33,MTR0331,6.01
2026-10-04,34,MTR0331,20.83
2026-10-04,35,MTR0331,28.85
2026-10-04,36,MTR0331,42.15
2026-10-04,37,MTR0331,48.33
2026-10-04,38,MTR0331,84.25
2026-10-04,39,MTR0331,88.60
2026-10-04,40,MTR0331,72.89
2026-10-04,41,MTR0331,104.88
2026-10-04,42,MTR0331,100.91
2026-10-04,43,MTR0331,78.18
2026-10-04,44,MTR0331,176.36
2026-10-04,45,MTR0331,92.05
2026-10-04,46,MTR0331,70.12
2026-10-04,47,MTR0331,65.74
2026-10-04,48,MTR0331,63.78
2026-10-04,1,NAP2201,20.46
2026-10-04,2,NAP2201,21.80
2026-10-04,3,NAP2201,20.48
2026-10-04,4,NAP2201,20.41
2026-10-04,5,NAP2201,22.85
2026-10-04,6,NAP2201,22.40
2026-10-04,7,NAP2201,21.30
2026-10-04,8,NAP2201,20.32
2026-10-04,9,NAP2201,20.30
2026-10-04,10,NAP2201,19.40
2026-10-04,11,NAP2201,11.55
2026-10-04,12,NAP2201,20.86
2026-10-04,13,NAP2201,16.14
2026-10-04,14,NAP2201,21.77
2026-10-04,15,NAP2201,21.63
2026-10-04,16,NAP2201,22.65
2026-10-04,17,NAP2201,21.89
2026-10-04,18,NAP2201,20.98
2026-10-04,19,NAP2201,22.40
2026-10-04,20,NAP2201,22.76
2026-10-04,21,NAP2201,7.78
2026-10-04,22,NAP2201,0.58
2026-10-04,23,NAP2201,0.10
2026-10-04,24,NAP2201,0.03
2026-10-04,25,NAP2201,2.84
2026-10-04,26,NAP2201,0.45
2026-10-04,27,NAP2201,0.02
2026-10-04,28,NAP2201,0.03
2026-10-04,29,NAP2201,0.07
2026-10-04,30,NAP2201,0.05
2026-10-04,31,NAP2201,0.02
2026-10-04,32,NAP2201,2.13
2026-10-04,33,NAP2201,5.96
2026-10-04,34,NAP2201,20.69
2026-10-04,35,NAP2201,28.78
2026-10-04,36,NAP2201,42.00
2026-10-04,37,NAP2201,48.17
2026-10-04,38,NAP2201,83.82
2026-10-04,39,NAP2201,88.44
2026-10-04,40,NAP2201,72.09
2026-10-04,41,NAP2201,103.91
2026-10-04,42,NAP2201,99.60
2026-10-04,43,NAP2201,77.45
2026-10-04,44,NAP2201,176.03
2026-10-04,45,NAP2201,91.69
2026-10-04,46,NAP2201,69.15
2026-10-04,47,NAP2201,64.02
2026-10-04,48,NAP2201,61.72
2026-10-04,1,NAP2202,20.46
2026-10-04,2,NAP2202,21.80
2026-10-04,3,NAP2202,20.48
2026-10-04,4,NAP2202,20.41
2026-10-04,5,NAP2202,22.85
2026-10-04,6,NAP2202,22.40
2026-10-04,7,NAP2202,21.30
2026-10-04,8,NAP2202,20.32
2026-10-04,9,NAP2202,20.30
2026-10-04,10,NAP2202,19.40
2026-10-04,11,NAP2202,11.55
2026-10-04,12,NAP2202,20.86
2026-10-04,13,NAP2202,16.14
2026-10-04,14,NAP2202,21.77
2026-10-04,15,NAP2202,21.63
2026-10-04,16,NAP2202,22.65
2026-10-04,17,NAP2202,21.89
2026-10-04,18,NAP2202,20.98
2026-10-04,19,NAP2202,22.40
2026-10-04,20,NAP2202,22.76
2026-10-04,21,NAP2202,7.78
2026-10-04,22,NAP2202,0.58
2026-10-04,23,NAP2202,0.10
2026-10-04,24,NAP2202,0.03
2026-10-04,25,NAP2202,2.84
2026-10-04,26,NAP2202,0.45
2026-10-04,27,NAP2202,0.02
2026-10-04,28,NAP2202,0.03
2026-10-04,29,NAP2202,0.07
2026-10-04,30,NAP2202,0.05
2026-10-04,31,NAP2202,0.02
2026-10-04,32,NAP2202,2.13
2026-10-04,33,NAP2202,5.96
2026-10-04,34,NAP2202,20.69
2026-10-04,35,NAP2202,28.78
2026-10-04,36,NAP2202,42.00
2026-10-04,37,NAP2202,48.17
2026-10-04,38,NAP2202,83.82
2026-10-04,39,NAP2202,88.44
2026-10-04,40,NAP2202,72.09
2026-10-04,41,NAP2202,103.91
2026-10-04,42,NAP2202,99.60
2026-10-04,43,NAP2202,77.45
2026-10-04,44,NAP2202,176.03
2026-10-04,45,NAP2202,91.69
2026-10-04,46,NAP2202,69.15
2026-10-04,47,NAP2202,64.02
2026-10-04,48,NAP2202,61.72
2026-10-04,1,NMA0331,19.63
2026-10-04,2,NMA0331,19.43
2026-10-04,3,NMA0331,19.42
2026-10-04,4,NMA0331,19.63
2026-10-04,5,NMA0331,22.09
2026-10-04,6,NMA0331,21.68
2026-10-04,7,NMA0331,20.51
2026-10-04,8,NMA0331,19.45
2026-10-04,9,NMA0331,19.44
2026-10-04,10,NMA0331,18.67
2026-10-04,11,NMA0331,10.84
2026-10-04,12,NMA0331,19.32
2026-10-04,13,NMA0331,14.56
2026-10-04,14,NMA0331,19.33
2026-10-04,15,NMA0331,19.29
2026-10-04,16,NMA0331,19.47
2026-10-04,17,NMA0331,19.37
2026-10-04,18,NMA0331,18.63
2026-10-04,19,NMA0331,18.87
2026-10-04,20,NMA0331,18.23
2026-10-04,21,NMA0331,5.08
2026-10-04,22,NMA0331,0.02
2026-10-04,23,NMA0331,0.02
2026-10-04,24,NMA0331,0.02
2026-10-04,25,NMA0331,2.50
2026-10-04,26,NMA0331,0.41
2026-10-04,27,NMA0331,0.02
2026-10-04,28,NMA0331,0.02
2026-10-04,29,NMA0331,0.02
2026-10-04,30,NMA0331,0.02
2026-10-04,31,NMA0331,0.02
2026-10-04,32,NMA0331,1.28
2026-10-04,33,NMA0331,1.46
2026-10-04,34,NMA0331,11.67
2026-10-04,35,NMA0331,17.45
2026-10-04,36,NMA0331,19.13
2026-10-04,37,NMA0331,19.31
2026-10-04,38,NMA0331,19.16
2026-10-04,39,NMA0331,19.15
2026-10-04,40,NMA0331,19.39
2026-10-04,41,NMA0331,46.03
2026-10-04,42,NMA0331,48.48
2026-10-04,43,NMA0331,47.03
2026-10-04,44,NMA0331,45.58
2026-10-04,45,NMA0331,48.38
2026-10-04,46,NMA0331,48.38
2026-10-04,47,NMA0331,48.53
2026-10-04,48,NMA0331,48.34
2026-10-04,1,NPK0331,22.17
2026-10-04,2,NPK0331,23.42
2026-10-04,3,NPK0331,21.90
2026-10-04,4,NPK0331,21.85
2026-10-04,5,NPK0331,24.62
2026-10-04,6,NPK0331,24.08
2026-10-04,7,NPK0331,22.94
2026-10-04,8,NPK0331,21.88
2026-10-04,9,NPK0331,21.84
2026-10-04,10,NPK0331,20.90
2026-10-04,11,NPK0331,12.40
2026-10-04,12,NPK0331,22.11
2026-10-04,13,NPK0331,17.05
2026-10-04,14,NPK0331,23.24
2026-10-04,15,NPK0331,23.10
2026-10-04,16,NPK0331,24.23
2026-10-04,17,NPK0331,23.54
2026-10-04,18,NPK0331,22.47
2026-10-04,19,NPK0331,23.77
2026-10-04,20,NPK0331,24.00
2026-10-04,21,NPK0331,8.20
2026-10-04,22,NPK0331,0.61
2026-10-04,23,NPK0331,0.11
2026-10-04,24,NPK0331,0.03
2026-10-04,25,NPK0331,2.95
2026-10-04,26,NPK0331,0.47
2026-10-04,27,NPK0331,0.02
2026-10-04,28,NPK0331,0.03
2026-10-04,29,NPK0331,0.07
2026-10-04,30,NPK0331,0.05
2026-10-04,31,NPK0331,0.02
2026-10-04,32,NPK0331,2.22
2026-10-04,33,NPK0331,6.24
2026-10-04,34,NPK0331,21.67
2026-10-04,35,NPK0331,30.02
2026-10-04,36,NPK0331,44.14
2026-10-04,37,NPK0331,50.24
2026-10-04,38,NPK0331,88.12
2026-10-04,39,NPK0331,92.05
2026-10-04,40,NPK0331,75.96
2026-10-04,41,NPK0331,109.87
2026-10-04,42,NPK0331,105.67
2026-10-04,43,NPK0331,81.96
2026-10-04,44,NPK0331,182.46
2026-10-04,45,NPK0331,95.76
2026-10-04,46,NPK0331,72.36
2026-10-04,47,NPK0331,67.05
2026-10-04,48,NPK0331,64.95
2026-10-04,1,NSY0331,19.96
2026-10-04,2,NSY0331,19.78
2026-10-04,3,NSY0331,19.80
2026-10-04,4,NSY0331,19.94
2026-10-04,5,NSY0331,22.42
2026-10-04,6,NSY0331,22.19
2026-10-04,7,NSY0331,21.09
2026-10-04,8,NSY0331,19.90
2026-10-04,9,NSY0331,19.89
2026-10-04,10,NSY0331,19.22
2026-10-04,11,NSY0331,11.15
2026-10-04,12,NSY0331,19.73
2026-10-04,13,NSY0331,14.95
2026-10-04,14,NSY0331,19.81
2026-10-04,15,NSY0331,19.81
2026-10-04,16,NSY0331,19.88
2026-10-04,17,NSY0331,19.79
2026-10-04,18,NSY0331,19.05
2026-10-04,19,NSY0331,19.30
2026-10-04,20,NSY0331,18.61
2026-10-04,21,NSY0331,5.18
2026-10-04,22,NSY0331,0.02
2026-10-04,23,NSY0331,0.02
2026-10-04,24,NSY0331,0.02
2026-10-04,25,NSY0331,2.51
2026-10-04,26,NSY0331,0.41
2026-10-04,27,NSY0331,0.02
2026-10-04,28,NSY0331,0.02
2026-10-04,29,NSY0331,0.02
2026-10-04,30,NSY0331,0.02
2026-10-04,31,NSY0331,0.02
2026-10-04,32,NSY0331,1.28
2026-10-04,33,NSY0331,1.46
2026-10-04,34,NSY0331,11.81
2026-10-04,35,NSY0331,17.60
2026-10-04,36,NSY0331,19.57
2026-10-04,37,NSY0331,19.82
2026-10-04,38,NSY0331,19.69
2026-10-04,39,NSY0331,19.91
2026-10-04,40,NSY0331,19.91
2026-10-04,41,NSY0331,46.80
2026-10-04,42,NSY0331,49.27
2026-10-04,43,NSY0331,47.75
2026-10-04,44,NSY0331,46.40
2026-10-04,45,NSY0331,49.27
2026-10-04,46,NSY0331,49.30
2026-10-04,47,NSY0331,49.35
2026-10-04,48,NSY0331,49.25
2026-10-04,1,NWD0661,21.09
2026-10-04,2,NWD0661,20.94
2026-10-04,3,NWD0661,20.92
2026-10-04,4,NWD0661,20.95
2026-10-04,5,NWD0661,23.44
2026-10-04,6,NWD0661,22.99
2026-10-04,7,NWD0661,21.86
2026-10-04,8,NWD0661,20.71
2026-10-04,9,NWD0661,20.72
2026-10-04,10,NWD0661,19.99
2026-10-04,11,NWD0661,11.76
2026-10-04,12,NWD0661,20.84
2026-10-04,13,NWD0661,15.78
2026-10-04,14,NWD0661,20.93
2026-10-04,15,NWD0661,20.95
2026-10-04,16,NWD0661,21.05
2026-10-04,17,NWD0661,20.93
2026-10-04,18,NWD0661,20.09
2026-10-04,19,NWD0661,20.33
2026-10-04,20,NWD0661,19.49
2026-10-04,21,NWD0661,5.38
2026-10-04,22,NWD0661,0.02
2026-10-04,23,NWD0661,0.02
2026-10-04,24,NWD0661,0.02
2026-10-04,25,NWD0661,2.54
2026-10-04,26,NWD0661,0.41
2026-10-04,27,NWD0661,0.02
2026-10-04,28,NWD0661,0.02
2026-10-04,29,NWD0661,0.02
2026-10-04,30,NWD0661,0.02
2026-10-04,31,NWD0661,0.02
2026-10-04,32,NWD0661,1.30
2026-10-04,33,NWD0661,1.48
2026-10-04,34,NWD0661,11.93
2026-10-04,35,NWD0661,18.14
2026-10-04,36,NWD0661,20.59
2026-10-04,37,NWD0661,20.93
2026-10-04,38,NWD0661,20.87
2026-10-04,39,NWD0661,20.99
2026-10-04,40,NWD0661,21.07
2026-10-04,41,NWD0661,49.88
2026-10-04,42,NWD0661,52.19
2026-10-04,43,NWD0661,50.93
2026-10-04,44,NWD0661,49.16
2026-10-04,45,NWD0661,52.19
2026-10-04,46,NWD0661,52.20
2026-10-04,47,NWD0661,52.24
2026-10-04,48,NWD0661,51.99
2026-10-04,1,OAM0331,20.80
2026-10-04,2,OAM0331,20.62
2026-10-04,3,OAM0331,20.64
2026-10-04,4,OAM0331,20.48
2026-10-04,5,OAM0331,22.94
2026-10-04,6,OAM0331,22.51
2026-10-04,7,OAM0331,21.46
2026-10-04,8,OAM0331,20.59
2026-10-04,9,OAM0331,20.59
2026-10-04,10,OAM0331,19.79
2026-10-04,11,OAM0331,11.72
2026-10-04,12,OAM0331,20.79
2026-10-04,13,OAM0331,15.78
2026-10-04,14,OAM0331,20.93
2026-10-04,15,OAM0331,20.92
2026-10-04,16,OAM0331,20.97
2026-10-04,17,OAM0331,20.91
2026-10-04,18,OAM0331,20.13
2026-10-04,19,OAM0331,20.30
2026-10-04,20,OAM0331,19.41
2026-10-04,21,OAM0331,5.40
2026-10-04,22,OAM0331,0.02
2026-10-04,23,OAM0331,0.02
2026-10-04,24,OAM0331,0.02
2026-10-04,25,OAM0331,2.60
2026-10-04,26,OAM0331,0.42
2026-10-04,27,OAM0331,0.02
2026-10-04,28,OAM0331,0.02
2026-10-04,29,OAM0331,0.02
2026-10-04,30,OAM0331,0.02
2026-10-04,31,OAM0331,0.02
2026-10-04,32,OAM0331,1.33
2026-10-04,33,OAM0331,1.52
2026-10-04,34,OAM0331,12.19
2026-10-04,35,OAM0331,18.17
2026-10-04,36,OAM0331,20.41
2026-10-04,37,OAM0331,20.69
2026-10-04,38,OAM0331,20.54
2026-10-04,39,OAM0331,20.69
2026-10-04,40,OAM0331,20.73
2026-10-04,41,OAM0331,48.80
2026-10-04,42,OAM0331,51.35
2026-10-04,43,OAM0331,49.80
2026-10-04,44,OAM0331,48.33
2026-10-04,45,OAM0331,51.29
2026-10-04,46,OAM0331,51.38
2026-10-04,47,OAM0331,52.05
2026-10-04,48,OAM0331,52.06
2026-10-04,1,OHA2201,20.14
2026-10-04,2,OHA2201,19.99
2026-10-04,3,OHA2201,19.96
2026-10-04,4,OHA2201,20.00
2026-10-04,5,OHA2201,22.44
2026-10-04,6,OHA2201,22.00
2026-10-04,7,OHA2201,20.93
2026-10-04,8,OHA2201,19.96
2026-10-04,9,OHA2201,19.96
2026-10-04,10,OHA2201,19.16
2026-10-04,11,OHA2201,11.24
2026-10-04,12,OHA2201,19.90
2026-10-04,13,OHA2201,15.06
2026-10-04,14,OHA2201,19.98
2026-10-04,15,OHA2201,19.94
2026-10-04,16,OHA2201,20.00
2026-10-04,17,OHA2201,19.84
2026-10-04,18,OHA2201,19.09
2026-10-04,19,OHA2201,19.35
2026-10-04,20,OHA2201,18.68
2026-10-04,21,OHA2201,5.20
2026-10-04,22,OHA2201,0.02
2026-10-04,23,OHA2201,0.02
2026-10-04,24,OHA2201,0.02
2026-10-04,25,OHA2201,2.51
2026-10-04,26,OHA2201,0.41
2026-10-04,27,OHA2201,0.02
2026-10-04,28,OHA2201,0.02
2026-10-04,29,OHA2201,0.02
2026-10-04,30,OHA2201,0.02
2026-10-04,31,OHA2201,0.02
2026-10-04,32,OHA2201,1.28
2026-10-04,33,OHA2201,1.46
2026-10-04,34,OHA2201,11.72
2026-10-04,35,OHA2201,17.50
2026-10-04,36,OHA2201,19.69
2026-10-04,37,OHA2201,19.92
2026-10-04,38,OHA2201,19.80
2026-10-04,39,OHA2201,19.90
2026-10-04,40,OHA2201,19.99
2026-10-04,41,OHA2201,47.12
2026-10-04,42,OHA2201,49.52
2026-10-04,43,OHA2201,48.09
2026-10-04,44,OHA2201,46.64
2026-10-04,45,OHA2201,49.52
2026-10-04,46,OHA2201,49.51
2026-10-04,47,OHA2201,49.75
2026-10-04,48,OHA2201,49.54
2026-10-04,1,OHB2201,20.15
2026-10-04,2,OHB2201,20.00
2026-10-04,3,OHB2201,19.97
2026-10-04,4,OHB2201,20.00
2026-10-04,5,OHB2201,22.44
2026-10-04,6,OHB2201,22.04
2026-10-04,7,OHB2201,20.96
2026-10-04,8,OHB2201,19.97
2026-10-04,9,OHB2201,19.97
2026-10-04,10,OHB2201,19.16
2026-10-04,11,OHB2201,11.24
2026-10-04,12,OHB2201,19.91
2026-10-04,13,OHB2201,15.06
2026-10-04,14,OHB2201,19.99
2026-10-04,15,OHB2201,19.98
2026-10-04,16,OHB2201,20.01
2026-10-04,17,OHB2201,19.88
2026-10-04,18,OHB2201,19.13
2026-10-04,19,OHB2201,19.39
2026-10-04,20,OHB2201,18.72
2026-10-04,21,OHB2201,5.21
2026-10-04,22,OHB2201,0.02
2026-10-04,23,OHB2201,0.02
2026-10-04,24,OHB2201,0.02
2026-10-04,25,OHB2201,2.51
2026-10-04,26,OHB2201,0.41
2026-10-04,27,OHB2201,0.02
2026-10-04,28,OHB2201,0.02
2026-10-04,29,OHB2201,0.02
2026-10-04,30,OHB2201,0.02
2026-10-04,31,OHB2201,0.02
2026-10-04,32,OHB2201,1.28
2026-10-04,33,OHB2201,1.46
2026-10-04,34,OHB2201,11.75
2026-10-04,35,OHB2201,17.53
2026-10-04,36,OHB2201,19.73
2026-10-04,37,OHB2201,19.96
2026-10-04,38,OHB2201,19.84
2026-10-04,39,OHB2201,19.94
2026-10-04,40,OHB2201,20.03
2026-10-04,41,OHB2201,47.21
2026-10-04,42,OHB2201,49.61
2026-10-04,43,OHB2201,48.18
2026-10-04,44,OHB2201,46.73
2026-10-04,45,OHB2201,49.61
2026-10-04,46,OHB2201,49.60
2026-10-04,47,OHB2201,49.87
2026-10-04,48,OHB2201,49.65
2026-10-04,1,OHC2201,20.15
2026-10-04,2,OHC2201,20.00
2026-10-04,3,OHC2201,19.97
2026-10-04,4,OHC2201,20.00
2026-10-04,5,OHC2201,22.44
2026-10-04,6,OHC2201,22.03
2026-10-04,7,OHC2201,20.95
2026-10-04,8,OHC2201,19.97
2026-10-04,9,OHC2201,19.97
2026-10-04,10,OHC2201,19.16
2026-10-04,11,OHC2201,11.24
2026-10-04,12,OHC2201,19.91
2026-10-04,13,OHC2201,15.07
2026-10-04,14,OHC2201,19.98
2026-10-04,15,OHC2201,19.98
2026-10-04,16,OHC2201,20.00
2026-10-04,17,OHC2201,19.88
2026-10-04,18,OHC2201,19.15
2026-10-04,19,OHC2201,19.42
2026-10-04,20,OHC2201,18.74
2026-10-04,21,OHC2201,5.22
2026-10-04,22,OHC2201,0.02
2026-10-04,23,OHC2201,0.02
2026-10-04,24,OHC2201,0.02
2026-10-04,25,OHC2201,2.51
2026-10-04,26,OHC2201,0.41
2026-10-04,27,OHC2201,0.02
2026-10-04,28,OHC2201,0.02
2026-10-04,29,OHC2201,0.02
2026-10-04,30,OHC2201,0.02
2026-10-04,31,OHC2201,0.02
2026-10-04,32,OHC2201,1.28
2026-10-04,33,OHC2201,1.46
2026-10-04,34,OHC2201,11.76
2026-10-04,35,OHC2201,17.55
2026-10-04,36,OHC2201,19.75
2026-10-04,37,OHC2201,19.99
2026-10-04,38,OHC2201,19.86
2026-10-04,39,OHC2201,19.97
2026-10-04,40,OHC2201,20.03
2026-10-04,41,OHC2201,47.21
2026-10-04,42,OHC2201,49.62
2026-10-04,43,OHC2201,48.19
2026-10-04,44,OHC2201,46.74
2026-10-04,45,OHC2201,49.62
2026-10-04,46,OHC2201,49.67
2026-10-04,47,OHC2201,49.90
2026-10-04,48,OHC2201,49.69
2026-10-04,1,OHG1101,21.48
2026-10-04,2,OHG1101,22.67
2026-10-04,3,OHG1101,21.31
2026-10-04,4,OHG1101,21.34
2026-10-04,5,OHG1101,23.85
2026-10-04,6,OHG1101,23.43
2026-10-04,7,OHG1101,22.28
2026-10-04,8,OHG1101,21.23
2026-10-04,9,OHG1101,21.20
2026-10-04,10,OHG1101,20.35
2026-10-04,11,OHG1101,12.00
2026-10-04,12,OHG1101,21.54
2026-10-04,13,OHG1101,16.76
2026-10-04,14,OHG1101,22.71
2026-10-04,15,OHG1101,22.77
2026-10-04,16,OHG1101,23.77
2026-10-04,17,OHG1101,23.05
2026-10-04,18,OHG1101,22.05
2026-10-04,19,OHG1101,23.30
2026-10-04,20,OHG1101,23.58
2026-10-04,21,OHG1101,8.04
2026-10-04,22,OHG1101,0.59
2026-10-04,23,OHG1101,0.10
2026-10-04,24,OHG1101,0.03
2026-10-04,25,OHG1101,2.86
2026-10-04,26,OHG1101,0.46
2026-10-04,27,OHG1101,0.02
2026-10-04,28,OHG1101,0.03
2026-10-04,29,OHG1101,0.07
2026-10-04,30,OHG1101,0.05
2026-10-04,31,OHG1101,0.02
2026-10-04,32,OHG1101,2.14
2026-10-04,33,OHG1101,5.98
2026-10-04,34,OHG1101,20.77
2026-10-04,35,OHG1101,28.94
2026-10-04,36,OHG1101,42.20
2026-10-04,37,OHG1101,48.21
2026-10-04,38,OHG1101,84.11
2026-10-04,39,OHG1101,87.93
2026-10-04,40,OHG1101,71.82
2026-10-04,41,OHG1101,103.81
2026-10-04,42,OHG1101,99.53
2026-10-04,43,OHG1101,77.44
2026-10-04,44,OHG1101,177.23
2026-10-04,45,OHG1101,92.14
2026-10-04,46,OHG1101,70.80
2026-10-04,47,OHG1101,66.53
2026-10-04,48,OHG1101,64.98
2026-10-04,1,OHK2201,20.52
2026-10-04,2,OHK2201,21.98
2026-10-04,3,OHK2201,20.65
2026-10-04,4,OHK2201,20.57
2026-10-04,5,OHK2201,23.01
2026-10-04,6,OHK2201,22.54
2026-10-04,7,OHK2201,21.45
2026-10-04,8,OHK2201,20.45
2026-10-04,9,OHK2201,20.43
2026-10-04,10,OHK2201,19.53
2026-10-04,11,OHK2201,11.63
2026-10-04,12,OHK2201,21.01
2026-10-04,13,OHK2201,16.27
2026-10-04,14,OHK2201,21.94
2026-10-04,15,OHK2201,21.69
2026-10-04,16,OHK2201,22.72
2026-10-04,17,OHK2201,21.96
2026-10-04,18,OHK2201,21.04
2026-10-04,19,OHK2201,22.48
2026-10-04,20,OHK2201,22.85
2026-10-04,21,OHK2201,7.79
2026-10-04,22,OHK2201,0.58
2026-10-04,23,OHK2201,0.10
2026-10-04,24,OHK2201,0.03
2026-10-04,25,OHK2201,2.85
2026-10-04,26,OHK2201,0.45
2026-10-04,27,OHK2201,0.02
2026-10-04,28,OHK2201,0.03
2026-10-04,29,OHK2201,0.07
2026-10-04,30,OHK2201,0.05
2026-10-04,31,OHK2201,0.02
2026-10-04,32,OHK2201,2.13
2026-10-04,33,OHK2201,5.98
2026-10-04,34,OHK2201,20.76
2026-10-04,35,OHK2201,28.87
2026-10-04,36,OHK2201,42.13
2026-10-04,37,OHK2201,48.32
2026-10-04,38,OHK2201,84.09
2026-10-04,39,OHK2201,88.72
2026-10-04,40,OHK2201,72.32
2026-10-04,41,OHK2201,104.23
2026-10-04,42,OHK2201,99.91
2026-10-04,43,OHK2201,77.68
2026-10-04,44,OHK2201,176.57
2026-10-04,45,OHK2201,91.96
2026-10-04,46,OHK2201,69.35
2026-10-04,47,OHK2201,64.20
2026-10-04,48,OHK2201,61.89
2026-10-04,1,OKI2201,20.49
2026-10-04,2,OKI2201,21.83
2026-10-04,3,OKI2201,20.51
2026-10-04,4,OKI2201,20.45
2026-10-04,5,OKI2201,22.88
2026-10-04,6,OKI2201,22.43
2026-10-04,7,OKI2201,21.34
2026-10-04,8,OKI2201,20.35
2026-10-04,9,OKI2201,20.33
2026-10-04,10,OKI2201,19.43
2026-10-04,11,OKI2201,11.57
2026-10-04,12,OKI2201,20.90
2026-10-04,13,OKI2201,16.17
2026-10-04,14,OKI2201,21.80
2026-10-04,15,OKI2201,21.66
2026-10-04,16,OKI2201,22.69
2026-10-04,17,OKI2201,21.92
2026-10-04,18,OKI2201,21.01
2026-10-04,19,OKI2201,22.43
2026-10-04,20,OKI2201,22.80
2026-10-04,21,OKI2201,7.79
2026-10-04,22,OKI2201,0.58
2026-10-04,23,OKI2201,0.10
2026-10-04,24,OKI2201,0.03
2026-10-04,25,OKI2201,2.84
2026-10-04,26,OKI2201,0.45
2026-10-04,27,OKI2201,0.02
2026-10-04,28,OKI2201,0.03
2026-10-04,29,OKI2201,0.07
2026-10-04,30,OKI2201,0.05
2026-10-04,31,OKI2201,0.02
2026-10-04,32,OKI2201,2.13
2026-10-04,33,OKI2201,5.97
2026-10-04,34,OKI2201,20.72
2026-10-04,35,OKI2201,28.82
2026-10-04,36,OKI2201,42.07
2026-10-04,37,OKI2201,48.25
2026-10-04,38,OKI2201,83.96
2026-10-04,39,OKI2201,88.58
2026-10-04,40,OKI2201,72.20
2026-10-04,41,OKI2201,104.07
2026-10-04,42,OKI2201,99.76
2026-10-04,43,OKI2201,77.58
2026-10-04,44,OKI2201,176.30
2026-10-04,45,OKI2201,91.83
2026-10-04,46,OKI2201,69.26
2026-10-04,47,OKI2201,64.12
2026-10-04,48,OKI2201,61.81
2026-10-04,1,OKN0111,22.07
2026-10-04,2,OKN0111,23.13
2026-10-04,3,OKN0111,21.83
2026-10-04,4,OKN0111,21.85
2026-10-04,5,OKN0111,24.46
2026-10-04,6,OKN0111,24.06
2026-10-04,7,OKN0111,22.89
2026-10-04,8,OKN0111,21.82
2026-10-04,9,OKN0111,21.82
2026-10-04,10,OKN0111,20.89
2026-10-04,11,OKN0111,12.26
2026-10-04,12,OKN0111,21.85
2026-10-04,13,OKN0111,16.91
2026-10-04,14,OKN0111,23.03
2026-10-04,15,OKN0111,22.87
2026-10-04,16,OKN0111,23.97
2026-10-04,17,OKN0111,23.30
2026-10-04,18,OKN0111,22.25
2026-10-04,19,OKN0111,23.53
2026-10-04,20,OKN0111,23.77
2026-10-04,21,OKN0111,8.12
2026-10-04,22,OKN0111,0.60
2026-10-04,23,OKN0111,0.11
2026-10-04,24,OKN0111,0.03
2026-10-04,25,OKN0111,2.92
2026-10-04,26,OKN0111,0.46
2026-10-04,27,OKN0111,0.02
2026-10-04,28,OKN0111,0.03
2026-10-04,29,OKN0111,0.07
2026-10-04,30,OKN0111,0.05
2026-10-04,31,OKN0111,0.02
2026-10-04,32,OKN0111,2.20
2026-10-04,33,OKN0111,6.18
2026-10-04,34,OKN0111,21.45
2026-10-04,35,OKN0111,29.67
2026-10-04,36,OKN0111,43.26
2026-10-04,37,OKN0111,49.42
2026-10-04,38,OKN0111,86.45
2026-10-04,39,OKN0111,90.55
2026-10-04,40,OKN0111,74.62
2026-10-04,41,OKN0111,107.64
2026-10-04,42,OKN0111,103.58
2026-10-04,43,OKN0111,80.31
2026-10-04,44,OKN0111,181.02
2026-10-04,45,OKN0111,94.74
2026-10-04,46,OKN0111,71.72
2026-10-04,47,OKN0111,66.53
2026-10-04,48,OKN0111,64.50
2026-10-04,1,ONG0331,22.23
2026-10-04,2,ONG0331,23.42
2026-10-04,3,ONG0331,21.91
2026-10-04,4,ONG0331,21.86
2026-10-04,5,ONG0331,24.66
2026-10-04,6,ONG0331,24.14
2026-10-04,7,ONG0331,22.97
2026-10-04,8,ONG0331,21.92
2026-10-04,9,ONG0331,21.89
2026-10-04,10,ONG0331,20.94
2026-10-04,11,ONG0331,12.39
2026-10-04,12,ONG0331,22.44
2026-10-04,13,ONG0331,17.25
2026-10-04,14,ONG0331,23.47
2026-10-04,15,ONG0331,23.36
2026-10-04,16,ONG0331,24.53
2026-10-04,17,ONG0331,23.88
2026-10-04,18,ONG0331,22.79
2026-10-04,19,ONG0331,24.05
2026-10-04,20,ONG0331,24.27
2026-10-04,21,ONG0331,8.28
2026-10-04,22,ONG0331,0.62
2026-10-04,23,ONG0331,0.11
2026-10-04,24,ONG0331,0.03
2026-10-04,25,ONG0331,2.99
2026-10-04,26,ONG0331,0.47
2026-10-04,27,ONG0331,0.02
2026-10-04,28,ONG0331,0.03
2026-10-04,29,ONG0331,0.07
2026-10-04,30,ONG0331,0.05
2026-10-04,31,ONG0331,0.02
2026-10-04,32,ONG0331,2.26
2026-10-04,33,ONG0331,6.34
2026-10-04,34,ONG0331,22.03
2026-10-04,35,ONG0331,30.46
2026-10-04,36,ONG0331,44.63
2026-10-04,37,ONG0331,51.60
2026-10-04,38,ONG0331,89.85
2026-10-04,39,ONG0331,94.46
2026-10-04,40,ONG0331,77.79
2026-10-04,41,ONG0331,111.26
2026-10-04,42,ONG0331,106.96
2026-10-04,43,ONG0331,83.00
2026-10-04,44,ONG0331,184.67
2026-10-04,45,ONG0331,97.17
2026-10-04,46,ONG0331,73.31
2026-10-04,47,ONG0331,67.88
2026-10-04,48,ONG0331,65.77
2026-10-04,1,OPK0331,21.68
2026-10-04,2,OPK0331,22.88
2026-10-04,3,OPK0331,21.49
2026-10-04,4,OPK0331,21.51
2026-10-04,5,OPK0331,24.03
2026-10-04,6,OPK0331,23.54
2026-10-04,7,OPK0331,22.39
2026-10-04,8,OPK0331,21.35
2026-10-04,9,OPK0331,21.32
2026-10-04,10,OPK0331,20.45
2026-10-04,11,OPK0331,12.09
2026-10-04,12,OPK0331,21.86
2026-10-04,13,OPK0331,17.05
2026-10-04,14,OPK0331,23.12
2026-10-04,15,OPK0331,23.10
2026-10-04,16,OPK0331,24.17
2026-10-04,17,OPK0331,23.38
2026-10-04,18,OPK0331,22.29
2026-10-04,19,OPK0331,23.59
2026-10-04,20,OPK0331,23.86
2026-10-04,21,OPK0331,8.13
2026-10-04,22,OPK0331,0.59
2026-10-04,23,OPK0331,0.11
2026-10-04,24,OPK0331,0.03
2026-10-04,25,OPK0331,2.89
2026-10-04,26,OPK0331,0.46
2026-10-04,27,OPK0331,0.02
2026-10-04,28,OPK0331,0.03
2026-10-04,29,OPK0331,0.07
2026-10-04,30,OPK0331,0.05
2026-10-04,31,OPK0331,0.02
2026-10-04,32,OPK0331,2.17
2026-10-04,33,OPK0331,6.08
2026-10-04,34,OPK0331,21.08
2026-10-04,35,OPK0331,29.31
2026-10-04,36,OPK0331,42.66
2026-10-04,37,OPK0331,48.74
2026-10-04,38,OPK0331,85.10
2026-10-04,39,OPK0331,89.20
2026-10-04,40,OPK0331,72.90
2026-10-04,41,OPK0331,105.17
2026-10-04,42,OPK0331,100.82
2026-10-04,43,OPK0331,78.40
2026-10-04,44,OPK0331,179.66
2026-10-04,45,OPK0331,93.26
2026-10-04,46,OPK0331,71.41
2026-10-04,47,OPK0331,67.14
2026-10-04,48,OPK0331,65.69
2026-10-04,1,ORO1101,21.74
2026-10-04,2,ORO1101,21.57
2026-10-04,3,ORO1101,21.55
2026-10-04,4,ORO1101,21.57
2026-10-04,5,ORO1101,24.13
2026-10-04,6,ORO1101,23.67
2026-10-04,7,ORO1101,22.13
2026-10-04,8,ORO1101,20.92
2026-10-04,9,ORO1101,20.83
2026-10-04,10,ORO1101,20.13
2026-10-04,11,ORO1101,12.05
2026-10-04,12,ORO1101,21.31
2026-10-04,13,ORO1101,16.14
2026-10-04,14,ORO1101,21.54
2026-10-04,15,ORO1101,21.65
2026-10-04,16,ORO1101,21.84
2026-10-04,17,ORO1101,21.78
2026-10-04,18,ORO1101,20.94
2026-10-04,19,ORO1101,21.37
2026-10-04,20,ORO1101,20.51
2026-10-04,21,ORO1101,5.65
2026-10-04,22,ORO1101,0.02
2026-10-04,23,ORO1101,0.02
2026-10-04,24,ORO1101,0.02
2026-10-04,25,ORO1101,2.65
2026-10-04,26,ORO1101,0.43
2026-10-04,27,ORO1101,0.02
2026-10-04,28,ORO1101,0.02
2026-10-04,29,ORO1101,0.02
2026-10-04,30,ORO1101,0.02
2026-10-04,31,ORO1101,0.02
2026-10-04,32,ORO1101,1.35
2026-10-04,33,ORO1101,1.55
2026-10-04,34,ORO1101,12.44
2026-10-04,35,ORO1101,18.86
2026-10-04,36,ORO1101,21.51
2026-10-04,37,ORO1101,21.94
2026-10-04,38,ORO1101,21.80
2026-10-04,39,ORO1101,21.95
2026-10-04,40,ORO1101,22.21
2026-10-04,41,ORO1101,52.21
2026-10-04,42,ORO1101,54.49
2026-10-04,43,ORO1101,52.66
2026-10-04,44,ORO1101,50.75
2026-10-04,45,ORO1101,53.10
2026-10-04,46,ORO1101,52.88
2026-10-04,47,ORO1101,53.54
2026-10-04,48,ORO1101,53.24
2026-10-04,1,ORO1102,21.71
2026-10-04,2,ORO1102,21.55
2026-10-04,3,ORO1102,21.53
2026-10-04,4,ORO1102,21.55
2026-10-04,5,ORO1102,24.10
2026-10-04,6,ORO1102,23.64
2026-10-04,7,ORO1102,22.17
2026-10-04,8,ORO1102,20.82
2026-10-04,9,ORO1102,20.82
2026-10-04,10,ORO1102,20.08
2026-10-04,11,ORO1102,12.04
2026-10-04,12,ORO1102,21.32
2026-10-04,13,ORO1102,16.18
2026-10-04,14,ORO1102,21.48
2026-10-04,15,ORO1102,21.56
2026-10-04,16,ORO1102,21.77
2026-10-04,17,ORO1102,21.72
2026-10-04,18,ORO1102,20.87
2026-10-04,19,ORO1102,21.31
2026-10-04,20,ORO1102,20.49
2026-10-04,21,ORO1102,5.65
2026-10-04,22,ORO1102,0.02
2026-10-04,23,ORO1102,0.02
2026-10-04,24,ORO1102,0.02
2026-10-04,25,ORO1102,2.65
2026-10-04,26,ORO1102,0.43
2026-10-04,27,ORO1102,0.02
2026-10-04,28,ORO1102,0.02
2026-10-04,29,ORO1102,0.02
2026-10-04,30,ORO1102,0.02
2026-10-04,31,ORO1102,0.02
2026-10-04,32,ORO1102,1.35
2026-10-04,33,ORO1102,1.54
2026-10-04,34,ORO1102,12.42
2026-10-04,35,ORO1102,18.84
2026-10-04,36,ORO1102,21.49
2026-10-04,37,ORO1102,21.91
2026-10-04,38,ORO1102,21.78
2026-10-04,39,ORO1102,21.92
2026-10-04,40,ORO1102,22.19
2026-10-04,41,ORO1102,52.16
2026-10-04,42,ORO1102,54.44
2026-10-04,43,ORO1102,52.61
2026-10-04,44,ORO1102,50.70
2026-10-04,45,ORO1102,53.04
2026-10-04,46,ORO1102,52.83
2026-10-04,47,ORO1102,53.84
2026-10-04,48,ORO1102,53.46
2026-10-04,1,OTA0221,22.02
2026-10-04,2,OTA0221,23.23
2026-10-04,3,OTA0221,21.70
2026-10-04,4,OTA0221,21.64
2026-10-04,5,OTA0221,24.23
2026-10-04,6,OTA0221,23.75
2026-10-04,7,OTA0221,22.59
2026-10-04,8,OTA0221,21.55
2026-10-04,9,OTA0221,21.52
2026-10-04,10,OTA0221,20.58
2026-10-04,11,OTA0221,12.25
2026-10-04,12,OTA0221,22.20
2026-10-04,13,OTA0221,17.19
2026-10-04,14,OTA0221,23.39
2026-10-04,15,OTA0221,23.44
2026-10-04,16,OTA0221,24.71
2026-10-04,17,OTA0221,23.93
2026-10-04,18,OTA0221,22.93
2026-10-04,19,OTA0221,24.50
2026-10-04,20,OTA0221,24.91
2026-10-04,21,OTA0221,8.51
2026-10-04,22,OTA0221,0.64
2026-10-04,23,OTA0221,0.11
2026-10-04,24,OTA0221,0.03
2026-10-04,25,OTA0221,3.11
2026-10-04,26,OTA0221,0.49
2026-10-04,27,OTA0221,0.02
2026-10-04,28,OTA0221,0.03
2026-10-04,29,OTA0221,0.07
2026-10-04,30,OTA0221,0.06
2026-10-04,31,OTA0221,0.02
2026-10-04,32,OTA0221,2.34
2026-10-04,33,OTA0221,6.55
2026-10-04,34,OTA0221,22.75
2026-10-04,35,OTA0221,31.68
2026-10-04,36,OTA0221,46.23
2026-10-04,37,OTA0221,53.02
2026-10-04,38,OTA0221,92.58
2026-10-04,39,OTA0221,97.66
2026-10-04,40,OTA0221,79.61
2026-10-04,41,OTA0221,114.72
2026-10-04,42,OTA0221,109.97
2026-10-04,43,OTA0221,85.53
2026-10-04,44,OTA0221,194.02
2026-10-04,45,OTA0221,101.04
2026-10-04,46,OTA0221,76.16
2026-10-04,47,OTA0221,70.36
2026-10-04,48,OTA0221,67.60
2026-10-04,1,OTA2201,21.99
2026-10-04,2,OTA2201,23.21
2026-10-04,3,OTA2201,21.69
2026-10-04,4,OTA2201,21.63
2026-10-04,5,OTA2201,24.21
2026-10-04,6,OTA2201,23.73
2026-10-04,7,OTA2201,22.58
2026-10-04,8,OTA2201,21.54
2026-10-04,9,OTA2201,21.51
2026-10-04,10,OTA2201,20.56
2026-10-04,11,OTA2201,12.24
2026-10-04,12,OTA2201,22.19
2026-10-04,13,OTA2201,17.18
2026-10-04,14,OTA2201,23.37
2026-10-04,15,OTA2201,23.43
2026-10-04,16,OTA2201,24.66
2026-10-04,17,OTA2201,23.87
2026-10-04,18,OTA2201,22.87
2026-10-04,19,OTA2201,24.43
2026-10-04,20,OTA2201,24.84
2026-10-04,21,OTA2201,8.49
2026-10-04,22,OTA2201,0.63
2026-10-04,23,OTA2201,0.11
2026-10-04,24,OTA2201,0.03
2026-10-04,25,OTA2201,3.10
2026-10-04,26,OTA2201,0.49
2026-10-04,27,OTA2201,0.02
2026-10-04,28,OTA2201,0.03
2026-10-04,29,OTA2201,0.07
2026-10-04,30,OTA2201,0.06
2026-10-04,31,OTA2201,0.02
2026-10-04,32,OTA2201,2.33
2026-10-04,33,OTA2201,6.54
2026-10-04,34,OTA2201,22.69
2026-10-04,35,OTA2201,31.60
2026-10-04,36,OTA2201,46.10
2026-10-04,37,OTA2201,52.88
2026-10-04,38,OTA2201,92.34
2026-10-04,39,OTA2201,97.40
2026-10-04,40,OTA2201,79.40
2026-10-04,41,OTA2201,114.41
2026-10-04,42,OTA2201,109.67
2026-10-04,43,OTA2201,85.30
2026-10-04,44,OTA2201,193.50
2026-10-04,45,OTA2201,100.77
2026-10-04,46,OTA2201,75.96
2026-10-04,47,OTA2201,70.18
2026-10-04,48,OTA2201,67.42
2026-10-04,1,OTI0111,20.95
2026-10-04,2,OTI0111,20.42
2026-10-04,3,OTI0111,20.40
2026-10-04,4,OTI0111,20.42
2026-10-04,5,OTI0111,22.81
2026-10-04,6,OTI0111,22.35
2026-10-04,7,OTI0111,21.16
2026-10-04,8,OTI0111,19.91
2026-10-04,9,OTI0111,19.98
2026-10-04,10,OTI0111,19.30
2026-10-04,11,OTI0111,11.45
2026-10-04,12,OTI0111,20.43
2026-10-04,13,OTI0111,15.91
2026-10-04,14,OTI0111,21.15
2026-10-04,15,OTI0111,21.37
2026-10-04,16,OTI0111,21.71
2026-10-04,17,OTI0111,21.68
2026-10-04,18,OTI0111,20.68
2026-10-04,19,OTI0111,20.49
2026-10-04,20,OTI0111,19.59
2026-10-04,21,OTI0111,5.40
2026-10-04,22,OTI0111,0.02
2026-10-04,23,OTI0111,0.02
2026-10-04,24,OTI0111,0.02
2026-10-04,25,OTI0111,2.51
2026-10-04,26,OTI0111,0.40
2026-10-04,27,OTI0111,0.02
2026-10-04,28,OTI0111,0.02
2026-10-04,29,OTI0111,0.02
2026-10-04,30,OTI0111,0.02
2026-10-04,31,OTI0111,0.02
2026-10-04,32,OTI0111,1.29
2026-10-04,33,OTI0111,1.47
2026-10-04,34,OTI0111,11.93
2026-10-04,35,OTI0111,18.01
2026-10-04,36,OTI0111,20.47
2026-10-04,37,OTI0111,21.10
2026-10-04,38,OTI0111,21.29
2026-10-04,39,OTI0111,21.53
2026-10-04,40,OTI0111,21.76
2026-10-04,41,OTI0111,49.47
2026-10-04,42,OTI0111,51.25
2026-10-04,43,OTI0111,49.79
2026-10-04,44,OTI0111,47.98
2026-10-04,45,OTI0111,50.12
2026-10-04,46,OTI0111,49.77
2026-10-04,47,OTI0111,51.06
2026-10-04,48,OTI0111,50.67
2026-10-04,1,OWH0111,19.14
2026-10-04,2,OWH0111,20.55
2026-10-04,3,OWH0111,19.27
2026-10-04,4,OWH0111,19.18
2026-10-04,5,OWH0111,21.26
2026-10-04,6,OWH0111,20.84
2026-10-04,7,OWH0111,19.90
2026-10-04,8,OWH0111,19.08
2026-10-04,9,OWH0111,19.06
2026-10-04,10,OWH0111,18.00
2026-10-04,11,OWH0111,10.66
2026-10-04,12,OWH0111,19.61
2026-10-04,13,OWH0111,14.28
2026-10-04,14,OWH0111,19.50
2026-10-04,15,OWH0111,19.27
2026-10-04,16,OWH0111,20.92
2026-10-04,17,OWH0111,19.30
2026-10-04,18,OWH0111,18.32
2026-10-04,19,OWH0111,20.28
2026-10-04,20,OWH0111,21.59
2026-10-04,21,OWH0111,7.37
2026-10-04,22,OWH0111,0.55
2026-10-04,23,OWH0111,0.10
2026-10-04,24,OWH0111,0.03
2026-10-04,25,OWH0111,2.69
2026-10-04,26,OWH0111,0.43
2026-10-04,27,OWH0111,0.02
2026-10-04,28,OWH0111,0.03
2026-10-04,29,OWH0111,0.06
2026-10-04,30,OWH0111,0.05
2026-10-04,31,OWH0111,0.02
2026-10-04,32,OWH0111,2.00
2026-10-04,33,OWH0111,5.66
2026-10-04,34,OWH0111,19.62
2026-10-04,35,OWH0111,27.28
2026-10-04,36,OWH0111,39.93
2026-10-04,37,OWH0111,45.90
2026-10-04,38,OWH0111,80.21
2026-10-04,39,OWH0111,85.74
2026-10-04,40,OWH0111,70.03
2026-10-04,41,OWH0111,100.57
2026-10-04,42,OWH0111,96.48
2026-10-04,43,OWH0111,74.11
2026-10-04,44,OWH0111,167.90
2026-10-04,45,OWH0111,87.44
2026-10-04,46,OWH0111,65.94
2026-10-04,47,OWH0111,61.05
2026-10-04,48,OWH0111,58.84
2026-10-04,1,PAK0331,21.99
2026-10-04,2,PAK0331,23.21
2026-10-04,3,PAK0331,21.68
2026-10-04,4,PAK0331,21.62
2026-10-04,5,PAK0331,24.20
2026-10-04,6,PAK0331,23.73
2026-10-04,7,PAK0331,22.57
2026-10-04,8,PAK0331,21.53
2026-10-04,9,PAK0331,21.50
2026-10-04,10,PAK0331,20.56
2026-10-04,11,PAK0331,12.24
2026-10-04,12,PAK0331,22.18
2026-10-04,13,PAK0331,17.17
2026-10-04,14,PAK0331,23.37
2026-10-04,15,PAK0331,23.42
2026-10-04,16,PAK0331,24.65
2026-10-04,17,PAK0331,23.89
2026-10-04,18,PAK0331,22.89
2026-10-04,19,PAK0331,24.45
2026-10-04,20,PAK0331,24.87
2026-10-04,21,PAK0331,8.50
2026-10-04,22,PAK0331,0.64
2026-10-04,23,PAK0331,0.11
2026-10-04,24,PAK0331,0.03
2026-10-04,25,PAK0331,3.11
2026-10-04,26,PAK0331,0.49
2026-10-04,27,PAK0331,0.02
2026-10-04,28,PAK0331,0.03
2026-10-04,29,PAK0331,0.07
2026-10-04,30,PAK0331,0.06
2026-10-04,31,PAK0331,0.02
2026-10-04,32,PAK0331,2.33
2026-10-04,33,PAK0331,6.54
2026-10-04,34,PAK0331,22.70
2026-10-04,35,PAK0331,31.62
2026-10-04,36,PAK0331,46.14
2026-10-04,37,PAK0331,52.92
2026-10-04,38,PAK0331,92.40
2026-10-04,39,PAK0331,97.47
2026-10-04,40,PAK0331,79.45
2026-10-04,41,PAK0331,114.49
2026-10-04,42,PAK0331,109.75
2026-10-04,43,PAK0331,85.36
2026-10-04,44,PAK0331,193.64
2026-10-04,45,PAK0331,100.84
2026-10-04,46,PAK0331,76.01
2026-10-04,47,PAK0331,70.23
2026-10-04,48,PAK0331,67.48
2026-10-04,1,PAO1101,22.35
2026-10-04,2,PAO1101,23.70
2026-10-04,3,PAO1101,22.15
2026-10-04,4,PAO1101,22.09
2026-10-04,5,PAO1101,24.72
2026-10-04,6,PAO1101,24.23
2026-10-04,7,PAO1101,23.04
2026-10-04,8,PAO1101,21.99
2026-10-04,9,PAO1101,21.96
2026-10-04,10,PAO1101,20.99
2026-10-04,11,PAO1101,12.50
2026-10-04,12,PAO1101,22.66
2026-10-04,13,PAO1101,17.57
2026-10-04,14,PAO1101,23.80
2026-10-04,15,PAO1101,23.76
2026-10-04,16,PAO1101,24.75
2026-10-04,17,PAO1101,23.86
2026-10-04,18,PAO1101,22.86
2026-10-04,19,PAO1101,24.20
2026-10-04,20,PAO1101,24.44
2026-10-04,21,PAO1101,8.33
2026-10-04,22,PAO1101,0.62
2026-10-04,23,PAO1101,0.11
2026-10-04,24,PAO1101,0.03
2026-10-04,25,PAO1101,2.98
2026-10-04,26,PAO1101,0.47
2026-10-04,27,PAO1101,0.02
2026-10-04,28,PAO1101,0.03
2026-10-04,29,PAO1101,0.07
2026-10-04,30,PAO1101,0.05
2026-10-04,31,PAO1101,0.02
2026-10-04,32,PAO1101,2.26
2026-10-04,33,PAO1101,6.35
2026-10-04,34,PAO1101,22.07
2026-10-04,35,PAO1101,30.92
2026-10-04,36,PAO1101,45.23
2026-10-04,37,PAO1101,52.49
2026-10-04,38,PAO1101,92.53
2026-10-04,39,PAO1101,98.35
2026-10-04,40,PAO1101,80.70
2026-10-04,41,PAO1101,116.21
2026-10-04,42,PAO1101,110.01
2026-10-04,43,PAO1101,85.43
2026-10-04,44,PAO1101,192.50
2026-10-04,45,PAO1101,100.44
2026-10-04,46,PAO1101,75.59
2026-10-04,47,PAO1101,69.89
2026-10-04,48,PAO1101,67.46
2026-10-04,1,PEN0221,22.09
2026-10-04,2,PEN0221,23.30
2026-10-04,3,PEN0221,21.76
2026-10-04,4,PEN0221,21.71
2026-10-04,5,PEN0221,24.30
2026-10-04,6,PEN0221,23.81
2026-10-04,7,PEN0221,22.66
2026-10-04,8,PEN0221,21.60
2026-10-04,9,PEN0221,21.58
2026-10-04,10,PEN0221,20.63
2026-10-04,11,PEN0221,12.28
2026-10-04,12,PEN0221,22.27
2026-10-04,13,PEN0221,17.24
2026-10-04,14,PEN0221,23.47
2026-10-04,15,PEN0221,23.54
2026-10-04,16,PEN0221,24.77
2026-10-04,17,PEN0221,23.98
2026-10-04,18,PEN0221,22.98
2026-10-04,19,PEN0221,24.55
2026-10-04,20,PEN0221,24.96
2026-10-04,21,PEN0221,8.53
2026-10-04,22,PEN0221,0.64
2026-10-04,23,PEN0221,0.11
2026-10-04,24,PEN0221,0.03
2026-10-04,25,PEN0221,3.12
2026-10-04,26,PEN0221,0.49
2026-10-04,27,PEN0221,0.02
2026-10-04,28,PEN0221,0.03
2026-10-04,29,PEN0221,0.07
2026-10-04,30,PEN0221,0.06
2026-10-04,31,PEN0221,0.02
2026-10-04,32,PEN0221,2.34
2026-10-04,33,PEN0221,6.56
2026-10-04,34,PEN0221,22.79
2026-10-04,35,PEN0221,31.74
2026-10-04,36,PEN0221,46.32
2026-10-04,37,PEN0221,53.12
2026-10-04,38,PEN0221,92.76
2026-10-04,39,PEN0221,97.85
2026-10-04,40,PEN0221,79.76
2026-10-04,41,PEN0221,114.95
2026-10-04,42,PEN0221,110.18
2026-10-04,43,PEN0221,85.69
2026-10-04,44,PEN0221,194.40
2026-10-04,45,PEN0221,101.24
2026-10-04,46,PEN0221,76.31
2026-10-04,47,PEN0221,70.50
2026-10-04,48,PEN0221,67.74
2026-10-04,1,PEN0251,22.01
2026-10-04,2,PEN0251,23.23
2026-10-04,3,PEN0251,21.70
2026-10-04,4,PEN0251,21.64
2026-10-04,5,PEN0251,24.23
2026-10-04,6,PEN0251,23.75
2026-10-04,7,PEN0251,22.59
2026-10-04,8,PEN0251,21.55
2026-10-04,9,PEN0251,21.53
2026-10-04,10,PEN0251,20.58
2026-10-04,11,PEN0251,12.25
2026-10-04,12,PEN0251,22.20
2026-10-04,13,PEN0251,17.19
2026-10-04,14,PEN0251,23.39
2026-10-04,15,PEN0251,23.45
2026-10-04,16,PEN0251,24.68
2026-10-04,17,PEN0251,23.89
2026-10-04,18,PEN0251,22.90
2026-10-04,19,PEN0251,24.46
2026-10-04,20,PEN0251,24.87
2026-10-04,21,PEN0251,8.50
2026-10-04,22,PEN0251,0.64
2026-10-04,23,PEN0251,0.11
2026-10-04,24,PEN0251,0.03
2026-10-04,25,PEN0251,3.11
2026-10-04,26,PEN0251,0.49
2026-10-04,27,PEN0251,0.02
2026-10-04,28,PEN0251,0.03
2026-10-04,29,PEN0251,0.07
2026-10-04,30,PEN0251,0.06
2026-10-04,31,PEN0251,0.02
2026-10-04,32,PEN0251,2.33
2026-10-04,33,PEN0251,6.54
2026-10-04,34,PEN0251,22.71
2026-10-04,35,PEN0251,31.63
2026-10-04,36,PEN0251,46.15
2026-10-04,37,PEN0251,52.93
2026-10-04,38,PEN0251,92.40
2026-10-04,39,PEN0251,97.49
2026-10-04,40,PEN0251,79.47
2026-10-04,41,PEN0251,114.52
2026-10-04,42,PEN0251,109.74
2026-10-04,43,PEN0251,85.38
2026-10-04,44,PEN0251,193.64
2026-10-04,45,PEN0251,100.86
2026-10-04,46,PEN0251,76.01
2026-10-04,47,PEN0251,70.24
2026-10-04,48,PEN0251,67.49
2026-10-04,1,PEN0331,22.08
2026-10-04,2,PEN0331,23.28
2026-10-04,3,PEN0331,21.75
2026-10-04,4,PEN0331,21.70
2026-10-04,5,PEN0331,24.29
2026-10-04,6,PEN0331,23.80
2026-10-04,7,PEN0331,22.65
2026-10-04,8,PEN0331,21.59
2026-10-04,9,PEN0331,21.57
2026-10-04,10,PEN0331,20.63
2026-10-04,11,PEN0331,12.28
2026-10-04,12,PEN0331,22.25
2026-10-04,13,PEN0331,17.23
2026-10-04,14,PEN0331,23.45
2026-10-04,15,PEN0331,23.52
2026-10-04,16,PEN0331,24.75
2026-10-04,17,PEN0331,23.96
2026-10-04,18,PEN0331,22.96
2026-10-04,19,PEN0331,24.53
2026-10-04,20,PEN0331,24.94
2026-10-04,21,PEN0331,8.53
2026-10-04,22,PEN0331,0.64
2026-10-04,23,PEN0331,0.11
2026-10-04,24,PEN0331,0.03
2026-10-04,25,PEN0331,3.12
2026-10-04,26,PEN0331,0.49
2026-10-04,27,PEN0331,0.02
2026-10-04,28,PEN0331,0.03
2026-10-04,29,PEN0331,0.07
2026-10-04,30,PEN0331,0.06
2026-10-04,31,PEN0331,0.02
2026-10-04,32,PEN0331,2.34
2026-10-04,33,PEN0331,6.56
2026-10-04,34,PEN0331,22.77
2026-10-04,35,PEN0331,31.72
2026-10-04,36,PEN0331,46.28
2026-10-04,37,PEN0331,53.08
2026-10-04,38,PEN0331,92.69
2026-10-04,39,PEN0331,97.77
2026-10-04,40,PEN0331,79.70
2026-10-04,41,PEN0331,114.85
2026-10-04,42,PEN0331,110.09
2026-10-04,43,PEN0331,85.62
2026-10-04,44,PEN0331,194.24
2026-10-04,45,PEN0331,101.16
2026-10-04,46,PEN0331,76.25
2026-10-04,47,PEN0331,70.45
2026-10-04,48,PEN0331,67.69
2026-10-04,1,PEN1101,22.01
2026-10-04,2,PEN1101,23.22
2026-10-04,3,PEN1101,21.70
2026-10-04,4,PEN1101,21.64
2026-10-04,5,PEN1101,24.22
2026-10-04,6,PEN1101,23.74
2026-10-04,7,PEN1101,22.59
2026-10-04,8,PEN1101,21.55
2026-10-04,9,PEN1101,21.52
2026-10-04,10,PEN1101,20.57
2026-10-04,11,PEN1101,12.24
2026-10-04,12,PEN1101,22.20
2026-10-04,13,PEN1101,17.18
2026-10-04,14,PEN1101,23.39
2026-10-04,15,PEN1101,23.44
2026-10-04,16,PEN1101,24.67
2026-10-04,17,PEN1101,23.89
2026-10-04,18,PEN1101,22.89
2026-10-04,19,PEN1101,24.45
2026-10-04,20,PEN1101,24.86
2026-10-04,21,PEN1101,8.50
2026-10-04,22,PEN1101,0.64
2026-10-04,23,PEN1101,0.11
2026-10-04,24,PEN1101,0.03
2026-10-04,25,PEN1101,3.11
2026-10-04,26,PEN1101,0.49
2026-10-04,27,PEN1101,0.02
2026-10-04,28,PEN1101,0.03
2026-10-04,29,PEN1101,0.07
2026-10-04,30,PEN1101,0.06
2026-10-04,31,PEN1101,0.02
2026-10-04,32,PEN1101,2.33
2026-10-04,33,PEN1101,6.54
2026-10-04,34,PEN1101,22.70
2026-10-04,35,PEN1101,31.62
2026-10-04,36,PEN1101,46.14
2026-10-04,37,PEN1101,52.91
2026-10-04,38,PEN1101,92.40
2026-10-04,39,PEN1101,97.46
2026-10-04,40,PEN1101,79.45
2026-10-04,41,PEN1101,114.49
2026-10-04,42,PEN1101,109.75
2026-10-04,43,PEN1101,85.35
2026-10-04,44,PEN1101,193.63
2026-10-04,45,PEN1101,100.84
2026-10-04,46,PEN1101,76.01
2026-10-04,47,PEN1101,70.22
2026-10-04,48,PEN1101,67.47
2026-10-04,1,PNI0331,21.00
2026-10-04,2,PNI0331,22.05
2026-10-04,3,PNI0331,20.85
2026-10-04,4,PNI0331,20.89
2026-10-04,5,PNI0331,23.34
2026-10-04,6,PNI0331,22.90
2026-10-04,7,PNI0331,21.79
2026-10-04,8,PNI0331,20.77
2026-10-04,9,PNI0331,20.76
2026-10-04,10,PNI0331,19.92
2026-10-04,11,PNI0331,11.70
2026-10-04,12,PNI0331,20.80
2026-10-04,13,PNI0331,15.93
2026-10-04,14,PNI0331,21.45
2026-10-04,15,PNI0331,21.48
2026-10-04,16,PNI0331,22.35
2026-10-04,17,PNI0331,21.76
2026-10-04,18,PNI0331,20.86
2026-10-04,19,PNI0331,22.08
2026-10-04,20,PNI0331,22.26
2026-10-04,21,PNI0331,7.59
2026-10-04,22,PNI0331,0.56
2026-10-04,23,PNI0331,0.10
2026-10-04,24,PNI0331,0.03
2026-10-04,25,PNI0331,2.71
2026-10-04,26,PNI0331,0.44
2026-10-04,27,PNI0331,0.02
2026-10-04,28,PNI0331,0.03
2026-10-04,29,PNI0331,0.07
2026-10-04,30,PNI0331,0.05
2026-10-04,31,PNI0331,0.02
2026-10-04,32,PNI0331,2.02
2026-10-04,33,PNI0331,5.60
2026-10-04,34,PNI0331,19.39
2026-10-04,35,PNI0331,27.00
2026-10-04,36,PNI0331,39.06
2026-10-04,37,PNI0331,44.45
2026-10-04,38,PNI0331,77.60
2026-10-04,39,PNI0331,81.20
2026-10-04,40,PNI0331,66.82
2026-10-04,41,PNI0331,96.46
2026-10-04,42,PNI0331,92.47
2026-10-04,43,PNI0331,71.98
2026-10-04,44,PNI0331,165.63
2026-10-04,45,PNI0331,85.68
2026-10-04,46,PNI0331,65.79
2026-10-04,47,PNI0331,61.98
2026-10-04,48,PNI0331,60.39
2026-10-04,1,PPI2201,20.57
2026-10-04,2,PPI2201,21.91
2026-10-04,3,PPI2201,20.59
2026-10-04,4,PPI2201,20.52
2026-10-04,5,PPI2201,22.97
2026-10-04,6,PPI2201,22.52
2026-10-04,7,PPI2201,21.42
2026-10-04,8,PPI2201,20.43
2026-10-04,9,PPI2201,20.41
2026-10-04,10,PPI2201,19.50
2026-10-04,11,PPI2201,11.61
2026-10-04,12,PPI2201,20.97
2026-10-04,13,PPI2201,16.23
2026-10-04,14,PPI2201,21.88
2026-10-04,15,PPI2201,21.74
2026-10-04,16,PPI2201,22.77
2026-10-04,17,PPI2201,22.01
2026-10-04,18,PPI2201,21.09
2026-10-04,19,PPI2201,22.51
2026-10-04,20,PPI2201,22.88
2026-10-04,21,PPI2201,7.82
2026-10-04,22,PPI2201,0.58
2026-10-04,23,PPI2201,0.10
2026-10-04,24,PPI2201,0.03
2026-10-04,25,PPI2201,2.85
2026-10-04,26,PPI2201,0.45
2026-10-04,27,PPI2201,0.02
2026-10-04,28,PPI2201,0.03
2026-10-04,29,PPI2201,0.07
2026-10-04,30,PPI2201,0.05
2026-10-04,31,PPI2201,0.02
2026-10-04,32,PPI2201,2.14
2026-10-04,33,PPI2201,5.99
2026-10-04,34,PPI2201,20.80
2026-10-04,35,PPI2201,28.93
2026-10-04,36,PPI2201,42.23
2026-10-04,37,PPI2201,48.43
2026-10-04,38,PPI2201,84.28
2026-10-04,39,PPI2201,88.92
2026-10-04,40,PPI2201,72.48
2026-10-04,41,PPI2201,104.46
2026-10-04,42,PPI2201,100.14
2026-10-04,43,PPI2201,77.87
2026-10-04,44,PPI2201,176.99
2026-10-04,45,PPI2201,92.18
2026-10-04,46,PPI2201,69.52
2026-10-04,47,PPI2201,64.36
2026-10-04,48,PPI2201,62.04
2026-10-04,1,PRM0331,20.94
2026-10-04,2,PRM0331,22.04
2026-10-04,3,PRM0331,20.83
2026-10-04,4,PRM0331,20.86
2026-10-04,5,PRM0331,23.30
2026-10-04,6,PRM0331,22.86
2026-10-04,7,PRM0331,21.74
2026-10-04,8,PRM0331,20.74
2026-10-04,9,PRM0331,20.72
2026-10-04,10,PRM0331,19.88
2026-10-04,11,PRM0331,11.69
2026-10-04,12,PRM0331,20.86
2026-10-04,13,PRM0331,15.93
2026-10-04,14,PRM0331,21.44
2026-10-04,15,PRM0331,21.45
2026-10-04,16,PRM0331,22.32
2026-10-04,17,PRM0331,21.71
2026-10-04,18,PRM0331,20.80
2026-10-04,19,PRM0331,22.02
2026-10-04,20,PRM0331,22.23
2026-10-04,21,PRM0331,7.58
2026-10-04,22,PRM0331,0.56
2026-10-04,23,PRM0331,0.10
2026-10-04,24,PRM0331,0.03
2026-10-04,25,PRM0331,2.71
2026-10-04,26,PRM0331,0.44
2026-10-04,27,PRM0331,0.02
2026-10-04,28,PRM0331,0.03
2026-10-04,29,PRM0331,0.07
2026-10-04,30,PRM0331,0.05
2026-10-04,31,PRM0331,0.02
2026-10-04,32,PRM0331,2.02
2026-10-04,33,PRM0331,5.62
2026-10-04,34,PRM0331,19.44
2026-10-04,35,PRM0331,27.07
2026-10-04,36,PRM0331,39.32
2026-10-04,37,PRM0331,44.73
2026-10-04,38,PRM0331,78.08
2026-10-04,39,PRM0331,81.50
2026-10-04,40,PRM0331,67.22
2026-10-04,41,PRM0331,97.01
2026-10-04,42,PRM0331,93.00
2026-10-04,43,PRM0331,72.37
2026-10-04,44,PRM0331,166.26
2026-10-04,45,PRM0331,85.93
2026-10-04,46,PRM0331,65.89
2026-10-04,47,PRM0331,62.07
2026-10-04,48,PRM0331,60.51
2026-10-04,1,RDF0331,20.64
2026-10-04,2,RDF0331,22.00
2026-10-04,3,RDF0331,20.65
2026-10-04,4,RDF0331,20.58
2026-10-04,5,RDF0331,23.09
2026-10-04,6,RDF0331,22.62
2026-10-04,7,RDF0331,21.49
2026-10-04,8,RDF0331,20.49
2026-10-04,9,RDF0331,20.50
2026-10-04,10,RDF0331,19.56
2026-10-04,11,RDF0331,11.68
2026-10-04,12,RDF0331,21.11
2026-10-04,13,RDF0331,16.34
2026-10-04,14,RDF0331,22.07
2026-10-04,15,RDF0331,21.93
2026-10-04,16,RDF0331,22.97
2026-10-04,17,RDF0331,22.19
2026-10-04,18,RDF0331,21.28
2026-10-04,19,RDF0331,22.72
2026-10-04,20,RDF0331,23.12
2026-10-04,21,RDF0331,7.90
2026-10-04,22,RDF0331,0.59
2026-10-04,23,RDF0331,0.11
2026-10-04,24,RDF0331,0.03
2026-10-04,25,RDF0331,2.88
2026-10-04,26,RDF0331,0.46
2026-10-04,27,RDF0331,0.02
2026-10-04,28,RDF0331,0.03
2026-10-04,29,RDF0331,0.07
2026-10-04,30,RDF0331,0.05
2026-10-04,31,RDF0331,0.02
2026-10-04,32,RDF0331,2.15
2026-10-04,33,RDF0331,6.04
2026-10-04,34,RDF0331,20.99
2026-10-04,35,RDF0331,29.19
2026-10-04,36,RDF0331,42.63
2026-10-04,37,RDF0331,48.95
2026-10-04,38,RDF0331,85.18
2026-10-04,39,RDF0331,90.30
2026-10-04,40,RDF0331,74.31
2026-10-04,41,RDF0331,107.11
2026-10-04,42,RDF0331,102.67
2026-10-04,43,RDF0331,79.84
2026-10-04,44,RDF0331,180.76
2026-10-04,45,RDF0331,93.48
2026-10-04,46,RDF0331,70.14
2026-10-04,47,RDF0331,64.78
2026-10-04,48,RDF0331,62.39
2026-10-04,1,RDF2201,20.61
2026-10-04,2,RDF2201,21.98
2026-10-04,3,RDF2201,20.63
2026-10-04,4,RDF2201,20.57
2026-10-04,5,RDF2201,23.07
2026-10-04,6,RDF2201,22.60
2026-10-04,7,RDF2201,21.47
2026-10-04,8,RDF2201,20.47
2026-10-04,9,RDF2201,20.48
2026-10-04,10,RDF2201,19.54
2026-10-04,11,RDF2201,11.67
2026-10-04,12,RDF2201,21.09
2026-10-04,13,RDF2201,16.32
2026-10-04,14,RDF2201,22.03
2026-10-04,15,RDF2201,21.89
2026-10-04,16,RDF2201,22.93
2026-10-04,17,RDF2201,22.15
2026-10-04,18,RDF2201,21.23
2026-10-04,19,RDF2201,22.67
2026-10-04,20,RDF2201,23.04
2026-10-04,21,RDF2201,7.87
2026-10-04,22,RDF2201,0.59
2026-10-04,23,RDF2201,0.11
2026-10-04,24,RDF2201,0.03
2026-10-04,25,RDF2201,2.87
2026-10-04,26,RDF2201,0.46
2026-10-04,27,RDF2201,0.02
2026-10-04,28,RDF2201,0.03
2026-10-04,29,RDF2201,0.07
2026-10-04,30,RDF2201,0.05
2026-10-04,31,RDF2201,0.02
2026-10-04,32,RDF2201,2.15
2026-10-04,33,RDF2201,6.03
2026-10-04,34,RDF2201,20.95
2026-10-04,35,RDF2201,29.14
2026-10-04,36,RDF2201,42.53
2026-10-04,37,RDF2201,48.77
2026-10-04,38,RDF2201,84.86
2026-10-04,39,RDF2201,89.97
2026-10-04,40,RDF2201,74.03
2026-10-04,41,RDF2201,106.70
2026-10-04,42,RDF2201,102.28
2026-10-04,43,RDF2201,79.54
2026-10-04,44,RDF2201,180.10
2026-10-04,45,RDF2201,93.28
2026-10-04,46,RDF2201,70.01
2026-10-04,47,RDF2201,64.67
2026-10-04,48,RDF2201,62.28
2026-10-04,1,RFN1101,21.68
2026-10-04,2,RFN1101,21.39
2026-10-04,3,RFN1101,21.37
2026-10-04,4,RFN1101,21.39
2026-10-04,5,RFN1101,23.91
2026-10-04,6,RFN1101,23.45
2026-10-04,7,RFN1101,22.06
2026-10-04,8,RFN1101,20.76
2026-10-04,9,RFN1101,20.79
2026-10-04,10,RFN1101,20.07
2026-10-04,11,RFN1101,11.99
2026-10-04,12,RFN1101,21.30
2026-10-04,13,RFN1101,16.24
2026-10-04,14,RFN1101,21.61
2026-10-04,15,RFN1101,21.74
2026-10-04,16,RFN1101,21.90
2026-10-04,17,RFN1101,21.88
2026-10-04,18,RFN1101,21.05
2026-10-04,19,RFN1101,21.34
2026-10-04,20,RFN1101,20.44
2026-10-04,21,RFN1101,5.63
2026-10-04,22,RFN1101,0.02
2026-10-04,23,RFN1101,0.02
2026-10-04,24,RFN1101,0.02
2026-10-04,25,RFN1101,2.63
2026-10-04,26,RFN1101,0.43
2026-10-04,27,RFN1101,0.02
2026-10-04,28,RFN1101,0.02
2026-10-04,29,RFN1101,0.02
2026-10-04,30,RFN1101,0.02
2026-10-04,31,RFN1101,0.02
2026-10-04,32,RFN1101,1.35
2026-10-04,33,RFN1101,1.54
2026-10-04,34,RFN1101,12.41
2026-10-04,35,RFN1101,18.81
2026-10-04,36,RFN1101,21.47
2026-10-04,37,RFN1101,21.92
2026-10-04,38,RFN1101,21.80
2026-10-04,39,RFN1101,21.95
2026-10-04,40,RFN1101,22.21
2026-10-04,41,RFN1101,51.82
2026-10-04,42,RFN1101,54.02
2026-10-04,43,RFN1101,52.22
2026-10-04,44,RFN1101,50.30
2026-10-04,45,RFN1101,52.60
2026-10-04,46,RFN1101,52.39
2026-10-04,47,RFN1101,53.48
2026-10-04,48,RFN1101,53.06
2026-10-04,1,RFN1102,21.73
2026-10-04,2,RFN1102,21.53
2026-10-04,3,RFN1102,21.51
2026-10-04,4,RFN1102,21.54
2026-10-04,5,RFN1102,24.01
2026-10-04,6,RFN1102,23.46
2026-10-04,7,RFN1102,22.17
2026-10-04,8,RFN1102,20.79
2026-10-04,9,RFN1102,20.82
2026-10-04,10,RFN1102,20.19
2026-10-04,11,RFN1102,12.07
2026-10-04,12,RFN1102,21.44
2026-10-04,13,RFN1102,16.25
2026-10-04,14,RFN1102,21.61
2026-10-04,15,RFN1102,21.74
2026-10-04,16,RFN1102,21.90
2026-10-04,17,RFN1102,21.88
2026-10-04,18,RFN1102,21.04
2026-10-04,19,RFN1102,21.42
2026-10-04,20,RFN1102,20.55
2026-10-04,21,RFN1102,5.66
2026-10-04,22,RFN1102,0.02
2026-10-04,23,RFN1102,0.02
2026-10-04,24,RFN1102,0.02
2026-10-04,25,RFN1102,2.65
2026-10-04,26,RFN1102,0.43
2026-10-04,27,RFN1102,0.02
2026-10-04,28,RFN1102,0.02
2026-10-04,29,RFN1102,0.02
2026-10-04,30,RFN1102,0.02
2026-10-04,31,RFN1102,0.02
2026-10-04,32,RFN1102,1.35
2026-10-04,33,RFN1102,1.55
2026-10-04,34,RFN1102,12.47
2026-10-04,35,RFN1102,18.90
2026-10-04,36,RFN1102,21.57
2026-10-04,37,RFN1102,21.98
2026-10-04,38,RFN1102,21.80
2026-10-04,39,RFN1102,21.94
2026-10-04,40,RFN1102,22.20
2026-10-04,41,RFN1102,52.13
2026-10-04,42,RFN1102,54.39
2026-10-04,43,RFN1102,52.57
2026-10-04,44,RFN1102,50.51
2026-10-04,45,RFN1102,52.62
2026-10-04,46,RFN1102,52.48
2026-10-04,47,RFN1102,53.82
2026-10-04,48,RFN1102,53.43
2026-10-04,1,ROS0221,22.26
2026-10-04,2,ROS0221,23.49
2026-10-04,3,ROS0221,21.95
2026-10-04,4,ROS0221,21.87
2026-10-04,5,ROS0221,24.40
2026-10-04,6,ROS0221,23.93
2026-10-04,7,ROS0221,22.76
2026-10-04,8,ROS0221,21.71
2026-10-04,9,ROS0221,21.68
2026-10-04,10,ROS0221,20.73
2026-10-04,11,ROS0221,12.34
2026-10-04,12,ROS0221,22.37
2026-10-04,13,ROS0221,17.37
2026-10-04,14,ROS0221,23.66
2026-10-04,15,ROS0221,23.76
2026-10-04,16,ROS0221,25.04
2026-10-04,17,ROS0221,24.25
2026-10-04,18,ROS0221,23.23
2026-10-04,19,ROS0221,24.82
2026-10-04,20,ROS0221,25.24
2026-10-04,21,ROS0221,8.62
2026-10-04,22,ROS0221,0.64
2026-10-04,23,ROS0221,0.11
2026-10-04,24,ROS0221,0.03
2026-10-04,25,ROS0221,3.15
2026-10-04,26,ROS0221,0.50
2026-10-04,27,ROS0221,0.02
2026-10-04,28,ROS0221,0.03
2026-10-04,29,ROS0221,0.08
2026-10-04,30,ROS0221,0.06
2026-10-04,31,ROS0221,0.02
2026-10-04,32,ROS0221,2.37
2026-10-04,33,ROS0221,6.64
2026-10-04,34,ROS0221,23.04
2026-10-04,35,ROS0221,32.09
2026-10-04,36,ROS0221,46.84
2026-10-04,37,ROS0221,53.73
2026-10-04,38,ROS0221,93.82
2026-10-04,39,ROS0221,99.28
2026-10-04,40,ROS0221,80.95
2026-10-04,41,ROS0221,116.66
2026-10-04,42,ROS0221,111.83
2026-10-04,43,ROS0221,86.96
2026-10-04,44,ROS0221,196.60
2026-10-04,45,ROS0221,102.35
2026-10-04,46,ROS0221,77.15
2026-10-04,47,ROS0221,71.28
2026-10-04,48,ROS0221,68.41
2026-10-04,1,ROS1101,22.20
2026-10-04,2,ROS1101,23.44
2026-10-04,3,ROS1101,21.90
2026-10-04,4,ROS1101,21.84
2026-10-04,5,ROS1101,24.39
2026-10-04,6,ROS1101,23.92
2026-10-04,7,ROS1101,22.75
2026-10-04,8,ROS1101,21.69
2026-10-04,9,ROS1101,21.67
2026-10-04,10,ROS1101,20.72
2026-10-04,11,ROS1101,12.33
2026-10-04,12,ROS1101,22.36
2026-10-04,13,ROS1101,17.34
2026-10-04,14,ROS1101,23.60
2026-10-04,15,ROS1101,23.70
2026-10-04,16,ROS1101,24.98
2026-10-04,17,ROS1101,24.19
2026-10-04,18,ROS1101,23.18
2026-10-04,19,ROS1101,24.76
2026-10-04,20,ROS1101,25.17
2026-10-04,21,ROS1101,8.61
2026-10-04,22,ROS1101,0.64
2026-10-04,23,ROS1101,0.11
2026-10-04,24,ROS1101,0.03
2026-10-04,25,ROS1101,3.15
2026-10-04,26,ROS1101,0.50
2026-10-04,27,ROS1101,0.02
2026-10-04,28,ROS1101,0.03
2026-10-04,29,ROS1101,0.08
2026-10-04,30,ROS1101,0.06
2026-10-04,31,ROS1101,0.02
2026-10-04,32,ROS1101,2.36
2026-10-04,33,ROS1101,6.62
2026-10-04,34,ROS1101,22.99
2026-10-04,35,ROS1101,32.01
2026-10-04,36,ROS1101,46.73
2026-10-04,37,ROS1101,53.60
2026-10-04,38,ROS1101,93.60
2026-10-04,39,ROS1101,99.04
2026-10-04,40,ROS1101,80.75
2026-10-04,41,ROS1101,116.37
2026-10-04,42,ROS1101,111.56
2026-10-04,43,ROS1101,86.74
2026-10-04,44,ROS1101,196.12
2026-10-04,45,ROS1101,102.10
2026-10-04,46,ROS1101,76.96
2026-10-04,47,ROS1101,71.10
2026-10-04,48,ROS1101,68.24
2026-10-04,1,ROT0111,20.94
2026-10-04,2,ROT0111,22.45
2026-10-04,3,ROT0111,21.07
2026-10-04,4,ROT0111,20.96
2026-10-04,5,ROT0111,23.41
2026-10-04,6,ROT0111,22.90
2026-10-04,7,ROT0111,21.77
2026-10-04,8,ROT0111,20.76
2026-10-04,9,ROT0111,20.74
2026-10-04,10,ROT0111,19.83
2026-10-04,11,ROT0111,11.83
2026-10-04,12,ROT0111,21.40
2026-10-04,13,ROT0111,16.62
2026-10-04,14,ROT0111,22.43
2026-10-04,15,ROT0111,22.19
2026-10-04,16,ROT0111,23.22
2026-10-04,17,ROT0111,22.45
2026-10-04,18,ROT0111,21.51
2026-10-04,19,ROT0111,22.98
2026-10-04,20,ROT0111,23.35
2026-10-04,21,ROT0111,7.95
2026-10-04,22,ROT0111,0.59
2026-10-04,23,ROT0111,0.11
2026-10-04,24,ROT0111,0.03
2026-10-04,25,ROT0111,2.89
2026-10-04,26,ROT0111,0.46
2026-10-04,27,ROT0111,0.02
2026-10-04,28,ROT0111,0.03
2026-10-04,29,ROT0111,0.07
2026-10-04,30,ROT0111,0.05
2026-10-04,31,ROT0111,0.02
2026-10-04,32,ROT0111,2.18
2026-10-04,33,ROT0111,6.11
2026-10-04,34,ROT0111,21.21
2026-10-04,35,ROT0111,29.49
2026-10-04,36,ROT0111,43.04
2026-10-04,37,ROT0111,49.37
2026-10-04,38,ROT0111,85.89
2026-10-04,39,ROT0111,90.63
2026-10-04,40,ROT0111,73.87
2026-10-04,41,ROT0111,106.73
2026-10-04,42,ROT0111,102.30
2026-10-04,43,ROT0111,79.54
2026-10-04,44,ROT0111,180.87
2026-10-04,45,ROT0111,94.18
2026-10-04,46,ROT0111,70.96
2026-10-04,47,ROT0111,65.57
2026-10-04,48,ROT0111,63.19
2026-10-04,1,ROT0331,20.92
2026-10-04,2,ROT0331,22.44
2026-10-04,3,ROT0331,21.08
2026-10-04,4,ROT0331,20.97
2026-10-04,5,ROT0331,23.41
2026-10-04,6,ROT0331,22.90
2026-10-04,7,ROT0331,21.78
2026-10-04,8,ROT0331,20.77
2026-10-04,9,ROT0331,20.75
2026-10-04,10,ROT0331,19.84
2026-10-04,11,ROT0331,11.84
2026-10-04,12,ROT0331,21.40
2026-10-04,13,ROT0331,16.62
2026-10-04,14,ROT0331,22.43
2026-10-04,15,ROT0331,22.23
2026-10-04,16,ROT0331,23.26
2026-10-04,17,ROT0331,22.48
2026-10-04,18,ROT0331,21.54
2026-10-04,19,ROT0331,23.02
2026-10-04,20,ROT0331,23.39
2026-10-04,21,ROT0331,7.96
2026-10-04,22,ROT0331,0.59
2026-10-04,23,ROT0331,0.11
2026-10-04,24,ROT0331,0.03
2026-10-04,25,ROT0331,2.89
2026-10-04,26,ROT0331,0.46
2026-10-04,27,ROT0331,0.02
2026-10-04,28,ROT0331,0.03
2026-10-04,29,ROT0331,0.07
2026-10-04,30,ROT0331,0.05
2026-10-04,31,ROT0331,0.02
2026-10-04,32,ROT0331,2.18
2026-10-04,33,ROT0331,6.12
2026-10-04,34,ROT0331,21.24
2026-10-04,35,ROT0331,29.54
2026-10-04,36,ROT0331,43.10
2026-10-04,37,ROT0331,49.44
2026-10-04,38,ROT0331,86.03
2026-10-04,39,ROT0331,90.77
2026-10-04,40,ROT0331,73.98
2026-10-04,41,ROT0331,106.89
2026-10-04,42,ROT0331,102.46
2026-10-04,43,ROT0331,79.66
2026-10-04,44,ROT0331,181.15
2026-10-04,45,ROT0331,94.29
2026-10-04,46,ROT0331,70.96
2026-10-04,47,ROT0331,65.50
2026-10-04,48,ROT0331,63.09
2026-10-04,1,ROT1101,20.86
2026-10-04,2,ROT1101,22.38
2026-10-04,3,ROT1101,21.02
2026-10-04,4,ROT1101,20.91
2026-10-04,5,ROT1101,23.36
2026-10-04,6,ROT1101,22.88
2026-10-04,7,ROT1101,21.76
2026-10-04,8,ROT1101,20.75
2026-10-04,9,ROT1101,20.73
2026-10-04,10,ROT1101,19.81
2026-10-04,11,ROT1101,11.80
2026-10-04,12,ROT1101,21.34
2026-10-04,13,ROT1101,16.56
2026-10-04,14,ROT1101,22.33
2026-10-04,15,ROT1101,22.11
2026-10-04,16,ROT1101,23.12
2026-10-04,17,ROT1101,22.35
2026-10-04,18,ROT1101,21.41
2026-10-04,19,ROT1101,22.88
2026-10-04,20,ROT1101,23.25
2026-10-04,21,ROT1101,7.91
2026-10-04,22,ROT1101,0.59
2026-10-04,23,ROT1101,0.11
2026-10-04,24,ROT1101,0.03
2026-10-04,25,ROT1101,2.87
2026-10-04,26,ROT1101,0.46
2026-10-04,27,ROT1101,0.02
2026-10-04,28,ROT1101,0.03
2026-10-04,29,ROT1101,0.07
2026-10-04,30,ROT1101,0.05
2026-10-04,31,ROT1101,0.02
2026-10-04,32,ROT1101,2.17
2026-10-04,33,ROT1101,6.08
2026-10-04,34,ROT1101,21.11
2026-10-04,35,ROT1101,29.36
2026-10-04,36,ROT1101,42.85
2026-10-04,37,ROT1101,49.15
2026-10-04,38,ROT1101,85.52
2026-10-04,39,ROT1101,90.23
2026-10-04,40,ROT1101,73.54
2026-10-04,41,ROT1101,106.47
2026-10-04,42,ROT1101,102.06
2026-10-04,43,ROT1101,79.34
2026-10-04,44,ROT1101,180.43
2026-10-04,45,ROT1101,93.95
2026-10-04,46,ROT1101,70.72
2026-10-04,47,ROT1101,65.27
2026-10-04,48,ROT1101,62.91
2026-10-04,1,ROX1101,19.28
2026-10-04,2,ROX1101,19.16
2026-10-04,3,ROX1101,19.14
2026-10-04,4,ROX1101,19.36
2026-10-04,5,ROX1101,21.79
2026-10-04,6,ROX1101,21.48
2026-10-04,7,ROX1101,20.39
2026-10-04,8,ROX1101,19.34
2026-10-04,9,ROX1101,19.35
2026-10-04,10,ROX1101,18.70
2026-10-04,11,ROX1101,10.77
2026-10-04,12,ROX1101,19.09
2026-10-04,13,ROX1101,14.46
2026-10-04,14,ROX1101,19.15
2026-10-04,15,ROX1101,19.14
2026-10-04,16,ROX1101,19.24
2026-10-04,17,ROX1101,19.14
2026-10-04,18,ROX1101,18.42
2026-10-04,19,ROX1101,18.66
2026-10-04,20,ROX1101,18.01
2026-10-04,21,ROX1101,5.01
2026-10-04,22,ROX1101,0.02
2026-10-04,23,ROX1101,0.02
2026-10-04,24,ROX1101,0.02
2026-10-04,25,ROX1101,2.47
2026-10-04,26,ROX1101,0.40
2026-10-04,27,ROX1101,0.02
2026-10-04,28,ROX1101,0.02
2026-10-04,29,ROX1101,0.02
2026-10-04,30,ROX1101,0.02
2026-10-04,31,ROX1101,0.02
2026-10-04,32,ROX1101,1.26
2026-10-04,33,ROX1101,1.44
2026-10-04,34,ROX1101,11.57
2026-10-04,35,ROX1101,17.28
2026-10-04,36,ROX1101,19.00
2026-10-04,37,ROX1101,19.23
2026-10-04,38,ROX1101,18.99
2026-10-04,39,ROX1101,18.96
2026-10-04,40,ROX1101,19.15
2026-10-04,41,ROX1101,44.97
2026-10-04,42,ROX1101,47.28
2026-10-04,43,ROX1101,45.87
2026-10-04,44,ROX1101,44.81
2026-10-04,45,ROX1101,47.57
2026-10-04,46,ROX1101,47.59
2026-10-04,47,ROX1101,47.72
2026-10-04,48,ROX1101,47.58
2026-10-04,1,ROX2201,19.49
2026-10-04,2,ROX2201,19.35
2026-10-04,3,ROX2201,19.33
2026-10-04,4,ROX2201,19.55
2026-10-04,5,ROX2201,21.99
2026-10-04,6,ROX2201,21.69
2026-10-04,7,ROX2201,20.61
2026-10-04,8,ROX2201,19.54
2026-10-04,9,ROX2201,19.54
2026-10-04,10,ROX2201,18.82
2026-10-04,11,ROX2201,10.88
2026-10-04,12,ROX2201,19.26
2026-10-04,13,ROX2201,14.61
2026-10-04,14,ROX2201,19.34
2026-10-04,15,ROX2201,19.33
2026-10-04,16,ROX2201,19.42
2026-10-04,17,ROX2201,19.31
2026-10-04,18,ROX2201,18.58
2026-10-04,19,ROX2201,18.84
2026-10-04,20,ROX2201,18.17
2026-10-04,21,ROX2201,5.06
2026-10-04,22,ROX2201,0.02
2026-10-04,23,ROX2201,0.02
2026-10-04,24,ROX2201,0.02
2026-10-04,25,ROX2201,2.49
2026-10-04,26,ROX2201,0.40
2026-10-04,27,ROX2201,0.02
2026-10-04,28,ROX2201,0.02
2026-10-04,29,ROX2201,0.02
2026-10-04,30,ROX2201,0.02
2026-10-04,31,ROX2201,0.02
2026-10-04,32,ROX2201,1.27
2026-10-04,33,ROX2201,1.45
2026-10-04,34,ROX2201,11.61
2026-10-04,35,ROX2201,17.35
2026-10-04,36,ROX2201,19.09
2026-10-04,37,ROX2201,19.33
2026-10-04,38,ROX2201,19.21
2026-10-04,39,ROX2201,19.20
2026-10-04,40,ROX2201,19.38
2026-10-04,41,ROX2201,45.68
2026-10-04,42,ROX2201,48.05
2026-10-04,43,ROX2201,46.61
2026-10-04,44,ROX2201,45.26
2026-10-04,45,ROX2201,48.05
2026-10-04,46,ROX2201,48.06
2026-10-04,47,ROX2201,48.19
2026-10-04,48,ROX2201,48.05
2026-10-04,1,RPO2201,20.56
2026-10-04,2,RPO2201,21.82
2026-10-04,3,RPO2201,20.54
2026-10-04,4,RPO2201,20.51
2026-10-04,5,RPO2201,22.93
2026-10-04,6,RPO2201,22.48
2026-10-04,7,RPO2201,21.38
2026-10-04,8,RPO2201,20.40
2026-10-04,9,RPO2201,20.38
2026-10-04,10,RPO2201,19.50
2026-10-04,11,RPO2201,11.57
2026-10-04,12,RPO2201,20.84
2026-10-04,13,RPO2201,16.10
2026-10-04,14,RPO2201,21.72
2026-10-04,15,RPO2201,21.60
2026-10-04,16,RPO2201,22.61
2026-10-04,17,RPO2201,21.84
2026-10-04,18,RPO2201,20.90
2026-10-04,19,RPO2201,22.30
2026-10-04,20,RPO2201,22.67
2026-10-04,21,RPO2201,7.74
2026-10-04,22,RPO2201,0.57
2026-10-04,23,RPO2201,0.10
2026-10-04,24,RPO2201,0.03
2026-10-04,25,RPO2201,2.80
2026-10-04,26,RPO2201,0.45
2026-10-04,27,RPO2201,0.02
2026-10-04,28,RPO2201,0.03
2026-10-04,29,RPO2201,0.07
2026-10-04,30,RPO2201,0.05
2026-10-04,31,RPO2201,0.02
2026-10-04,32,RPO2201,2.10
2026-10-04,33,RPO2201,5.82
2026-10-04,34,RPO2201,20.22
2026-10-04,35,RPO2201,28.22
2026-10-04,36,RPO2201,41.12
2026-10-04,37,RPO2201,47.07
2026-10-04,38,RPO2201,81.94
2026-10-04,39,RPO2201,86.39
2026-10-04,40,RPO2201,70.49
2026-10-04,41,RPO2201,101.64
2026-10-04,42,RPO2201,97.44
2026-10-04,43,RPO2201,75.77
2026-10-04,44,RPO2201,173.47
2026-10-04,45,RPO2201,89.80
2026-10-04,46,RPO2201,68.14
2026-10-04,47,RPO2201,63.70
2026-10-04,48,RPO2201,61.60
2026-10-04,1,SBK0661,22.56
2026-10-04,2,SBK0661,22.40
2026-10-04,3,SBK0661,22.38
2026-10-04,4,SBK0661,22.40
2026-10-04,5,SBK0661,25.04
2026-10-04,6,SBK0661,24.57
2026-10-04,7,SBK0661,23.36
2026-10-04,8,SBK0661,22.12
2026-10-04,9,SBK0661,22.13
2026-10-04,10,SBK0661,21.36
2026-10-04,11,SBK0661,12.63
2026-10-04,12,SBK0661,22.63
2026-10-04,13,SBK0661,17.38
2026-10-04,14,SBK0661,23.20
2026-10-04,15,SBK0661,23.26
2026-10-04,16,SBK0661,23.37
2026-10-04,17,SBK0661,23.25
2026-10-04,18,SBK0661,22.32
2026-10-04,19,SBK0661,22.56
2026-10-04,20,SBK0661,21.30
2026-10-04,21,SBK0661,5.80
2026-10-04,22,SBK0661,0.02
2026-10-04,23,SBK0661,0.02
2026-10-04,24,SBK0661,0.02
2026-10-04,25,SBK0661,2.63
2026-10-04,26,SBK0661,0.43
2026-10-04,27,SBK0661,0.02
2026-10-04,28,SBK0661,0.02
2026-10-04,29,SBK0661,0.02
2026-10-04,30,SBK0661,0.02
2026-10-04,31,SBK0661,0.02
2026-10-04,32,SBK0661,1.34
2026-10-04,33,SBK0661,1.53
2026-10-04,34,SBK0661,12.56
2026-10-04,35,SBK0661,19.31
2026-10-04,36,SBK0661,22.17
2026-10-04,37,SBK0661,23.09
2026-10-04,38,SBK0661,23.17
2026-10-04,39,SBK0661,23.31
2026-10-04,40,SBK0661,23.46
2026-10-04,41,SBK0661,55.44
2026-10-04,42,SBK0661,58.04
2026-10-04,43,SBK0661,56.45
2026-10-04,44,SBK0661,54.56
2026-10-04,45,SBK0661,57.92
2026-10-04,46,SBK0661,57.48
2026-10-04,47,SBK0661,57.52
2026-10-04,48,SBK0661,56.08
2026-10-04,1,SDN0331,19.67
2026-10-04,2,SDN0331,19.52
2026-10-04,3,SDN0331,19.51
2026-10-04,4,SDN0331,19.72
2026-10-04,5,SDN0331,22.19
2026-10-04,6,SDN0331,21.86
2026-10-04,7,SDN0331,20.74
2026-10-04,8,SDN0331,19.65
2026-10-04,9,SDN0331,19.66
2026-10-04,10,SDN0331,18.91
2026-10-04,11,SDN0331,10.96
2026-10-04,12,SDN0331,19.43
2026-10-04,13,SDN0331,14.71
2026-10-04,14,SDN0331,19.49
2026-10-04,15,SDN0331,19.47
2026-10-04,16,SDN0331,19.59
2026-10-04,17,SDN0331,19.49
2026-10-04,18,SDN0331,18.76
2026-10-04,19,SDN0331,19.01
2026-10-04,20,SDN0331,18.34
2026-10-04,21,SDN0331,5.11
2026-10-04,22,SDN0331,0.02
2026-10-04,23,SDN0331,0.02
2026-10-04,24,SDN0331,0.02
2026-10-04,25,SDN0331,2.51
2026-10-04,26,SDN0331,0.41
2026-10-04,27,SDN0331,0.02
2026-10-04,28,SDN0331,0.02
2026-10-04,29,SDN0331,0.02
2026-10-04,30,SDN0331,0.02
2026-10-04,31,SDN0331,0.02
2026-10-04,32,SDN0331,1.28
2026-10-04,33,SDN0331,1.46
2026-10-04,34,SDN0331,11.70
2026-10-04,35,SDN0331,17.50
2026-10-04,36,SDN0331,19.23
2026-10-04,37,SDN0331,19.46
2026-10-04,38,SDN0331,19.34
2026-10-04,39,SDN0331,19.32
2026-10-04,40,SDN0331,19.52
2026-10-04,41,SDN0331,46.11
2026-10-04,42,SDN0331,48.52
2026-10-04,43,SDN0331,47.07
2026-10-04,44,SDN0331,45.68
2026-10-04,45,SDN0331,48.50
2026-10-04,46,SDN0331,48.48
2026-10-04,47,SDN0331,48.62
2026-10-04,48,SDN0331,48.48
2026-10-04,1,SFD0331,21.61
2026-10-04,2,SFD0331,22.81
2026-10-04,3,SFD0331,21.42
2026-10-04,4,SFD0331,21.44
2026-10-04,5,SFD0331,23.95
2026-10-04,6,SFD0331,23.47
2026-10-04,7,SFD0331,22.32
2026-10-04,8,SFD0331,21.28
2026-10-04,9,SFD0331,21.25
2026-10-04,10,SFD0331,20.38
2026-10-04,11,SFD0331,12.06
2026-10-04,12,SFD0331,21.73
2026-10-04,13,SFD0331,16.94
2026-10-04,14,SFD0331,22.98
2026-10-04,15,SFD0331,22.96
2026-10-04,16,SFD0331,24.02
2026-10-04,17,SFD0331,23.25
2026-10-04,18,SFD0331,22.25
2026-10-04,19,SFD0331,23.56
2026-10-04,20,SFD0331,23.82
2026-10-04,21,SFD0331,8.12
2026-10-04,22,SFD0331,0.59
2026-10-04,23,SFD0331,0.11
2026-10-04,24,SFD0331,0.03
2026-10-04,25,SFD0331,2.88
2026-10-04,26,SFD0331,0.46
2026-10-04,27,SFD0331,0.02
2026-10-04,28,SFD0331,0.03
2026-10-04,29,SFD0331,0.07
2026-10-04,30,SFD0331,0.05
2026-10-04,31,SFD0331,0.02
2026-10-04,32,SFD0331,2.16
2026-10-04,33,SFD0331,6.05
2026-10-04,34,SFD0331,20.98
2026-10-04,35,SFD0331,29.22
2026-10-04,36,SFD0331,42.59
2026-10-04,37,SFD0331,48.66
2026-10-04,38,SFD0331,84.97
2026-10-04,39,SFD0331,89.06
2026-10-04,40,SFD0331,72.78
2026-10-04,41,SFD0331,105.01
2026-10-04,42,SFD0331,100.66
2026-10-04,43,SFD0331,78.28
2026-10-04,44,SFD0331,179.37
2026-10-04,45,SFD0331,93.00
2026-10-04,46,SFD0331,71.19
2026-10-04,47,SFD0331,66.92
2026-10-04,48,SFD0331,65.48
2026-10-04,1,SFD2201,21.56
2026-10-04,2,SFD2201,22.76
2026-10-04,3,SFD2201,21.38
2026-10-04,4,SFD2201,21.39
2026-10-04,5,SFD2201,23.91
2026-10-04,6,SFD2201,23.43
2026-10-04,7,SFD2201,22.28
2026-10-04,8,SFD2201,21.25
2026-10-04,9,SFD2201,21.22
2026-10-04,10,SFD2201,20.35
2026-10-04,11,SFD2201,12.03
2026-10-04,12,SFD2201,21.65
2026-10-04,13,SFD2201,16.86
2026-10-04,14,SFD2201,22.87
2026-10-04,15,SFD2201,22.86
2026-10-04,16,SFD2201,23.90
2026-10-04,17,SFD2201,23.15
2026-10-04,18,SFD2201,22.17
2026-10-04,19,SFD2201,23.44
2026-10-04,20,SFD2201,23.71
2026-10-04,21,SFD2201,8.09
2026-10-04,22,SFD2201,0.59
2026-10-04,23,SFD2201,0.10
2026-10-04,24,SFD2201,0.03
2026-10-04,25,SFD2201,2.87
2026-10-04,26,SFD2201,0.46
2026-10-04,27,SFD2201,0.02
2026-10-04,28,SFD2201,0.03
2026-10-04,29,SFD2201,0.07
2026-10-04,30,SFD2201,0.05
2026-10-04,31,SFD2201,0.02
2026-10-04,32,SFD2201,2.15
2026-10-04,33,SFD2201,6.02
2026-10-04,34,SFD2201,20.89
2026-10-04,35,SFD2201,29.11
2026-10-04,36,SFD2201,42.42
2026-10-04,37,SFD2201,48.47
2026-10-04,38,SFD2201,84.61
2026-10-04,39,SFD2201,88.71
2026-10-04,40,SFD2201,72.47
2026-10-04,41,SFD2201,104.50
2026-10-04,42,SFD2201,100.17
2026-10-04,43,SFD2201,77.90
2026-10-04,44,SFD2201,178.58
2026-10-04,45,SFD2201,92.73
2026-10-04,46,SFD2201,70.98
2026-10-04,47,SFD2201,66.71
2026-10-04,48,SFD2201,65.27
2026-10-04,1,STK0331,21.55
2026-10-04,2,STK0331,21.39
2026-10-04,3,STK0331,21.37
2026-10-04,4,STK0331,21.40
2026-10-04,5,STK0331,23.92
2026-10-04,6,STK0331,23.47
2026-10-04,7,STK0331,22.32
2026-10-04,8,STK0331,21.13
2026-10-04,9,STK0331,21.15
2026-10-04,10,STK0331,20.41
2026-10-04,11,STK0331,12.01
2026-10-04,12,STK0331,21.28
2026-10-04,13,STK0331,16.18
2026-10-04,14,STK0331,21.52
2026-10-04,15,STK0331,21.59
2026-10-04,16,STK0331,21.70
2026-10-04,17,STK0331,21.80
2026-10-04,18,STK0331,20.91
2026-10-04,19,STK0331,21.00
2026-10-04,20,STK0331,20.09
2026-10-04,21,STK0331,5.53
2026-10-04,22,STK0331,0.02
2026-10-04,23,STK0331,0.02
2026-10-04,24,STK0331,0.02
2026-10-04,25,STK0331,2.59
2026-10-04,26,STK0331,0.42
2026-10-04,27,STK0331,0.02
2026-10-04,28,STK0331,0.02
2026-10-04,29,STK0331,0.02
2026-10-04,30,STK0331,0.02
2026-10-04,31,STK0331,0.02
2026-10-04,32,STK0331,1.32
2026-10-04,33,STK0331,1.51
2026-10-04,34,STK0331,12.17
2026-10-04,35,STK0331,18.48
2026-10-04,36,STK0331,21.17
2026-10-04,37,STK0331,21.59
2026-10-04,38,STK0331,21.52
2026-10-04,39,STK0331,21.74
2026-10-04,40,STK0331,22.13
2026-10-04,41,STK0331,52.26
2026-10-04,42,STK0331,54.61
2026-10-04,43,STK0331,52.64
2026-10-04,44,STK0331,50.61
2026-10-04,45,STK0331,53.74
2026-10-04,46,STK0331,53.52
2026-10-04,47,STK0331,53.59
2026-10-04,48,STK0331,53.12
2026-10-04,1,STK0661,21.50
2026-10-04,2,STK0661,21.33
2026-10-04,3,STK0661,21.31
2026-10-04,4,STK0661,21.34
2026-10-04,5,STK0661,23.86
2026-10-04,6,STK0661,23.40
2026-10-04,7,STK0661,22.26
2026-10-04,8,STK0661,21.08
2026-10-04,9,STK0661,21.09
2026-10-04,10,STK0661,20.35
2026-10-04,11,STK0661,11.99
2026-10-04,12,STK0661,21.23
2026-10-04,13,STK0661,16.14
2026-10-04,14,STK0661,21.49
2026-10-04,15,STK0661,21.59
2026-10-04,16,STK0661,21.70
2026-10-04,17,STK0661,21.77
2026-10-04,18,STK0661,20.89
2026-10-04,19,STK0661,21.00
2026-10-04,20,STK0661,20.07
2026-10-04,21,STK0661,5.53
2026-10-04,22,STK0661,0.02
2026-10-04,23,STK0661,0.02
2026-10-04,24,STK0661,0.02
2026-10-04,25,STK0661,2.59
2026-10-04,26,STK0661,0.42
2026-10-04,27,STK0661,0.02
2026-10-04,28,STK0661,0.02
2026-10-04,29,STK0661,0.02
2026-10-04,30,STK0661,0.02
2026-10-04,31,STK0661,0.02
2026-10-04,32,STK0661,1.32
2026-10-04,33,STK0661,1.51
2026-10-04,34,STK0661,12.16
2026-10-04,35,STK0661,18.45
2026-10-04,36,STK0661,21.14
2026-10-04,37,STK0661,21.59
2026-10-04,38,STK0661,21.53
2026-10-04,39,STK0661,21.74
2026-10-04,40,STK0661,22.12
2026-10-04,41,STK0661,52.23
2026-10-04,42,STK0661,54.57
2026-10-04,43,STK0661,52.63
2026-10-04,44,STK0661,50.61
2026-10-04,45,STK0661,53.74
2026-10-04,46,STK0661,53.49
2026-10-04,47,STK0661,53.55
2026-10-04,48,STK0661,53.05
2026-10-04,1,STK2201,21.51
2026-10-04,2,STK2201,21.35
2026-10-04,3,STK2201,21.33
2026-10-04,4,STK2201,21.35
2026-10-04,5,STK2201,23.87
2026-10-04,6,STK2201,23.42
2026-10-04,7,STK2201,22.27
2026-10-04,8,STK2201,21.09
2026-10-04,9,STK2201,21.11
2026-10-04,10,STK2201,20.36
2026-10-04,11,STK2201,11.99
2026-10-04,12,STK2201,21.24
2026-10-04,13,STK2201,16.15
2026-10-04,14,STK2201,21.48
2026-10-04,15,STK2201,21.54
2026-10-04,16,STK2201,21.65
2026-10-04,17,STK2201,21.76
2026-10-04,18,STK2201,20.87
2026-10-04,19,STK2201,20.95
2026-10-04,20,STK2201,20.05
2026-10-04,21,STK2201,5.52
2026-10-04,22,STK2201,0.02
2026-10-04,23,STK2201,0.02
2026-10-04,24,STK2201,0.02
2026-10-04,25,STK2201,2.59
2026-10-04,26,STK2201,0.42
2026-10-04,27,STK2201,0.02
2026-10-04,28,STK2201,0.02
2026-10-04,29,STK2201,0.02
2026-10-04,30,STK2201,0.02
2026-10-04,31,STK2201,0.02
2026-10-04,32,STK2201,1.32
2026-10-04,33,STK2201,1.51
2026-10-04,34,STK2201,12.15
2026-10-04,35,STK2201,18.44
2026-10-04,36,STK2201,21.13
2026-10-04,37,STK2201,21.55
2026-10-04,38,STK2201,21.48
2026-10-04,39,STK2201,21.70
2026-10-04,40,STK2201,22.09
2026-10-04,41,STK2201,52.15
2026-10-04,42,STK2201,54.49
2026-10-04,43,STK2201,52.53
2026-10-04,44,STK2201,50.50
2026-10-04,45,STK2201,53.63
2026-10-04,46,STK2201,53.41
2026-10-04,47,STK2201,53.48
2026-10-04,48,STK2201,53.01
2026-10-04,1,STU0111,20.79
2026-10-04,2,STU0111,20.64
2026-10-04,3,STU0111,20.61
2026-10-04,4,STU0111,20.66
2026-10-04,5,STU0111,23.20
2026-10-04,6,STU0111,22.79
2026-10-04,7,STU0111,21.67
2026-10-04,8,STU0111,20.69
2026-10-04,9,STU0111,20.68
2026-10-04,10,STU0111,19.83
2026-10-04,11,STU0111,11.61
2026-10-04,12,STU0111,20.55
2026-10-04,13,STU0111,15.56
2026-10-04,14,STU0111,20.70
2026-10-04,15,STU0111,20.68
2026-10-04,16,STU0111,20.94
2026-10-04,17,STU0111,20.94
2026-10-04,18,STU0111,20.17
2026-10-04,19,STU0111,20.22
2026-10-04,20,STU0111,19.38
2026-10-04,21,STU0111,5.35
2026-10-04,22,STU0111,0.02
2026-10-04,23,STU0111,0.02
2026-10-04,24,STU0111,0.02
2026-10-04,25,STU0111,2.55
2026-10-04,26,STU0111,0.41
2026-10-04,27,STU0111,0.02
2026-10-04,28,STU0111,0.02
2026-10-04,29,STU0111,0.02
2026-10-04,30,STU0111,0.02
2026-10-04,31,STU0111,0.02
2026-10-04,32,STU0111,1.30
2026-10-04,33,STU0111,1.49
2026-10-04,34,STU0111,11.96
2026-10-04,35,STU0111,18.00
2026-10-04,36,STU0111,20.38
2026-10-04,37,STU0111,20.60
2026-10-04,38,STU0111,20.46
2026-10-04,39,STU0111,20.56
2026-10-04,40,STU0111,20.65
2026-10-04,41,STU0111,48.73
2026-10-04,42,STU0111,51.16
2026-10-04,43,STU0111,49.75
2026-10-04,44,STU0111,48.19
2026-10-04,45,STU0111,51.16
2026-10-04,46,STU0111,51.15
2026-10-04,47,STU0111,51.42
2026-10-04,48,STU0111,51.23
2026-10-04,1,SVL0331,22.25
2026-10-04,2,SVL0331,23.49
2026-10-04,3,SVL0331,21.93
2026-10-04,4,SVL0331,21.86
2026-10-04,5,SVL0331,24.49
2026-10-04,6,SVL0331,23.99
2026-10-04,7,SVL0331,22.83
2026-10-04,8,SVL0331,21.79
2026-10-04,9,SVL0331,21.76
2026-10-04,10,SVL0331,20.79
2026-10-04,11,SVL0331,12.39
2026-10-04,12,SVL0331,22.48
2026-10-04,13,SVL0331,17.39
2026-10-04,14,SVL0331,23.66
2026-10-04,15,SVL0331,23.77
2026-10-04,16,SVL0331,25.05
2026-10-04,17,SVL0331,24.26
2026-10-04,18,SVL0331,23.27
2026-10-04,19,SVL0331,24.85
2026-10-04,20,SVL0331,25.27
2026-10-04,21,SVL0331,8.64
2026-10-04,22,SVL0331,0.64
2026-10-04,23,SVL0331,0.11
2026-10-04,24,SVL0331,0.03
2026-10-04,25,SVL0331,3.16
2026-10-04,26,SVL0331,0.50
2026-10-04,27,SVL0331,0.02
2026-10-04,28,SVL0331,0.03
2026-10-04,29,SVL0331,0.08
2026-10-04,30,SVL0331,0.06
2026-10-04,31,SVL0331,0.02
2026-10-04,32,SVL0331,2.37
2026-10-04,33,SVL0331,6.65
2026-10-04,34,SVL0331,23.08
2026-10-04,35,SVL0331,32.15
2026-10-04,36,SVL0331,46.91
2026-10-04,37,SVL0331,53.80
2026-10-04,38,SVL0331,93.96
2026-10-04,39,SVL0331,99.71
2026-10-04,40,SVL0331,81.32
2026-10-04,41,SVL0331,117.19
2026-10-04,42,SVL0331,112.34
2026-10-04,43,SVL0331,87.24
2026-10-04,44,SVL0331,196.87
2026-10-04,45,SVL0331,102.52
2026-10-04,46,SVL0331,77.27
2026-10-04,47,SVL0331,71.36
2026-10-04,48,SVL0331,68.45
2026-10-04,1,SWN0251,22.04
2026-10-04,2,SWN0251,23.25
2026-10-04,3,SWN0251,21.73
2026-10-04,4,SWN0251,21.68
2026-10-04,5,SWN0251,24.27
2026-10-04,6,SWN0251,23.79
2026-10-04,7,SWN0251,22.63
2026-10-04,8,SWN0251,21.58
2026-10-04,9,SWN0251,21.56
2026-10-04,10,SWN0251,20.61
2026-10-04,11,SWN0251,12.27
2026-10-04,12,SWN0251,22.24
2026-10-04,13,SWN0251,17.20
2026-10-04,14,SWN0251,23.44
2026-10-04,15,SWN0251,23.48
2026-10-04,16,SWN0251,24.73
2026-10-04,17,SWN0251,23.93
2026-10-04,18,SWN0251,22.95
2026-10-04,19,SWN0251,24.51
2026-10-04,20,SWN0251,24.93
2026-10-04,21,SWN0251,8.52
2026-10-04,22,SWN0251,0.64
2026-10-04,23,SWN0251,0.11
2026-10-04,24,SWN0251,0.03
2026-10-04,25,SWN0251,3.13
2026-10-04,26,SWN0251,0.49
2026-10-04,27,SWN0251,0.02
2026-10-04,28,SWN0251,0.03
2026-10-04,29,SWN0251,0.07
2026-10-04,30,SWN0251,0.06
2026-10-04,31,SWN0251,0.02
2026-10-04,32,SWN0251,2.34
2026-10-04,33,SWN0251,6.55
2026-10-04,34,SWN0251,22.74
2026-10-04,35,SWN0251,31.68
2026-10-04,36,SWN0251,46.24
2026-10-04,37,SWN0251,53.05
2026-10-04,38,SWN0251,92.59
2026-10-04,39,SWN0251,97.85
2026-10-04,40,SWN0251,79.68
2026-10-04,41,SWN0251,114.91
2026-10-04,42,SWN0251,110.13
2026-10-04,43,SWN0251,85.56
2026-10-04,44,SWN0251,193.95
2026-10-04,45,SWN0251,101.00
2026-10-04,46,SWN0251,76.13
2026-10-04,47,SWN0251,70.34
2026-10-04,48,SWN0251,67.57
2026-10-04,1,SWN2201,22.02
2026-10-04,2,SWN2201,23.25
2026-10-04,3,SWN2201,21.72
2026-10-04,4,SWN2201,21.66
2026-10-04,5,SWN2201,24.25
2026-10-04,6,SWN2201,23.77
2026-10-04,7,SWN2201,22.61
2026-10-04,8,SWN2201,21.57
2026-10-04,9,SWN2201,21.54
2026-10-04,10,SWN2201,20.60
2026-10-04,11,SWN2201,12.26
2026-10-04,12,SWN2201,22.22
2026-10-04,13,SWN2201,17.20
2026-10-04,14,SWN2201,23.41
2026-10-04,15,SWN2201,23.46
2026-10-04,16,SWN2201,24.70
2026-10-04,17,SWN2201,23.91
2026-10-04,18,SWN2201,22.91
2026-10-04,19,SWN2201,24.47
2026-10-04,20,SWN2201,24.89
2026-10-04,21,SWN2201,8.50
2026-10-04,22,SWN2201,0.64
2026-10-04,23,SWN2201,0.11
2026-10-04,24,SWN2201,0.03
2026-10-04,25,SWN2201,3.11
2026-10-04,26,SWN2201,0.49
2026-10-04,27,SWN2201,0.02
2026-10-04,28,SWN2201,0.03
2026-10-04,29,SWN2201,0.07
2026-10-04,30,SWN2201,0.06
2026-10-04,31,SWN2201,0.02
2026-10-04,32,SWN2201,2.34
2026-10-04,33,SWN2201,6.55
2026-10-04,34,SWN2201,22.73
2026-10-04,35,SWN2201,31.65
2026-10-04,36,SWN2201,46.18
2026-10-04,37,SWN2201,52.98
2026-10-04,38,SWN2201,92.51
2026-10-04,39,SWN2201,97.69
2026-10-04,40,SWN2201,79.62
2026-10-04,41,SWN2201,114.75
2026-10-04,42,SWN2201,109.99
2026-10-04,43,SWN2201,85.52
2026-10-04,44,SWN2201,193.83
2026-10-04,45,SWN2201,100.94
2026-10-04,46,SWN2201,76.08
2026-10-04,47,SWN2201,70.29
2026-10-04,48,SWN2201,67.53
2026-10-04,1,TAB0331,20.41
2026-10-04,2,TAB0331,21.74
2026-10-04,3,TAB0331,20.42
2026-10-04,4,TAB0331,20.36
2026-10-04,5,TAB0331,22.78
2026-10-04,6,TAB0331,22.33
2026-10-04,7,TAB0331,21.24
2026-10-04,8,TAB0331,20.26
2026-10-04,9,TAB0331,20.24
2026-10-04,10,TAB0331,19.35
2026-10-04,11,TAB0331,11.52
2026-10-04,12,TAB0331,20.80
2026-10-04,13,TAB0331,16.10
2026-10-04,14,TAB0331,21.72
2026-10-04,15,TAB0331,21.57
2026-10-04,16,TAB0331,22.60
2026-10-04,17,TAB0331,21.83
2026-10-04,18,TAB0331,20.93
2026-10-04,19,TAB0331,22.35
2026-10-04,20,TAB0331,22.71
2026-10-04,21,TAB0331,7.75
2026-10-04,22,TAB0331,0.58
2026-10-04,23,TAB0331,0.10
2026-10-04,24,TAB0331,0.03
2026-10-04,25,TAB0331,2.83
2026-10-04,26,TAB0331,0.45
2026-10-04,27,TAB0331,0.02
2026-10-04,28,TAB0331,0.03
2026-10-04,29,TAB0331,0.07
2026-10-04,30,TAB0331,0.05
2026-10-04,31,TAB0331,0.02
2026-10-04,32,TAB0331,2.12
2026-10-04,33,TAB0331,5.95
2026-10-04,34,TAB0331,20.65
2026-10-04,35,TAB0331,28.73
2026-10-04,36,TAB0331,41.93
2026-10-04,37,TAB0331,48.09
2026-10-04,38,TAB0331,83.68
2026-10-04,39,TAB0331,88.29
2026-10-04,40,TAB0331,71.98
2026-10-04,41,TAB0331,103.74
2026-10-04,42,TAB0331,99.44
2026-10-04,43,TAB0331,77.33
2026-10-04,44,TAB0331,175.72
2026-10-04,45,TAB0331,91.50
2026-10-04,46,TAB0331,69.03
2026-10-04,47,TAB0331,63.91
2026-10-04,48,TAB0331,61.62
2026-10-04,1,TAB2201,20.49
2026-10-04,2,TAB2201,21.82
2026-10-04,3,TAB2201,20.51
2026-10-04,4,TAB2201,20.44
2026-10-04,5,TAB2201,22.87
2026-10-04,6,TAB2201,22.43
2026-10-04,7,TAB2201,21.33
2026-10-04,8,TAB2201,20.34
2026-10-04,9,TAB2201,20.32
2026-10-04,10,TAB2201,19.43
2026-10-04,11,TAB2201,11.56
2026-10-04,12,TAB2201,20.89
2026-10-04,13,TAB2201,16.17
2026-10-04,14,TAB2201,21.81
2026-10-04,15,TAB2201,21.66
2026-10-04,16,TAB2201,22.70
2026-10-04,17,TAB2201,21.92
2026-10-04,18,TAB2201,21.01
2026-10-04,19,TAB2201,22.44
2026-10-04,20,TAB2201,22.80
2026-10-04,21,TAB2201,7.78
2026-10-04,22,TAB2201,0.58
2026-10-04,23,TAB2201,0.10
2026-10-04,24,TAB2201,0.03
2026-10-04,25,TAB2201,2.84
2026-10-04,26,TAB2201,0.45
2026-10-04,27,TAB2201,0.02
2026-10-04,28,TAB2201,0.03
2026-10-04,29,TAB2201,0.07
2026-10-04,30,TAB2201,0.05
2026-10-04,31,TAB2201,0.02
2026-10-04,32,TAB2201,2.13
2026-10-04,33,TAB2201,5.97
2026-10-04,34,TAB2201,20.74
2026-10-04,35,TAB2201,28.84
2026-10-04,36,TAB2201,42.10
2026-10-04,37,TAB2201,48.28
2026-10-04,38,TAB2201,84.02
2026-10-04,39,TAB2201,88.65
2026-10-04,40,TAB2201,72.27
2026-10-04,41,TAB2201,104.16
2026-10-04,42,TAB2201,99.85
2026-10-04,43,TAB2201,77.64
2026-10-04,44,TAB2201,176.43
2026-10-04,45,TAB2201,91.87
2026-10-04,46,TAB2201,69.31
2026-10-04,47,TAB2201,64.17
2026-10-04,48,TAB2201,61.88
2026-10-04,1,TAK0331,22.03
2026-10-04,2,TAK0331,23.26
2026-10-04,3,TAK0331,21.73
2026-10-04,4,TAK0331,21.67
2026-10-04,5,TAK0331,24.25
2026-10-04,6,TAK0331,23.77
2026-10-04,7,TAK0331,22.60
2026-10-04,8,TAK0331,21.55
2026-10-04,9,TAK0331,21.53
2026-10-04,10,TAK0331,20.58
2026-10-04,11,TAK0331,12.25
2026-10-04,12,TAK0331,22.22
2026-10-04,13,TAK0331,17.21
2026-10-04,14,TAK0331,23.42
2026-10-04,15,TAK0331,23.47
2026-10-04,16,TAK0331,24.67
2026-10-04,17,TAK0331,23.89
2026-10-04,18,TAK0331,22.89
2026-10-04,19,TAK0331,24.46
2026-10-04,20,TAK0331,24.87
2026-10-04,21,TAK0331,8.50
2026-10-04,22,TAK0331,0.64
2026-10-04,23,TAK0331,0.11
2026-10-04,24,TAK0331,0.03
2026-10-04,25,TAK0331,3.11
2026-10-04,26,TAK0331,0.49
2026-10-04,27,TAK0331,0.02
2026-10-04,28,TAK0331,0.03
2026-10-04,29,TAK0331,0.07
2026-10-04,30,TAK0331,0.06
2026-10-04,31,TAK0331,0.02
2026-10-04,32,TAK0331,2.33
2026-10-04,33,TAK0331,6.54
2026-10-04,34,TAK0331,22.71
2026-10-04,35,TAK0331,31.63
2026-10-04,36,TAK0331,46.15
2026-10-04,37,TAK0331,52.93
2026-10-04,38,TAK0331,92.44
2026-10-04,39,TAK0331,97.51
2026-10-04,40,TAK0331,79.49
2026-10-04,41,TAK0331,114.55
2026-10-04,42,TAK0331,109.81
2026-10-04,43,TAK0331,85.40
2026-10-04,44,TAK0331,193.70
2026-10-04,45,TAK0331,100.89
2026-10-04,46,TAK0331,76.04
2026-10-04,47,TAK0331,70.26
2026-10-04,48,TAK0331,67.50
2026-10-04,1,TGA0111,21.08
2026-10-04,2,TGA0111,22.60
2026-10-04,3,TGA0111,21.25
2026-10-04,4,TGA0111,21.13
2026-10-04,5,TGA0111,23.62
2026-10-04,6,TGA0111,23.13
2026-10-04,7,TGA0111,22.00
2026-10-04,8,TGA0111,20.99
2026-10-04,9,TGA0111,20.96
2026-10-04,10,TGA0111,20.03
2026-10-04,11,TGA0111,11.93
2026-10-04,12,TGA0111,21.57
2026-10-04,13,TGA0111,16.73
2026-10-04,14,TGA0111,22.55
2026-10-04,15,TGA0111,22.30
2026-10-04,16,TGA0111,23.34
2026-10-04,17,TGA0111,22.61
2026-10-04,18,TGA0111,21.68
2026-10-04,19,TGA0111,23.16
2026-10-04,20,TGA0111,23.54
2026-10-04,21,TGA0111,8.01
2026-10-04,22,TGA0111,0.60
2026-10-04,23,TGA0111,0.11
2026-10-04,24,TGA0111,0.03
2026-10-04,25,TGA0111,2.90
2026-10-04,26,TGA0111,0.46
2026-10-04,27,TGA0111,0.02
2026-10-04,28,TGA0111,0.03
2026-10-04,29,TGA0111,0.07
2026-10-04,30,TGA0111,0.05
2026-10-04,31,TGA0111,0.02
2026-10-04,32,TGA0111,2.19
2026-10-04,33,TGA0111,6.15
2026-10-04,34,TGA0111,21.38
2026-10-04,35,TGA0111,29.73
2026-10-04,36,TGA0111,43.38
2026-10-04,37,TGA0111,49.77
2026-10-04,38,TGA0111,86.64
2026-10-04,39,TGA0111,91.45
2026-10-04,40,TGA0111,74.46
2026-10-04,41,TGA0111,107.31
2026-10-04,42,TGA0111,102.87
2026-10-04,43,TGA0111,79.97
2026-10-04,44,TGA0111,181.86
2026-10-04,45,TGA0111,94.62
2026-10-04,46,TGA0111,71.25
2026-10-04,47,TGA0111,65.94
2026-10-04,48,TGA0111,63.53
2026-10-04,1,TGA0331,21.08
2026-10-04,2,TGA0331,22.60
2026-10-04,3,TGA0331,21.24
2026-10-04,4,TGA0331,21.13
2026-10-04,5,TGA0331,23.61
2026-10-04,6,TGA0331,23.12
2026-10-04,7,TGA0331,22.00
2026-10-04,8,TGA0331,20.98
2026-10-04,9,TGA0331,20.96
2026-10-04,10,TGA0331,20.03
2026-10-04,11,TGA0331,11.93
2026-10-04,12,TGA0331,21.56
2026-10-04,13,TGA0331,16.72
2026-10-04,14,TGA0331,22.55
2026-10-04,15,TGA0331,22.29
2026-10-04,16,TGA0331,23.34
2026-10-04,17,TGA0331,22.57
2026-10-04,18,TGA0331,21.62
2026-10-04,19,TGA0331,23.10
2026-10-04,20,TGA0331,23.48
2026-10-04,21,TGA0331,7.99
2026-10-04,22,TGA0331,0.60
2026-10-04,23,TGA0331,0.11
2026-10-04,24,TGA0331,0.03
2026-10-04,25,TGA0331,2.90
2026-10-04,26,TGA0331,0.46
2026-10-04,27,TGA0331,0.02
2026-10-04,28,TGA0331,0.03
2026-10-04,29,TGA0331,0.07
2026-10-04,30,TGA0331,0.05
2026-10-04,31,TGA0331,0.02
2026-10-04,32,TGA0331,2.19
2026-10-04,33,TGA0331,6.14
2026-10-04,34,TGA0331,21.32
2026-10-04,35,TGA0331,29.65
2026-10-04,36,TGA0331,43.26
2026-10-04,37,TGA0331,49.64
2026-10-04,38,TGA0331,86.42
2026-10-04,39,TGA0331,91.21
2026-10-04,40,TGA0331,74.26
2026-10-04,41,TGA0331,107.03
2026-10-04,42,TGA0331,102.60
2026-10-04,43,TGA0331,79.76
2026-10-04,44,TGA0331,181.38
2026-10-04,45,TGA0331,94.37
2026-10-04,46,TGA0331,71.14
2026-10-04,47,TGA0331,65.93
2026-10-04,48,TGA0331,63.52
2026-10-04,1,THI2201,20.57
2026-10-04,2,THI2201,21.91
2026-10-04,3,THI2201,20.59
2026-10-04,4,THI2201,20.53
2026-10-04,5,THI2201,22.97
2026-10-04,6,THI2201,22.52
2026-10-04,7,THI2201,21.42
2026-10-04,8,THI2201,20.43
2026-10-04,9,THI2201,20.41
2026-10-04,10,THI2201,19.51
2026-10-04,11,THI2201,11.61
2026-10-04,12,THI2201,20.98
2026-10-04,13,THI2201,16.23
2026-10-04,14,THI2201,21.88
2026-10-04,15,THI2201,21.74
2026-10-04,16,THI2201,22.78
2026-10-04,17,THI2201,22.01
2026-10-04,18,THI2201,21.09
2026-10-04,19,THI2201,22.52
2026-10-04,20,THI2201,22.89
2026-10-04,21,THI2201,7.82
2026-10-04,22,THI2201,0.58
2026-10-04,23,THI2201,0.10
2026-10-04,24,THI2201,0.03
2026-10-04,25,THI2201,2.85
2026-10-04,26,THI2201,0.45
2026-10-04,27,THI2201,0.02
2026-10-04,28,THI2201,0.03
2026-10-04,29,THI2201,0.07
2026-10-04,30,THI2201,0.05
2026-10-04,31,THI2201,0.02
2026-10-04,32,THI2201,2.14
2026-10-04,33,THI2201,5.99
2026-10-04,34,THI2201,20.80
2026-10-04,35,THI2201,28.94
2026-10-04,36,THI2201,42.23
2026-10-04,37,THI2201,48.44
2026-10-04,38,THI2201,84.28
2026-10-04,39,THI2201,88.92
2026-10-04,40,THI2201,72.48
2026-10-04,41,THI2201,104.47
2026-10-04,42,THI2201,100.14
2026-10-04,43,THI2201,77.88
2026-10-04,44,THI2201,177.01
2026-10-04,45,THI2201,92.19
2026-10-04,46,THI2201,69.52
2026-10-04,47,THI2201,64.36
2026-10-04,48,THI2201,62.05
2026-10-04,1,TIM0111,20.67
2026-10-04,2,TIM0111,20.52
2026-10-04,3,TIM0111,20.49
2026-10-04,4,TIM0111,20.53
2026-10-04,5,TIM0111,23.06
2026-10-04,6,TIM0111,22.63
2026-10-04,7,TIM0111,21.54
2026-10-04,8,TIM0111,20.54
2026-10-04,9,TIM0111,20.52
2026-10-04,10,TIM0111,19.70
2026-10-04,11,TIM0111,11.53
2026-10-04,12,TIM0111,20.40
2026-10-04,13,TIM0111,15.43
2026-10-04,14,TIM0111,20.50
2026-10-04,15,TIM0111,20.49
2026-10-04,16,TIM0111,20.51
2026-10-04,17,TIM0111,20.38
2026-10-04,18,TIM0111,19.62
2026-10-04,19,TIM0111,19.90
2026-10-04,20,TIM0111,19.24
2026-10-04,21,TIM0111,5.32
2026-10-04,22,TIM0111,0.02
2026-10-04,23,TIM0111,0.02
2026-10-04,24,TIM0111,0.02
2026-10-04,25,TIM0111,2.53
2026-10-04,26,TIM0111,0.41
2026-10-04,27,TIM0111,0.02
2026-10-04,28,TIM0111,0.02
2026-10-04,29,TIM0111,0.02
2026-10-04,30,TIM0111,0.02
2026-10-04,31,TIM0111,0.02
2026-10-04,32,TIM0111,1.29
2026-10-04,33,TIM0111,1.47
2026-10-04,34,TIM0111,11.87
2026-10-04,35,TIM0111,17.89
2026-10-04,36,TIM0111,20.26
2026-10-04,37,TIM0111,20.48
2026-10-04,38,TIM0111,20.33
2026-10-04,39,TIM0111,20.44
2026-10-04,40,TIM0111,20.53
2026-10-04,41,TIM0111,48.44
2026-10-04,42,TIM0111,50.85
2026-10-04,43,TIM0111,49.45
2026-10-04,44,TIM0111,47.90
2026-10-04,45,TIM0111,50.85
2026-10-04,46,TIM0111,50.84
2026-10-04,47,TIM0111,51.11
2026-10-04,48,TIM0111,50.92
2026-10-04,1,TKA0111,19.25
2026-10-04,2,TKA0111,19.06
2026-10-04,3,TKA0111,18.78
2026-10-04,4,TKA0111,18.83
2026-10-04,5,TKA0111,21.15
2026-10-04,6,TKA0111,20.77
2026-10-04,7,TKA0111,19.75
2026-10-04,8,TKA0111,18.85
2026-10-04,9,TKA0111,18.85
2026-10-04,10,TKA0111,18.07
2026-10-04,11,TKA0111,10.73
2026-10-04,12,TKA0111,18.98
2026-10-04,13,TKA0111,14.40
2026-10-04,14,TKA0111,19.10
2026-10-04,15,TKA0111,19.09
2026-10-04,16,TKA0111,19.11
2026-10-04,17,TKA0111,18.73
2026-10-04,18,TKA0111,17.99
2026-10-04,19,TKA0111,18.24
2026-10-04,20,TKA0111,17.64
2026-10-04,21,TKA0111,4.90
2026-10-04,22,TKA0111,0.02
2026-10-04,23,TKA0111,0.02
2026-10-04,24,TKA0111,0.02
2026-10-04,25,TKA0111,2.36
2026-10-04,26,TKA0111,0.39
2026-10-04,27,TKA0111,0.02
2026-10-04,28,TKA0111,0.02
2026-10-04,29,TKA0111,0.02
2026-10-04,30,TKA0111,0.02
2026-10-04,31,TKA0111,0.02
2026-10-04,32,TKA0111,1.23
2026-10-04,33,TKA0111,1.40
2026-10-04,34,TKA0111,10.93
2026-10-04,35,TKA0111,16.38
2026-10-04,36,TKA0111,18.57
2026-10-04,37,TKA0111,18.78
2026-10-04,38,TKA0111,18.65
2026-10-04,39,TKA0111,18.74
2026-10-04,40,TKA0111,18.82
2026-10-04,41,TKA0111,44.80
2026-10-04,42,TKA0111,47.37
2026-10-04,43,TKA0111,46.06
2026-10-04,44,TKA0111,44.62
2026-10-04,45,TKA0111,47.37
2026-10-04,46,TKA0111,47.36
2026-10-04,47,TKA0111,47.38
2026-10-04,48,TKA0111,47.05
2026-10-04,1,TKA0331,19.36
2026-10-04,2,TKA0331,19.17
2026-10-04,3,TKA0331,18.89
2026-10-04,4,TKA0331,18.91
2026-10-04,5,TKA0331,21.24
2026-10-04,6,TKA0331,20.84
2026-10-04,7,TKA0331,19.82
2026-10-04,8,TKA0331,18.91
2026-10-04,9,TKA0331,18.91
2026-10-04,10,TKA0331,18.13
2026-10-04,11,TKA0331,10.78
2026-10-04,12,TKA0331,19.06
2026-10-04,13,TKA0331,14.47
2026-10-04,14,TKA0331,19.21
2026-10-04,15,TKA0331,19.20
2026-10-04,16,TKA0331,19.21
2026-10-04,17,TKA0331,18.84
2026-10-04,18,TKA0331,18.09
2026-10-04,19,TKA0331,18.34
2026-10-04,20,TKA0331,17.73
2026-10-04,21,TKA0331,4.91
2026-10-04,22,TKA0331,0.02
2026-10-04,23,TKA0331,0.02
2026-10-04,24,TKA0331,0.02
2026-10-04,25,TKA0331,2.37
2026-10-04,26,TKA0331,0.39
2026-10-04,27,TKA0331,0.02
2026-10-04,28,TKA0331,0.02
2026-10-04,29,TKA0331,0.02
2026-10-04,30,TKA0331,0.02
2026-10-04,31,TKA0331,0.02
2026-10-04,32,TKA0331,1.23
2026-10-04,33,TKA0331,1.41
2026-10-04,34,TKA0331,10.96
2026-10-04,35,TKA0331,16.43
2026-10-04,36,TKA0331,18.63
2026-10-04,37,TKA0331,18.84
2026-10-04,38,TKA0331,18.70
2026-10-04,39,TKA0331,18.80
2026-10-04,40,TKA0331,18.92
2026-10-04,41,TKA0331,45.03
2026-10-04,42,TKA0331,47.62
2026-10-04,43,TKA0331,46.32
2026-10-04,44,TKA0331,44.87
2026-10-04,45,TKA0331,47.64
2026-10-04,46,TKA0331,47.60
2026-10-04,47,TKA0331,47.55
2026-10-04,48,TKA0331,47.26
2026-10-04,1,TKB2201,20.11
2026-10-04,2,TKB2201,19.96
2026-10-04,3,TKB2201,19.93
2026-10-04,4,TKB2201,19.96
2026-10-04,5,TKB2201,22.39
2026-10-04,6,TKB2201,21.98
2026-10-04,7,TKB2201,20.90
2026-10-04,8,TKB2201,19.91
2026-10-04,9,TKB2201,19.91
2026-10-04,10,TKB2201,19.12
2026-10-04,11,TKB2201,11.22
2026-10-04,12,TKB2201,19.87
2026-10-04,13,TKB2201,15.04
2026-10-04,14,TKB2201,19.96
2026-10-04,15,TKB2201,20.00
2026-10-04,16,TKB2201,20.04
2026-10-04,17,TKB2201,19.90
2026-10-04,18,TKB2201,19.10
2026-10-04,19,TKB2201,19.35
2026-10-04,20,TKB2201,18.66
2026-10-04,21,TKB2201,5.19
2026-10-04,22,TKB2201,0.02
2026-10-04,23,TKB2201,0.02
2026-10-04,24,TKB2201,0.02
2026-10-04,25,TKB2201,2.51
2026-10-04,26,TKB2201,0.41
2026-10-04,27,TKB2201,0.02
2026-10-04,28,TKB2201,0.02
2026-10-04,29,TKB2201,0.02
2026-10-04,30,TKB2201,0.02
2026-10-04,31,TKB2201,0.02
2026-10-04,32,TKB2201,1.28
2026-10-04,33,TKB2201,1.46
2026-10-04,34,TKB2201,11.72
2026-10-04,35,TKB2201,17.47
2026-10-04,36,TKB2201,19.68
2026-10-04,37,TKB2201,19.93
2026-10-04,38,TKB2201,19.85
2026-10-04,39,TKB2201,19.96
2026-10-04,40,TKB2201,20.06
2026-10-04,41,TKB2201,47.29
2026-10-04,42,TKB2201,49.68
2026-10-04,43,TKB2201,48.27
2026-10-04,44,TKB2201,46.80
2026-10-04,45,TKB2201,49.68
2026-10-04,46,TKB2201,49.67
2026-10-04,47,TKB2201,49.82
2026-10-04,48,TKB2201,49.54
2026-10-04,1,TKR0331,21.01
2026-10-04,2,TKR0331,22.07
2026-10-04,3,TKR0331,20.89
2026-10-04,4,TKR0331,20.94
2026-10-04,5,TKR0331,23.40
2026-10-04,6,TKR0331,22.95
2026-10-04,7,TKR0331,21.83
2026-10-04,8,TKR0331,20.82
2026-10-04,9,TKR0331,20.81
2026-10-04,10,TKR0331,19.96
2026-10-04,11,TKR0331,11.73
2026-10-04,12,TKR0331,20.85
2026-10-04,13,TKR0331,15.96
2026-10-04,14,TKR0331,21.46
2026-10-04,15,TKR0331,21.49
2026-10-04,16,TKR0331,22.34
2026-10-04,17,TKR0331,21.75
2026-10-04,18,TKR0331,20.84
2026-10-04,19,TKR0331,22.06
2026-10-04,20,TKR0331,22.25
2026-10-04,21,TKR0331,7.58
2026-10-04,22,TKR0331,0.56
2026-10-04,23,TKR0331,0.10
2026-10-04,24,TKR0331,0.03
2026-10-04,25,TKR0331,2.72
2026-10-04,26,TKR0331,0.44
2026-10-04,27,TKR0331,0.02
2026-10-04,28,TKR0331,0.03
2026-10-04,29,TKR0331,0.07
2026-10-04,30,TKR0331,0.05
2026-10-04,31,TKR0331,0.02
2026-10-04,32,TKR0331,2.02
2026-10-04,33,TKR0331,5.61
2026-10-04,34,TKR0331,19.40
2026-10-04,35,TKR0331,27.02
2026-10-04,36,TKR0331,39.04
2026-10-04,37,TKR0331,44.41
2026-10-04,38,TKR0331,77.54
2026-10-04,39,TKR0331,81.13
2026-10-04,40,TKR0331,66.77
2026-10-04,41,TKR0331,96.38
2026-10-04,42,TKR0331,92.39
2026-10-04,43,TKR0331,71.93
2026-10-04,44,TKR0331,165.50
2026-10-04,45,TKR0331,85.61
2026-10-04,46,TKR0331,65.74
2026-10-04,47,TKR0331,61.96
2026-10-04,48,TKR0331,60.42
2026-10-04,1,TKU0331,20.81
2026-10-04,2,TKU0331,22.20
2026-10-04,3,TKU0331,20.80
2026-10-04,4,TKU0331,20.90
2026-10-04,5,TKU0331,23.21
2026-10-04,6,TKU0331,22.76
2026-10-04,7,TKU0331,21.65
2026-10-04,8,TKU0331,20.64
2026-10-04,9,TKU0331,20.62
2026-10-04,10,TKU0331,19.86
2026-10-04,11,TKU0331,11.75
2026-10-04,12,TKU0331,21.19
2026-10-04,13,TKU0331,16.39
2026-10-04,14,TKU0331,22.10
2026-10-04,15,TKU0331,22.02
2026-10-04,16,TKU0331,23.05
2026-10-04,17,TKU0331,22.31
2026-10-04,18,TKU0331,21.37
2026-10-04,19,TKU0331,22.76
2026-10-04,20,TKU0331,23.12
2026-10-04,21,TKU0331,7.89
2026-10-04,22,TKU0331,0.59
2026-10-04,23,TKU0331,0.10
2026-10-04,24,TKU0331,0.03
2026-10-04,25,TKU0331,2.89
2026-10-04,26,TKU0331,0.46
2026-10-04,27,TKU0331,0.02
2026-10-04,28,TKU0331,0.03
2026-10-04,29,TKU0331,0.07
2026-10-04,30,TKU0331,0.05
2026-10-04,31,TKU0331,0.02
2026-10-04,32,TKU0331,2.16
2026-10-04,33,TKU0331,6.04
2026-10-04,34,TKU0331,20.91
2026-10-04,35,TKU0331,29.10
2026-10-04,36,TKU0331,42.43
2026-10-04,37,TKU0331,48.22
2026-10-04,38,TKU0331,83.87
2026-10-04,39,TKU0331,88.05
2026-10-04,40,TKU0331,72.15
2026-10-04,41,TKU0331,104.09
2026-10-04,42,TKU0331,99.78
2026-10-04,43,TKU0331,77.61
2026-10-04,44,TKU0331,178.33
2026-10-04,45,TKU0331,92.30
2026-10-04,46,TKU0331,69.71
2026-10-04,47,TKU0331,64.52
2026-10-04,48,TKU0331,62.63
2026-10-04,1,TKU2201,20.79
2026-10-04,2,TKU2201,22.18
2026-10-04,3,TKU2201,20.79
2026-10-04,4,TKU2201,20.89
2026-10-04,5,TKU2201,23.19
2026-10-04,6,TKU2201,22.74
2026-10-04,7,TKU2201,21.63
2026-10-04,8,TKU2201,20.63
2026-10-04,9,TKU2201,20.61
2026-10-04,10,TKU2201,19.84
2026-10-04,11,TKU2201,11.75
2026-10-04,12,TKU2201,21.17
2026-10-04,13,TKU2201,16.36
2026-10-04,14,TKU2201,22.06
2026-10-04,15,TKU2201,21.96
2026-10-04,16,TKU2201,22.97
2026-10-04,17,TKU2201,22.24
2026-10-04,18,TKU2201,21.30
2026-10-04,19,TKU2201,22.69
2026-10-04,20,TKU2201,23.04
2026-10-04,21,TKU2201,7.87
2026-10-04,22,TKU2201,0.59
2026-10-04,23,TKU2201,0.10
2026-10-04,24,TKU2201,0.03
2026-10-04,25,TKU2201,2.88
2026-10-04,26,TKU2201,0.46
2026-10-04,27,TKU2201,0.02
2026-10-04,28,TKU2201,0.03
2026-10-04,29,TKU2201,0.07
2026-10-04,30,TKU2201,0.05
2026-10-04,31,TKU2201,0.02
2026-10-04,32,TKU2201,2.16
2026-10-04,33,TKU2201,6.03
2026-10-04,34,TKU2201,20.87
2026-10-04,35,TKU2201,29.04
2026-10-04,36,TKU2201,42.31
2026-10-04,37,TKU2201,48.07
2026-10-04,38,TKU2201,83.61
2026-10-04,39,TKU2201,87.77
2026-10-04,40,TKU2201,71.92
2026-10-04,41,TKU2201,103.76
2026-10-04,42,TKU2201,99.47
2026-10-04,43,TKU2201,77.36
2026-10-04,44,TKU2201,177.76
2026-10-04,45,TKU2201,92.01
2026-10-04,46,TKU2201,69.66
2026-10-04,47,TKU2201,64.45
2026-10-04,48,TKU2201,62.59
2026-10-04,1,TMI0331,21.15
2026-10-04,2,TMI0331,22.69
2026-10-04,3,TMI0331,21.31
2026-10-04,4,TMI0331,21.19
2026-10-04,5,TMI0331,23.69
2026-10-04,6,TMI0331,23.20
2026-10-04,7,TMI0331,22.06
2026-10-04,8,TMI0331,21.05
2026-10-04,9,TMI0331,21.03
2026-10-04,10,TMI0331,20.09
2026-10-04,11,TMI0331,11.97
2026-10-04,12,TMI0331,21.64
2026-10-04,13,TMI0331,16.80
2026-10-04,14,TMI0331,22.67
2026-10-04,15,TMI0331,22.41
2026-10-04,16,TMI0331,23.47
2026-10-04,17,TMI0331,22.69
2026-10-04,18,TMI0331,21.74
2026-10-04,19,TMI0331,23.22
2026-10-04,20,TMI0331,23.60
2026-10-04,21,TMI0331,8.03
2026-10-04,22,TMI0331,0.60
2026-10-04,23,TMI0331,0.11
2026-10-04,24,TMI0331,0.03
2026-10-04,25,TMI0331,2.92
2026-10-04,26,TMI0331,0.46
2026-10-04,27,TMI0331,0.02
2026-10-04,28,TMI0331,0.03
2026-10-04,29,TMI0331,0.07
2026-10-04,30,TMI0331,0.05
2026-10-04,31,TMI0331,0.02
2026-10-04,32,TMI0331,2.20
2026-10-04,33,TMI0331,6.17
2026-10-04,34,TMI0331,21.43
2026-10-04,35,TMI0331,29.81
2026-10-04,36,TMI0331,43.49
2026-10-04,37,TMI0331,49.89
2026-10-04,38,TMI0331,86.81
2026-10-04,39,TMI0331,91.60
2026-10-04,40,TMI0331,74.68
2026-10-04,41,TMI0331,107.61
2026-10-04,42,TMI0331,103.14
2026-10-04,43,TMI0331,80.18
2026-10-04,44,TMI0331,182.34
2026-10-04,45,TMI0331,94.95
2026-10-04,46,TMI0331,71.59
2026-10-04,47,TMI0331,66.26
2026-10-04,48,TMI0331,63.82
2026-10-04,1,TMK0331,20.92
2026-10-04,2,TMK0331,20.77
2026-10-04,3,TMK0331,20.74
2026-10-04,4,TMK0331,20.78
2026-10-04,5,TMK0331,23.35
2026-10-04,6,TMK0331,22.93
2026-10-04,7,TMK0331,21.81
2026-10-04,8,TMK0331,20.82
2026-10-04,9,TMK0331,20.81
2026-10-04,10,TMK0331,19.95
2026-10-04,11,TMK0331,11.69
2026-10-04,12,TMK0331,20.72
2026-10-04,13,TMK0331,15.64
2026-10-04,14,TMK0331,20.76
2026-10-04,15,TMK0331,20.74
2026-10-04,16,TMK0331,20.76
2026-10-04,17,TMK0331,20.63
2026-10-04,18,TMK0331,19.77
2026-10-04,19,TMK0331,19.90
2026-10-04,20,TMK0331,19.22
2026-10-04,21,TMK0331,5.31
2026-10-04,22,TMK0331,0.02
2026-10-04,23,TMK0331,0.02
2026-10-04,24,TMK0331,0.02
2026-10-04,25,TMK0331,2.53
2026-10-04,26,TMK0331,0.41
2026-10-04,27,TMK0331,0.02
2026-10-04,28,TMK0331,0.02
2026-10-04,29,TMK0331,0.02
2026-10-04,30,TMK0331,0.02
2026-10-04,31,TMK0331,0.02
2026-10-04,32,TMK0331,1.29
2026-10-04,33,TMK0331,1.48
2026-10-04,34,TMK0331,11.87
2026-10-04,35,TMK0331,17.88
2026-10-04,36,TMK0331,20.38
2026-10-04,37,TMK0331,20.73
2026-10-04,38,TMK0331,20.58
2026-10-04,39,TMK0331,20.69
2026-10-04,40,TMK0331,20.78
2026-10-04,41,TMK0331,49.04
2026-10-04,42,TMK0331,51.48
2026-10-04,43,TMK0331,50.05
2026-10-04,44,TMK0331,48.49
2026-10-04,45,TMK0331,51.48
2026-10-04,46,TMK0331,51.47
2026-10-04,47,TMK0331,51.74
2026-10-04,48,TMK0331,51.55
2026-10-04,1,TMN0551,21.73
2026-10-04,2,TMN0551,22.95
2026-10-04,3,TMN0551,21.50
2026-10-04,4,TMN0551,21.49
2026-10-04,5,TMN0551,24.04
2026-10-04,6,TMN0551,23.55
2026-10-04,7,TMN0551,22.40
2026-10-04,8,TMN0551,21.36
2026-10-04,9,TMN0551,21.33
2026-10-04,10,TMN0551,20.44
2026-10-04,11,TMN0551,12.12
2026-10-04,12,TMN0551,21.87
2026-10-04,13,TMN0551,17.00
2026-10-04,14,TMN0551,23.07
2026-10-04,15,TMN0551,23.07
2026-10-04,16,TMN0551,24.10
2026-10-04,17,TMN0551,23.34
2026-10-04,18,TMN0551,22.35
2026-10-04,19,TMN0551,23.71
2026-10-04,20,TMN0551,24.04
2026-10-04,21,TMN0551,8.21
2026-10-04,22,TMN0551,0.61
2026-10-04,23,TMN0551,0.11
2026-10-04,24,TMN0551,0.03
2026-10-04,25,TMN0551,2.95
2026-10-04,26,TMN0551,0.47
2026-10-04,27,TMN0551,0.02
2026-10-04,28,TMN0551,0.03
2026-10-04,29,TMN0551,0.07
2026-10-04,30,TMN0551,0.05
2026-10-04,31,TMN0551,0.02
2026-10-04,32,TMN0551,2.21
2026-10-04,33,TMN0551,6.20
2026-10-04,34,TMN0551,21.52
2026-10-04,35,TMN0551,29.98
2026-10-04,36,TMN0551,43.70
2026-10-04,37,TMN0551,50.01
2026-10-04,38,TMN0551,87.34
2026-10-04,39,TMN0551,91.78
2026-10-04,40,TMN0551,74.92
2026-10-04,41,TMN0551,108.00
2026-10-04,42,TMN0551,103.52
2026-10-04,43,TMN0551,80.51
2026-10-04,44,TMN0551,183.79
2026-10-04,45,TMN0551,95.55
2026-10-04,46,TMN0551,72.64
2026-10-04,47,TMN0551,67.73
2026-10-04,48,TMN0551,65.88
2026-10-04,1,TMU0111,22.32
2026-10-04,2,TMU0111,23.62
2026-10-04,3,TMU0111,22.08
2026-10-04,4,TMU0111,22.00
2026-10-04,5,TMU0111,24.64
2026-10-04,6,TMU0111,24.10
2026-10-04,7,TMU0111,22.92
2026-10-04,8,TMU0111,21.86
2026-10-04,9,TMU0111,21.84
2026-10-04,10,TMU0111,20.92
2026-10-04,11,TMU0111,12.51
2026-10-04,12,TMU0111,22.70
2026-10-04,13,TMU0111,17.63
2026-10-04,14,TMU0111,24.07
2026-10-04,15,TMU0111,23.97
2026-10-04,16,TMU0111,24.94
2026-10-04,17,TMU0111,24.12
2026-10-04,18,TMU0111,22.90
2026-10-04,19,TMU0111,24.33
2026-10-04,20,TMU0111,24.74
2026-10-04,21,TMU0111,8.48
2026-10-04,22,TMU0111,0.63
2026-10-04,23,TMU0111,0.11
2026-10-04,24,TMU0111,0.03
2026-10-04,25,TMU0111,3.08
2026-10-04,26,TMU0111,0.49
2026-10-04,27,TMU0111,0.02
2026-10-04,28,TMU0111,0.03
2026-10-04,29,TMU0111,0.07
2026-10-04,30,TMU0111,0.06
2026-10-04,31,TMU0111,0.02
2026-10-04,32,TMU0111,2.33
2026-10-04,33,TMU0111,6.54
2026-10-04,34,TMU0111,22.72
2026-10-04,35,TMU0111,31.36
2026-10-04,36,TMU0111,45.80
2026-10-04,37,TMU0111,52.65
2026-10-04,38,TMU0111,92.32
2026-10-04,39,TMU0111,96.92
2026-10-04,40,TMU0111,79.51
2026-10-04,41,TMU0111,113.88
2026-10-04,42,TMU0111,109.67
2026-10-04,43,TMU0111,85.30
2026-10-04,44,TMU0111,190.13
2026-10-04,45,TMU0111,100.10
2026-10-04,46,TMU0111,75.22
2026-10-04,47,TMU0111,69.50
2026-10-04,48,TMU0111,67.10
2026-10-04,1,TMU1101,22.25
2026-10-04,2,TMU1101,23.54
2026-10-04,3,TMU1101,22.01
2026-10-04,4,TMU1101,21.96
2026-10-04,5,TMU1101,24.57
2026-10-04,6,TMU1101,24.07
2026-10-04,7,TMU1101,22.90
2026-10-04,8,TMU1101,21.85
2026-10-04,9,TMU1101,21.82
2026-10-04,10,TMU1101,20.86
2026-10-04,11,TMU1101,12.47
2026-10-04,12,TMU1101,22.63
2026-10-04,13,TMU1101,17.58
2026-10-04,14,TMU1101,23.99
2026-10-04,15,TMU1101,23.90
2026-10-04,16,TMU1101,24.86
2026-10-04,17,TMU1101,24.05
2026-10-04,18,TMU1101,22.83
2026-10-04,19,TMU1101,24.26
2026-10-04,20,TMU1101,24.66
2026-10-04,21,TMU1101,8.45
2026-10-04,22,TMU1101,0.63
2026-10-04,23,TMU1101,0.11
2026-10-04,24,TMU1101,0.03
2026-10-04,25,TMU1101,3.07
2026-10-04,26,TMU1101,0.49
2026-10-04,27,TMU1101,0.02
2026-10-04,28,TMU1101,0.03
2026-10-04,29,TMU1101,0.07
2026-10-04,30,TMU1101,0.05
2026-10-04,31,TMU1101,0.02
2026-10-04,32,TMU1101,2.32
2026-10-04,33,TMU1101,6.52
2026-10-04,34,TMU1101,22.65
2026-10-04,35,TMU1101,31.26
2026-10-04,36,TMU1101,45.66
2026-10-04,37,TMU1101,52.48
2026-10-04,38,TMU1101,92.02
2026-10-04,39,TMU1101,96.61
2026-10-04,40,TMU1101,79.26
2026-10-04,41,TMU1101,113.52
2026-10-04,42,TMU1101,109.32
2026-10-04,43,TMU1101,85.03
2026-10-04,44,TMU1101,189.53
2026-10-04,45,TMU1101,99.78
2026-10-04,46,TMU1101,74.98
2026-10-04,47,TMU1101,69.28
2026-10-04,48,TMU1101,66.89
2026-10-04,1,TNG0551,20.74
2026-10-04,2,TNG0551,21.96
2026-10-04,3,TNG0551,20.69
2026-10-04,4,TNG0551,20.68
2026-10-04,5,TNG0551,23.11
2026-10-04,6,TNG0551,22.67
2026-10-04,7,TNG0551,21.56
2026-10-04,8,TNG0551,20.57
2026-10-04,9,TNG0551,20.54
2026-10-04,10,TNG0551,19.68
2026-10-04,11,TNG0551,11.64
2026-10-04,12,TNG0551,20.92
2026-10-04,13,TNG0551,16.13
2026-10-04,14,TNG0551,21.76
2026-10-04,15,TNG0551,21.67
2026-10-04,16,TNG0551,22.66
2026-10-04,17,TNG0551,21.92
2026-10-04,18,TNG0551,20.99
2026-10-04,19,TNG0551,22.34
2026-10-04,20,TNG0551,22.68
2026-10-04,21,TNG0551,7.74
2026-10-04,22,TNG0551,0.57
2026-10-04,23,TNG0551,0.10
2026-10-04,24,TNG0551,0.03
2026-10-04,25,TNG0551,2.79
2026-10-04,26,TNG0551,0.45
2026-10-04,27,TNG0551,0.02
2026-10-04,28,TNG0551,0.03
2026-10-04,29,TNG0551,0.07
2026-10-04,30,TNG0551,0.05
2026-10-04,31,TNG0551,0.02
2026-10-04,32,TNG0551,2.09
2026-10-04,33,TNG0551,5.81
2026-10-04,34,TNG0551,20.13
2026-10-04,35,TNG0551,28.08
2026-10-04,36,TNG0551,40.86
2026-10-04,37,TNG0551,46.69
2026-10-04,38,TNG0551,81.32
2026-10-04,39,TNG0551,85.69
2026-10-04,40,TNG0551,69.97
2026-10-04,41,TNG0551,100.93
2026-10-04,42,TNG0551,96.75
2026-10-04,43,TNG0551,75.25
2026-10-04,44,TNG0551,172.50
2026-10-04,45,TNG0551,89.27
2026-10-04,46,TNG0551,67.98
2026-10-04,47,TNG0551,63.70
2026-10-04,48,TNG0551,61.73
2026-10-04,1,TRK0111,20.87
2026-10-04,2,TRK0111,22.39
2026-10-04,3,TRK0111,21.03
2026-10-04,4,TRK0111,20.92
2026-10-04,5,TRK0111,23.38
2026-10-04,6,TRK0111,22.90
2026-10-04,7,TRK0111,21.78
2026-10-04,8,TRK0111,20.77
2026-10-04,9,TRK0111,20.75
2026-10-04,10,TRK0111,19.83
2026-10-04,11,TRK0111,11.81
2026-10-04,12,TRK0111,21.35
2026-10-04,13,TRK0111,16.57
2026-10-04,14,TRK0111,22.35
2026-10-04,15,TRK0111,22.09
2026-10-04,16,TRK0111,23.13
2026-10-04,17,TRK0111,22.36
2026-10-04,18,TRK0111,21.43
2026-10-04,19,TRK0111,22.89
2026-10-04,20,TRK0111,23.26
2026-10-04,21,TRK0111,7.92
2026-10-04,22,TRK0111,0.59
2026-10-04,23,TRK0111,0.11
2026-10-04,24,TRK0111,0.03
2026-10-04,25,TRK0111,2.88
2026-10-04,26,TRK0111,0.46
2026-10-04,27,TRK0111,0.02
2026-10-04,28,TRK0111,0.03
2026-10-04,29,TRK0111,0.07
2026-10-04,30,TRK0111,0.05
2026-10-04,31,TRK0111,0.02
2026-10-04,32,TRK0111,2.17
2026-10-04,33,TRK0111,6.08
2026-10-04,34,TRK0111,21.13
2026-10-04,35,TRK0111,29.38
2026-10-04,36,TRK0111,42.87
2026-10-04,37,TRK0111,49.17
2026-10-04,38,TRK0111,85.57
2026-10-04,39,TRK0111,90.35
2026-10-04,40,TRK0111,73.73
2026-10-04,41,TRK0111,106.26
2026-10-04,42,TRK0111,101.73
2026-10-04,43,TRK0111,79.11
2026-10-04,44,TRK0111,179.73
2026-10-04,45,TRK0111,93.59
2026-10-04,46,TRK0111,70.57
2026-10-04,47,TRK0111,65.31
2026-10-04,48,TRK0111,62.94
2026-10-04,1,TRK2201,20.87
2026-10-04,2,TRK2201,22.39
2026-10-04,3,TRK2201,21.03
2026-10-04,4,TRK2201,20.92
2026-10-04,5,TRK2201,23.37
2026-10-04,6,TRK2201,22.90
2026-10-04,7,TRK2201,21.78
2026-10-04,8,TRK2201,20.77
2026-10-04,9,TRK2201,20.75
2026-10-04,10,TRK2201,19.83
2026-10-04,11,TRK2201,11.81
2026-10-04,12,TRK2201,21.35
2026-10-04,13,TRK2201,16.57
2026-10-04,14,TRK2201,22.34
2026-10-04,15,TRK2201,22.09
2026-10-04,16,TRK2201,23.13
2026-10-04,17,TRK2201,22.36
2026-10-04,18,TRK2201,21.42
2026-10-04,19,TRK2201,22.89
2026-10-04,20,TRK2201,23.26
2026-10-04,21,TRK2201,7.92
2026-10-04,22,TRK2201,0.59
2026-10-04,23,TRK2201,0.11
2026-10-04,24,TRK2201,0.03
2026-10-04,25,TRK2201,2.88
2026-10-04,26,TRK2201,0.46
2026-10-04,27,TRK2201,0.02
2026-10-04,28,TRK2201,0.03
2026-10-04,29,TRK2201,0.07
2026-10-04,30,TRK2201,0.05
2026-10-04,31,TRK2201,0.02
2026-10-04,32,TRK2201,2.17
2026-10-04,33,TRK2201,6.08
2026-10-04,34,TRK2201,21.12
2026-10-04,35,TRK2201,29.38
2026-10-04,36,TRK2201,42.87
2026-10-04,37,TRK2201,49.17
2026-10-04,38,TRK2201,85.56
2026-10-04,39,TRK2201,90.28
2026-10-04,40,TRK2201,73.58
2026-10-04,41,TRK2201,106.04
2026-10-04,42,TRK2201,101.65
2026-10-04,43,TRK2201,79.03
2026-10-04,44,TRK2201,179.71
2026-10-04,45,TRK2201,93.59
2026-10-04,46,TRK2201,70.56
2026-10-04,47,TRK2201,65.31
2026-10-04,48,TRK2201,62.94
2026-10-04,1,TUI1101,20.89
2026-10-04,2,TUI1101,22.27
2026-10-04,3,TUI1101,20.90
2026-10-04,4,TUI1101,20.84
2026-10-04,5,TUI1101,23.37
2026-10-04,6,TUI1101,22.90
2026-10-04,7,TUI1101,21.75
2026-10-04,8,TUI1101,20.73
2026-10-04,9,TUI1101,20.75
2026-10-04,10,TUI1101,19.80
2026-10-04,11,TUI1101,11.82
2026-10-04,12,TUI1101,21.36
2026-10-04,13,TUI1101,16.54
2026-10-04,14,TUI1101,22.34
2026-10-04,15,TUI1101,22.19
2026-10-04,16,TUI1101,23.25
2026-10-04,17,TUI1101,22.46
2026-10-04,18,TUI1101,21.54
2026-10-04,19,TUI1101,23.01
2026-10-04,20,TUI1101,23.36
2026-10-04,21,TUI1101,7.98
2026-10-04,22,TUI1101,0.60
2026-10-04,23,TUI1101,0.11
2026-10-04,24,TUI1101,0.03
2026-10-04,25,TUI1101,2.91
2026-10-04,26,TUI1101,0.46
2026-10-04,27,TUI1101,0.02
2026-10-04,28,TUI1101,0.03
2026-10-04,29,TUI1101,0.07
2026-10-04,30,TUI1101,0.05
2026-10-04,31,TUI1101,0.02
2026-10-04,32,TUI1101,2.18
2026-10-04,33,TUI1101,6.11
2026-10-04,34,TUI1101,21.24
2026-10-04,35,TUI1101,29.54
2026-10-04,36,TUI1101,43.14
2026-10-04,37,TUI1101,49.52
2026-10-04,38,TUI1101,86.18
2026-10-04,39,TUI1101,91.36
2026-10-04,40,TUI1101,75.18
2026-10-04,41,TUI1101,108.36
2026-10-04,42,TUI1101,103.87
2026-10-04,43,TUI1101,80.77
2026-10-04,44,TUI1101,182.89
2026-10-04,45,TUI1101,94.63
2026-10-04,46,TUI1101,70.99
2026-10-04,47,TUI1101,65.57
2026-10-04,48,TUI1101,63.15
2026-10-04,1,TWC2201,21.04
2026-10-04,2,TWC2201,22.11
2026-10-04,3,TWC2201,20.93
2026-10-04,4,TWC2201,20.97
2026-10-04,5,TWC2201,23.41
2026-10-04,6,TWC2201,22.96
2026-10-04,7,TWC2201,21.84
2026-10-04,8,TWC2201,20.84
2026-10-04,9,TWC2201,20.82
2026-10-04,10,TWC2201,19.97
2026-10-04,11,TWC2201,11.74
2026-10-04,12,TWC2201,20.92
2026-10-04,13,TWC2201,16.09
2026-10-04,14,TWC2201,21.70
2026-10-04,15,TWC2201,21.67
2026-10-04,16,TWC2201,22.61
2026-10-04,17,TWC2201,21.96
2026-10-04,18,TWC2201,21.03
2026-10-04,19,TWC2201,22.27
2026-10-04,20,TWC2201,22.55
2026-10-04,21,TWC2201,7.69
2026-10-04,22,TWC2201,0.56
2026-10-04,23,TWC2201,0.10
2026-10-04,24,TWC2201,0.03
2026-10-04,25,TWC2201,2.74
2026-10-04,26,TWC2201,0.44
2026-10-04,27,TWC2201,0.02
2026-10-04,28,TWC2201,0.03
2026-10-04,29,TWC2201,0.07
2026-10-04,30,TWC2201,0.05
2026-10-04,31,TWC2201,0.02
2026-10-04,32,TWC2201,2.05
2026-10-04,33,TWC2201,5.73
2026-10-04,34,TWC2201,19.85
2026-10-04,35,TWC2201,27.64
2026-10-04,36,TWC2201,40.10
2026-10-04,37,TWC2201,45.68
2026-10-04,38,TWC2201,79.63
2026-10-04,39,TWC2201,83.77
2026-10-04,40,TWC2201,68.55
2026-10-04,41,TWC2201,98.94
2026-10-04,42,TWC2201,94.84
2026-10-04,43,TWC2201,73.78
2026-10-04,44,TWC2201,169.61
2026-10-04,45,TWC2201,87.70
2026-10-04,46,TWC2201,67.29
2026-10-04,47,TWC2201,63.32
2026-10-04,48,TWC2201,61.65
2026-10-04,1,TWH0331,21.90
2026-10-04,2,TWH0331,23.15
2026-10-04,3,TWH0331,21.62
2026-10-04,4,TWH0331,21.57
2026-10-04,5,TWH0331,24.14
2026-10-04,6,TWH0331,23.66
2026-10-04,7,TWH0331,22.51
2026-10-04,8,TWH0331,21.47
2026-10-04,9,TWH0331,21.44
2026-10-04,10,TWH0331,20.51
2026-10-04,11,TWH0331,12.20
2026-10-04,12,TWH0331,22.11
2026-10-04,13,TWH0331,17.14
2026-10-04,14,TWH0331,23.27
2026-10-04,15,TWH0331,23.28
2026-10-04,16,TWH0331,24.32
2026-10-04,17,TWH0331,23.56
2026-10-04,18,TWH0331,22.56
2026-10-04,19,TWH0331,24.06
2026-10-04,20,TWH0331,24.45
2026-10-04,21,TWH0331,8.35
2026-10-04,22,TWH0331,0.63
2026-10-04,23,TWH0331,0.11
2026-10-04,24,TWH0331,0.03
2026-10-04,25,TWH0331,3.06
2026-10-04,26,TWH0331,0.48
2026-10-04,27,TWH0331,0.02
2026-10-04,28,TWH0331,0.03
2026-10-04,29,TWH0331,0.07
2026-10-04,30,TWH0331,0.05
2026-10-04,31,TWH0331,0.02
2026-10-04,32,TWH0331,2.30
2026-10-04,33,TWH0331,6.45
2026-10-04,34,TWH0331,22.40
2026-10-04,35,TWH0331,31.20
2026-10-04,36,TWH0331,45.51
2026-10-04,37,TWH0331,52.16
2026-10-04,38,TWH0331,91.18
2026-10-04,39,TWH0331,96.09
2026-10-04,40,TWH0331,78.35
2026-10-04,41,TWH0331,112.91
2026-10-04,42,TWH0331,108.23
2026-10-04,43,TWH0331,84.17
2026-10-04,44,TWH0331,191.13
2026-10-04,45,TWH0331,99.51
2026-10-04,46,TWH0331,74.96
2026-10-04,47,TWH0331,69.13
2026-10-04,48,TWH0331,66.66
2026-10-04,1,TWI2201,19.71
2026-10-04,2,TWI2201,19.56
2026-10-04,3,TWI2201,19.55
2026-10-04,4,TWI2201,19.76
2026-10-04,5,TWI2201,22.23
2026-10-04,6,TWI2201,21.82
2026-10-04,7,TWI2201,20.64
2026-10-04,8,TWI2201,19.57
2026-10-04,9,TWI2201,19.57
2026-10-04,10,TWI2201,18.82
2026-10-04,11,TWI2201,10.95
2026-10-04,12,TWI2201,19.45
2026-10-04,13,TWI2201,14.72
2026-10-04,14,TWI2201,19.51
2026-10-04,15,TWI2201,19.47
2026-10-04,16,TWI2201,19.63
2026-10-04,17,TWI2201,19.54
2026-10-04,18,TWI2201,18.81
2026-10-04,19,TWI2201,19.08
2026-10-04,20,TWI2201,18.38
2026-10-04,21,TWI2201,5.11
2026-10-04,22,TWI2201,0.02
2026-10-04,23,TWI2201,0.02
2026-10-04,24,TWI2201,0.02
2026-10-04,25,TWI2201,2.52
2026-10-04,26,TWI2201,0.41
2026-10-04,27,TWI2201,0.02
2026-10-04,28,TWI2201,0.02
2026-10-04,29,TWI2201,0.02
2026-10-04,30,TWI2201,0.02
2026-10-04,31,TWI2201,0.02
2026-10-04,32,TWI2201,1.28
2026-10-04,33,TWI2201,1.47
2026-10-04,34,TWI2201,11.72
2026-10-04,35,TWI2201,17.52
2026-10-04,36,TWI2201,19.24
2026-10-04,37,TWI2201,19.42
2026-10-04,38,TWI2201,19.28
2026-10-04,39,TWI2201,19.27
2026-10-04,40,TWI2201,19.50
2026-10-04,41,TWI2201,46.21
2026-10-04,42,TWI2201,48.66
2026-10-04,43,TWI2201,47.21
2026-10-04,44,TWI2201,45.76
2026-10-04,45,TWI2201,48.57
2026-10-04,46,TWI2201,48.57
2026-10-04,47,TWI2201,48.72
2026-10-04,48,TWI2201,48.57
2026-10-04,1,TWZ0331,20.16
2026-10-04,2,TWZ0331,20.01
2026-10-04,3,TWZ0331,19.98
2026-10-04,4,TWZ0331,20.02
2026-10-04,5,TWZ0331,22.46
2026-10-04,6,TWZ0331,22.05
2026-10-04,7,TWZ0331,20.97
2026-10-04,8,TWZ0331,19.98
2026-10-04,9,TWZ0331,19.98
2026-10-04,10,TWZ0331,19.18
2026-10-04,11,TWZ0331,11.25
2026-10-04,12,TWZ0331,19.92
2026-10-04,13,TWZ0331,15.07
2026-10-04,14,TWZ0331,20.00
2026-10-04,15,TWZ0331,19.99
2026-10-04,16,TWZ0331,20.02
2026-10-04,17,TWZ0331,19.89
2026-10-04,18,TWZ0331,19.14
2026-10-04,19,TWZ0331,19.40
2026-10-04,20,TWZ0331,18.72
2026-10-04,21,TWZ0331,5.22
2026-10-04,22,TWZ0331,0.02
2026-10-04,23,TWZ0331,0.02
2026-10-04,24,TWZ0331,0.02
2026-10-04,25,TWZ0331,2.51
2026-10-04,26,TWZ0331,0.41
2026-10-04,27,TWZ0331,0.02
2026-10-04,28,TWZ0331,0.02
2026-10-04,29,TWZ0331,0.02
2026-10-04,30,TWZ0331,0.02
2026-10-04,31,TWZ0331,0.02
2026-10-04,32,TWZ0331,1.28
2026-10-04,33,TWZ0331,1.46
2026-10-04,34,TWZ0331,11.75
2026-10-04,35,TWZ0331,17.54
2026-10-04,36,TWZ0331,19.73
2026-10-04,37,TWZ0331,19.97
2026-10-04,38,TWZ0331,19.85
2026-10-04,39,TWZ0331,19.95
2026-10-04,40,TWZ0331,20.04
2026-10-04,41,TWZ0331,47.23
2026-10-04,42,TWZ0331,49.64
2026-10-04,43,TWZ0331,48.21
2026-10-04,44,TWZ0331,46.76
2026-10-04,45,TWZ0331,49.64
2026-10-04,46,TWZ0331,49.63
2026-10-04,47,TWZ0331,49.88
2026-10-04,48,TWZ0331,49.66
2026-10-04,1,UHT0331,20.94
2026-10-04,2,UHT0331,21.99
2026-10-04,3,UHT0331,20.82
2026-10-04,4,UHT0331,20.86
2026-10-04,5,UHT0331,23.32
2026-10-04,6,UHT0331,22.88
2026-10-04,7,UHT0331,21.76
2026-10-04,8,UHT0331,20.75
2026-10-04,9,UHT0331,20.74
2026-10-04,10,UHT0331,19.90
2026-10-04,11,UHT0331,11.69
2026-10-04,12,UHT0331,20.77
2026-10-04,13,UHT0331,15.90
2026-10-04,14,UHT0331,21.38
2026-10-04,15,UHT0331,21.43
2026-10-04,16,UHT0331,22.33
2026-10-04,17,UHT0331,21.74
2026-10-04,18,UHT0331,20.83
2026-10-04,19,UHT0331,22.03
2026-10-04,20,UHT0331,22.22
2026-10-04,21,UHT0331,7.58
2026-10-04,22,UHT0331,0.56
2026-10-04,23,UHT0331,0.10
2026-10-04,24,UHT0331,0.03
2026-10-04,25,UHT0331,2.71
2026-10-04,26,UHT0331,0.44
2026-10-04,27,UHT0331,0.02
2026-10-04,28,UHT0331,0.03
2026-10-04,29,UHT0331,0.07
2026-10-04,30,UHT0331,0.05
2026-10-04,31,UHT0331,0.02
2026-10-04,32,UHT0331,2.02
2026-10-04,33,UHT0331,5.59
2026-10-04,34,UHT0331,19.34
2026-10-04,35,UHT0331,26.97
2026-10-04,36,UHT0331,39.02
2026-10-04,37,UHT0331,44.42
2026-10-04,38,UHT0331,77.55
2026-10-04,39,UHT0331,81.17
2026-10-04,40,UHT0331,66.78
2026-10-04,41,UHT0331,96.40
2026-10-04,42,UHT0331,92.41
2026-10-04,43,UHT0331,71.96
2026-10-04,44,UHT0331,165.64
2026-10-04,45,UHT0331,85.68
2026-10-04,46,UHT0331,65.74
2026-10-04,47,UHT0331,61.87
2026-10-04,48,UHT0331,60.23
2026-10-04,1,WAI0111,19.13
2026-10-04,2,WAI0111,20.54
2026-10-04,3,WAI0111,19.25
2026-10-04,4,WAI0111,19.16
2026-10-04,5,WAI0111,21.24
2026-10-04,6,WAI0111,20.82
2026-10-04,7,WAI0111,19.89
2026-10-04,8,WAI0111,19.07
2026-10-04,9,WAI0111,19.04
2026-10-04,10,WAI0111,17.99
2026-10-04,11,WAI0111,10.66
2026-10-04,12,WAI0111,19.60
2026-10-04,13,WAI0111,14.27
2026-10-04,14,WAI0111,19.49
2026-10-04,15,WAI0111,19.16
2026-10-04,16,WAI0111,20.65
2026-10-04,17,WAI0111,18.72
2026-10-04,18,WAI0111,17.56
2026-10-04,19,WAI0111,19.53
2026-10-04,20,WAI0111,21.00
2026-10-04,21,WAI0111,7.03
2026-10-04,22,WAI0111,0.53
2026-10-04,23,WAI0111,0.09
2026-10-04,24,WAI0111,0.03
2026-10-04,25,WAI0111,2.55
2026-10-04,26,WAI0111,0.42
2026-10-04,27,WAI0111,0.02
2026-10-04,28,WAI0111,0.03
2026-10-04,29,WAI0111,0.06
2026-10-04,30,WAI0111,0.05
2026-10-04,31,WAI0111,0.02
2026-10-04,32,WAI0111,1.89
2026-10-04,33,WAI0111,5.50
2026-10-04,34,WAI0111,18.84
2026-10-04,35,WAI0111,26.19
2026-10-04,36,WAI0111,38.96
2026-10-04,37,WAI0111,45.19
2026-10-04,38,WAI0111,79.84
2026-10-04,39,WAI0111,85.69
2026-10-04,40,WAI0111,69.99
2026-10-04,41,WAI0111,100.49
2026-10-04,42,WAI0111,96.40
2026-10-04,43,WAI0111,74.08
2026-10-04,44,WAI0111,167.81
2026-10-04,45,WAI0111,87.41
2026-10-04,46,WAI0111,65.90
2026-10-04,47,WAI0111,61.00
2026-10-04,48,WAI0111,58.81
2026-10-04,1,WAI0331,19.13
2026-10-04,2,WAI0331,20.54
2026-10-04,3,WAI0331,19.26
2026-10-04,4,WAI0331,19.17
2026-10-04,5,WAI0331,21.24
2026-10-04,6,WAI0331,20.82
2026-10-04,7,WAI0331,19.89
2026-10-04,8,WAI0331,19.07
2026-10-04,9,WAI0331,19.05
2026-10-04,10,WAI0331,17.99
2026-10-04,11,WAI0331,10.66
2026-10-04,12,WAI0331,19.60
2026-10-04,13,WAI0331,14.27
2026-10-04,14,WAI0331,19.48
2026-10-04,15,WAI0331,19.15
2026-10-04,16,WAI0331,20.64
2026-10-04,17,WAI0331,18.70
2026-10-04,18,WAI0331,17.55
2026-10-04,19,WAI0331,19.52
2026-10-04,20,WAI0331,20.98
2026-10-04,21,WAI0331,7.02
2026-10-04,22,WAI0331,0.53
2026-10-04,23,WAI0331,0.09
2026-10-04,24,WAI0331,0.03
2026-10-04,25,WAI0331,2.55
2026-10-04,26,WAI0331,0.42
2026-10-04,27,WAI0331,0.02
2026-10-04,28,WAI0331,0.03
2026-10-04,29,WAI0331,0.06
2026-10-04,30,WAI0331,0.05
2026-10-04,31,WAI0331,0.02
2026-10-04,32,WAI0331,1.88
2026-10-04,33,WAI0331,5.49
2026-10-04,34,WAI0331,18.82
2026-10-04,35,WAI0331,26.17
2026-10-04,36,WAI0331,38.93
2026-10-04,37,WAI0331,45.17
2026-10-04,38,WAI0331,79.83
2026-10-04,39,WAI0331,85.68
2026-10-04,40,WAI0331,69.99
2026-10-04,41,WAI0331,100.51
2026-10-04,42,WAI0331,96.42
2026-10-04,43,WAI0331,74.06
2026-10-04,44,WAI0331,167.79
2026-10-04,45,WAI0331,87.38
2026-10-04,46,WAI0331,65.90
2026-10-04,47,WAI0331,61.00
2026-10-04,48,WAI0331,58.80
2026-10-04,1,WAI0501,19.03
2026-10-04,2,WAI0501,20.43
2026-10-04,3,WAI0501,19.15
2026-10-04,4,WAI0501,19.06
2026-10-04,5,WAI0501,21.13
2026-10-04,6,WAI0501,20.71
2026-10-04,7,WAI0501,19.78
2026-10-04,8,WAI0501,18.97
2026-10-04,9,WAI0501,18.94
2026-10-04,10,WAI0501,17.89
2026-10-04,11,WAI0501,10.60
2026-10-04,12,WAI0501,19.49
2026-10-04,13,WAI0501,14.19
2026-10-04,14,WAI0501,19.38
2026-10-04,15,WAI0501,19.15
2026-10-04,16,WAI0501,20.80
2026-10-04,17,WAI0501,19.18
2026-10-04,18,WAI0501,18.21
2026-10-04,19,WAI0501,20.15
2026-10-04,20,WAI0501,21.46
2026-10-04,21,WAI0501,7.32
2026-10-04,22,WAI0501,0.55
2026-10-04,23,WAI0501,0.10
2026-10-04,24,WAI0501,0.03
2026-10-04,25,WAI0501,2.67
2026-10-04,26,WAI0501,0.43
2026-10-04,27,WAI0501,0.02
2026-10-04,28,WAI0501,0.03
2026-10-04,29,WAI0501,0.06
2026-10-04,30,WAI0501,0.05
2026-10-04,31,WAI0501,0.02
2026-10-04,32,WAI0501,1.99
2026-10-04,33,WAI0501,5.62
2026-10-04,34,WAI0501,19.50
2026-10-04,35,WAI0501,27.12
2026-10-04,36,WAI0501,39.69
2026-10-04,37,WAI0501,45.62
2026-10-04,38,WAI0501,79.72
2026-10-04,39,WAI0501,85.21
2026-10-04,40,WAI0501,69.60
2026-10-04,41,WAI0501,99.95
2026-10-04,42,WAI0501,95.89
2026-10-04,43,WAI0501,73.66
2026-10-04,44,WAI0501,166.88
2026-10-04,45,WAI0501,86.91
2026-10-04,46,WAI0501,65.54
2026-10-04,47,WAI0501,60.67
2026-10-04,48,WAI0501,58.48
2026-10-04,1,WDV0111,21.24
2026-10-04,2,WDV0111,22.33
2026-10-04,3,WDV0111,21.11
2026-10-04,4,WDV0111,21.15
2026-10-04,5,WDV0111,23.54
2026-10-04,6,WDV0111,23.13
2026-10-04,7,WDV0111,21.97
2026-10-04,8,WDV0111,20.98
2026-10-04,9,WDV0111,20.96
2026-10-04,10,WDV0111,20.10
2026-10-04,11,WDV0111,11.85
2026-10-04,12,WDV0111,21.16
2026-10-04,13,WDV0111,16.24
2026-10-04,14,WDV0111,21.94
2026-10-04,15,WDV0111,21.96
2026-10-04,16,WDV0111,22.88
2026-10-04,17,WDV0111,22.27
2026-10-04,18,WDV0111,21.26
2026-10-04,19,WDV0111,22.50
2026-10-04,20,WDV0111,22.70
2026-10-04,21,WDV0111,7.77
2026-10-04,22,WDV0111,0.56
2026-10-04,23,WDV0111,0.10
2026-10-04,24,WDV0111,0.03
2026-10-04,25,WDV0111,2.76
2026-10-04,26,WDV0111,0.44
2026-10-04,27,WDV0111,0.02
2026-10-04,28,WDV0111,0.03
2026-10-04,29,WDV0111,0.07
2026-10-04,30,WDV0111,0.05
2026-10-04,31,WDV0111,0.02
2026-10-04,32,WDV0111,2.07
2026-10-04,33,WDV0111,5.75
2026-10-04,34,WDV0111,19.89
2026-10-04,35,WDV0111,27.68
2026-10-04,36,WDV0111,40.35
2026-10-04,37,WDV0111,46.00
2026-10-04,38,WDV0111,80.59
2026-10-04,39,WDV0111,84.75
2026-10-04,40,WDV0111,69.43
2026-10-04,41,WDV0111,100.21
2026-10-04,42,WDV0111,96.05
2026-10-04,43,WDV0111,74.50
2026-10-04,44,WDV0111,170.39
2026-10-04,45,WDV0111,88.21
2026-10-04,46,WDV0111,67.59
2026-10-04,47,WDV0111,63.80
2026-10-04,48,WDV0111,62.10
2026-10-04,1,WDV1101,21.23
2026-10-04,2,WDV1101,22.33
2026-10-04,3,WDV1101,21.11
2026-10-04,4,WDV1101,21.14
2026-10-04,5,WDV1101,23.53
2026-10-04,6,WDV1101,23.12
2026-10-04,7,WDV1101,21.96
2026-10-04,8,WDV1101,20.98
2026-10-04,9,WDV1101,20.95
2026-10-04,10,WDV1101,20.09
2026-10-04,11,WDV1101,11.84
2026-10-04,12,WDV1101,21.14
2026-10-04,13,WDV1101,16.21
2026-10-04,14,WDV1101,21.91
2026-10-04,15,WDV1101,21.93
2026-10-04,16,WDV1101,22.85
2026-10-04,17,WDV1101,22.24
2026-10-04,18,WDV1101,21.23
2026-10-04,19,WDV1101,22.47
2026-10-04,20,WDV1101,22.67
2026-10-04,21,WDV1101,7.76
2026-10-04,22,WDV1101,0.56
2026-10-04,23,WDV1101,0.10
2026-10-04,24,WDV1101,0.03
2026-10-04,25,WDV1101,2.75
2026-10-04,26,WDV1101,0.44
2026-10-04,27,WDV1101,0.02
2026-10-04,28,WDV1101,0.03
2026-10-04,29,WDV1101,0.07
2026-10-04,30,WDV1101,0.05
2026-10-04,31,WDV1101,0.02
2026-10-04,32,WDV1101,2.07
2026-10-04,33,WDV1101,5.75
2026-10-04,34,WDV1101,19.86
2026-10-04,35,WDV1101,27.64
2026-10-04,36,WDV1101,40.29
2026-10-04,37,WDV1101,45.93
2026-10-04,38,WDV1101,80.48
2026-10-04,39,WDV1101,84.63
2026-10-04,40,WDV1101,69.33
2026-10-04,41,WDV1101,100.06
2026-10-04,42,WDV1101,95.92
2026-10-04,43,WDV1101,74.39
2026-10-04,44,WDV1101,170.15
2026-10-04,45,WDV1101,88.09
2026-10-04,46,WDV1101,67.50
2026-10-04,47,WDV1101,63.71
2026-10-04,48,WDV1101,62.02
2026-10-04,1,WEL0331,22.87
2026-10-04,2,WEL0331,24.15
2026-10-04,3,WEL0331,22.55
2026-10-04,4,WEL0331,22.19
2026-10-04,5,WEL0331,25.20
2026-10-04,6,WEL0331,24.44
2026-10-04,7,WEL0331,23.33
2026-10-04,8,WEL0331,22.41
2026-10-04,9,WEL0331,22.38
2026-10-04,10,WEL0331,21.40
2026-10-04,11,WEL0331,12.74
2026-10-04,12,WEL0331,23.10
2026-10-04,13,WEL0331,17.87
2026-10-04,14,WEL0331,24.32
2026-10-04,15,WEL0331,24.40
2026-10-04,16,WEL0331,25.71
2026-10-04,17,WEL0331,24.89
2026-10-04,18,WEL0331,23.88
2026-10-04,19,WEL0331,25.58
2026-10-04,20,WEL0331,26.03
2026-10-04,21,WEL0331,8.87
2026-10-04,22,WEL0331,0.66
2026-10-04,23,WEL0331,0.12
2026-10-04,24,WEL0331,0.03
2026-10-04,25,WEL0331,3.25
2026-10-04,26,WEL0331,0.51
2026-10-04,27,WEL0331,0.02
2026-10-04,28,WEL0331,0.03
2026-10-04,29,WEL0331,0.08
2026-10-04,30,WEL0331,0.06
2026-10-04,31,WEL0331,0.03
2026-10-04,32,WEL0331,2.44
2026-10-04,33,WEL0331,6.80
2026-10-04,34,WEL0331,23.71
2026-10-04,35,WEL0331,33.01
2026-10-04,36,WEL0331,48.19
2026-10-04,37,WEL0331,55.35
2026-10-04,38,WEL0331,96.97
2026-10-04,39,WEL0331,104.53
2026-10-04,40,WEL0331,85.24
2026-10-04,41,WEL0331,122.85
2026-10-04,42,WEL0331,117.76
2026-10-04,43,WEL0331,89.69
2026-10-04,44,WEL0331,202.05
2026-10-04,45,WEL0331,105.06
2026-10-04,46,WEL0331,79.18
2026-10-04,47,WEL0331,73.16
2026-10-04,48,WEL0331,68.81
2026-10-04,1,WGN0331,21.34
2026-10-04,2,WGN0331,22.61
2026-10-04,3,WGN0331,21.22
2026-10-04,4,WGN0331,21.21
2026-10-04,5,WGN0331,23.57
2026-10-04,6,WGN0331,23.12
2026-10-04,7,WGN0331,22.00
2026-10-04,8,WGN0331,21.05
2026-10-04,9,WGN0331,21.04
2026-10-04,10,WGN0331,20.13
2026-10-04,11,WGN0331,11.85
2026-10-04,12,WGN0331,21.18
2026-10-04,13,WGN0331,16.42
2026-10-04,14,WGN0331,22.22
2026-10-04,15,WGN0331,22.37
2026-10-04,16,WGN0331,23.35
2026-10-04,17,WGN0331,22.79
2026-10-04,18,WGN0331,21.77
2026-10-04,19,WGN0331,22.96
2026-10-04,20,WGN0331,23.23
2026-10-04,21,WGN0331,7.89
2026-10-04,22,WGN0331,0.57
2026-10-04,23,WGN0331,0.10
2026-10-04,24,WGN0331,0.03
2026-10-04,25,WGN0331,2.77
2026-10-04,26,WGN0331,0.44
2026-10-04,27,WGN0331,0.02
2026-10-04,28,WGN0331,0.03
2026-10-04,29,WGN0331,0.07
2026-10-04,30,WGN0331,0.05
2026-10-04,31,WGN0331,0.02
2026-10-04,32,WGN0331,2.07
2026-10-04,33,WGN0331,5.83
2026-10-04,34,WGN0331,20.19
2026-10-04,35,WGN0331,28.05
2026-10-04,36,WGN0331,40.84
2026-10-04,37,WGN0331,46.53
2026-10-04,38,WGN0331,81.48
2026-10-04,39,WGN0331,85.82
2026-10-04,40,WGN0331,70.45
2026-10-04,41,WGN0331,102.08
2026-10-04,42,WGN0331,97.92
2026-10-04,43,WGN0331,76.15
2026-10-04,44,WGN0331,174.66
2026-10-04,45,WGN0331,90.78
2026-10-04,46,WGN0331,69.92
2026-10-04,47,WGN0331,65.80
2026-10-04,48,WGN0331,64.17
2026-10-04,1,WHI0111,20.69
2026-10-04,2,WHI0111,22.06
2026-10-04,3,WHI0111,20.71
2026-10-04,4,WHI0111,20.64
2026-10-04,5,WHI0111,23.15
2026-10-04,6,WHI0111,22.68
2026-10-04,7,WHI0111,21.55
2026-10-04,8,WHI0111,20.55
2026-10-04,9,WHI0111,20.55
2026-10-04,10,WHI0111,19.62
2026-10-04,11,WHI0111,11.70
2026-10-04,12,WHI0111,21.15
2026-10-04,13,WHI0111,16.37
2026-10-04,14,WHI0111,22.06
2026-10-04,15,WHI0111,21.92
2026-10-04,16,WHI0111,22.96
2026-10-04,17,WHI0111,22.18
2026-10-04,18,WHI0111,21.26
2026-10-04,19,WHI0111,22.68
2026-10-04,20,WHI0111,23.05
2026-10-04,21,WHI0111,7.87
2026-10-04,22,WHI0111,0.59
2026-10-04,23,WHI0111,0.11
2026-10-04,24,WHI0111,0.03
2026-10-04,25,WHI0111,2.87
2026-10-04,26,WHI0111,0.46
2026-10-04,27,WHI0111,0.02
2026-10-04,28,WHI0111,0.03
2026-10-04,29,WHI0111,0.07
2026-10-04,30,WHI0111,0.05
2026-10-04,31,WHI0111,0.02
2026-10-04,32,WHI0111,2.15
2026-10-04,33,WHI0111,6.04
2026-10-04,34,WHI0111,20.97
2026-10-04,35,WHI0111,29.16
2026-10-04,36,WHI0111,42.58
2026-10-04,37,WHI0111,48.83
2026-10-04,38,WHI0111,84.92
2026-10-04,39,WHI0111,90.02
2026-10-04,40,WHI0111,74.10
2026-10-04,41,WHI0111,106.80
2026-10-04,42,WHI0111,102.38
2026-10-04,43,WHI0111,79.61
2026-10-04,44,WHI0111,180.18
2026-10-04,45,WHI0111,93.25
2026-10-04,46,WHI0111,70.04
2026-10-04,47,WHI0111,64.72
2026-10-04,48,WHI0111,62.34
2026-10-04,1,WHI2201,20.64
2026-10-04,2,WHI2201,22.00
2026-10-04,3,WHI2201,20.66
2026-10-04,4,WHI2201,20.59
2026-10-04,5,WHI2201,23.09
2026-10-04,6,WHI2201,22.62
2026-10-04,7,WHI2201,21.50
2026-10-04,8,WHI2201,20.49
2026-10-04,9,WHI2201,20.50
2026-10-04,10,WHI2201,19.57
2026-10-04,11,WHI2201,11.68
2026-10-04,12,WHI2201,21.10
2026-10-04,13,WHI2201,16.32
2026-10-04,14,WHI2201,22.00
2026-10-04,15,WHI2201,21.86
2026-10-04,16,WHI2201,22.90
2026-10-04,17,WHI2201,22.12
2026-10-04,18,WHI2201,21.20
2026-10-04,19,WHI2201,22.64
2026-10-04,20,WHI2201,23.01
2026-10-04,21,WHI2201,7.86
2026-10-04,22,WHI2201,0.59
2026-10-04,23,WHI2201,0.10
2026-10-04,24,WHI2201,0.03
2026-10-04,25,WHI2201,2.87
2026-10-04,26,WHI2201,0.45
2026-10-04,27,WHI2201,0.02
2026-10-04,28,WHI2201,0.03
2026-10-04,29,WHI2201,0.07
2026-10-04,30,WHI2201,0.05
2026-10-04,31,WHI2201,0.02
2026-10-04,32,WHI2201,2.15
2026-10-04,33,WHI2201,6.02
2026-10-04,34,WHI2201,20.92
2026-10-04,35,WHI2201,29.09
2026-10-04,36,WHI2201,42.47
2026-10-04,37,WHI2201,48.70
2026-10-04,38,WHI2201,84.75
2026-10-04,39,WHI2201,89.85
2026-10-04,40,WHI2201,73.96
2026-10-04,41,WHI2201,106.60
2026-10-04,42,WHI2201,102.18
2026-10-04,43,WHI2201,79.46
2026-10-04,44,WHI2201,179.85
2026-10-04,45,WHI2201,93.08
2026-10-04,46,WHI2201,69.91
2026-10-04,47,WHI2201,64.60
2026-10-04,48,WHI2201,62.22
2026-10-04,1,WHU0331,22.53
2026-10-04,2,WHU0331,23.89
2026-10-04,3,WHU0331,22.33
2026-10-04,4,WHU0331,22.27
2026-10-04,5,WHU0331,24.92
2026-10-04,6,WHU0331,24.43
2026-10-04,7,WHU0331,23.23
2026-10-04,8,WHU0331,22.16
2026-10-04,9,WHU0331,22.13
2026-10-04,10,WHU0331,21.16
2026-10-04,11,WHU0331,12.60
2026-10-04,12,WHU0331,22.85
2026-10-04,13,WHU0331,17.70
2026-10-04,14,WHU0331,23.99
2026-10-04,15,WHU0331,23.95
2026-10-04,16,WHU0331,24.95
2026-10-04,17,WHU0331,24.03
2026-10-04,18,WHU0331,23.02
2026-10-04,19,WHU0331,24.25
2026-10-04,20,WHU0331,24.44
2026-10-04,21,WHU0331,8.32
2026-10-04,22,WHU0331,0.62
2026-10-04,23,WHU0331,0.11
2026-10-04,24,WHU0331,0.03
2026-10-04,25,WHU0331,2.96
2026-10-04,26,WHU0331,0.47
2026-10-04,27,WHU0331,0.02
2026-10-04,28,WHU0331,0.03
2026-10-04,29,WHU0331,0.07
2026-10-04,30,WHU0331,0.05
2026-10-04,31,WHU0331,0.02
2026-10-04,32,WHU0331,2.24
2026-10-04,33,WHU0331,6.31
2026-10-04,34,WHU0331,22.03
2026-10-04,35,WHU0331,30.90
2026-10-04,36,WHU0331,45.29
2026-10-04,37,WHU0331,52.60
2026-10-04,38,WHU0331,93.21
2026-10-04,39,WHU0331,99.14
2026-10-04,40,WHU0331,81.35
2026-10-04,41,WHU0331,117.14
2026-10-04,42,WHU0331,110.89
2026-10-04,43,WHU0331,86.12
2026-10-04,44,WHU0331,194.04
2026-10-04,45,WHU0331,101.25
2026-10-04,46,WHU0331,76.20
2026-10-04,47,WHU0331,70.46
2026-10-04,48,WHU0331,68.00
2026-10-04,1,WHU1101,22.52
2026-10-04,2,WHU1101,23.87
2026-10-04,3,WHU1101,22.31
2026-10-04,4,WHU1101,22.26
2026-10-04,5,WHU1101,24.91
2026-10-04,6,WHU1101,24.41
2026-10-04,7,WHU1101,23.22
2026-10-04,8,WHU1101,22.15
2026-10-04,9,WHU1101,22.12
2026-10-04,10,WHU1101,21.15
2026-10-04,11,WHU1101,12.59
2026-10-04,12,WHU1101,22.84
2026-10-04,13,WHU1101,17.70
2026-10-04,14,WHU1101,23.98
2026-10-04,15,WHU1101,23.94
2026-10-04,16,WHU1101,24.94
2026-10-04,17,WHU1101,24.01
2026-10-04,18,WHU1101,23.01
2026-10-04,19,WHU1101,24.24
2026-10-04,20,WHU1101,24.43
2026-10-04,21,WHU1101,8.31
2026-10-04,22,WHU1101,0.62
2026-10-04,23,WHU1101,0.11
2026-10-04,24,WHU1101,0.03
2026-10-04,25,WHU1101,2.96
2026-10-04,26,WHU1101,0.47
2026-10-04,27,WHU1101,0.02
2026-10-04,28,WHU1101,0.03
2026-10-04,29,WHU1101,0.07
2026-10-04,30,WHU1101,0.05
2026-10-04,31,WHU1101,0.02
2026-10-04,32,WHU1101,2.24
2026-10-04,33,WHU1101,6.31
2026-10-04,34,WHU1101,22.02
2026-10-04,35,WHU1101,30.88
2026-10-04,36,WHU1101,45.27
2026-10-04,37,WHU1101,52.57
2026-10-04,38,WHU1101,93.16
2026-10-04,39,WHU1101,99.09
2026-10-04,40,WHU1101,81.31
2026-10-04,41,WHU1101,117.08
2026-10-04,42,WHU1101,110.84
2026-10-04,43,WHU1101,86.07
2026-10-04,44,WHU1101,193.94
2026-10-04,45,WHU1101,101.20
2026-10-04,46,WHU1101,76.16
2026-10-04,47,WHU1101,70.42
2026-10-04,48,WHU1101,67.96
2026-10-04,1,WIL0331,20.88
2026-10-04,2,WIL0331,21.92
2026-10-04,3,WIL0331,20.79
2026-10-04,4,WIL0331,20.84
2026-10-04,5,WIL0331,23.27
2026-10-04,6,WIL0331,22.83
2026-10-04,7,WIL0331,21.72
2026-10-04,8,WIL0331,20.71
2026-10-04,9,WIL0331,20.70
2026-10-04,10,WIL0331,19.86
2026-10-04,11,WIL0331,11.66
2026-10-04,12,WIL0331,20.75
2026-10-04,13,WIL0331,15.88
2026-10-04,14,WIL0331,21.37
2026-10-04,15,WIL0331,21.39
2026-10-04,16,WIL0331,22.24
2026-10-04,17,WIL0331,21.66
2026-10-04,18,WIL0331,20.75
2026-10-04,19,WIL0331,21.97
2026-10-04,20,WIL0331,22.15
2026-10-04,21,WIL0331,7.55
2026-10-04,22,WIL0331,0.55
2026-10-04,23,WIL0331,0.10
2026-10-04,24,WIL0331,0.03
2026-10-04,25,WIL0331,2.71
2026-10-04,26,WIL0331,0.44
2026-10-04,27,WIL0331,0.02
2026-10-04,28,WIL0331,0.03
2026-10-04,29,WIL0331,0.07
2026-10-04,30,WIL0331,0.05
2026-10-04,31,WIL0331,0.02
2026-10-04,32,WIL0331,2.02
2026-10-04,33,WIL0331,5.59
2026-10-04,34,WIL0331,19.35
2026-10-04,35,WIL0331,26.94
2026-10-04,36,WIL0331,38.96
2026-10-04,37,WIL0331,44.33
2026-10-04,38,WIL0331,77.36
2026-10-04,39,WIL0331,80.94
2026-10-04,40,WIL0331,66.60
2026-10-04,41,WIL0331,96.12
2026-10-04,42,WIL0331,92.14
2026-10-04,43,WIL0331,71.71
2026-10-04,44,WIL0331,165.03
2026-10-04,45,WIL0331,85.37
2026-10-04,46,WIL0331,65.58
2026-10-04,47,WIL0331,61.80
2026-10-04,48,WIL0331,60.27
2026-10-04,1,WIR0331,22.16
2026-10-04,2,WIR0331,23.39
2026-10-04,3,WIR0331,21.85
2026-10-04,4,WIR0331,21.79
2026-10-04,5,WIR0331,24.35
2026-10-04,6,WIR0331,23.88
2026-10-04,7,WIR0331,22.71
2026-10-04,8,WIR0331,21.66
2026-10-04,9,WIR0331,21.64
2026-10-04,10,WIR0331,20.69
2026-10-04,11,WIR0331,12.31
2026-10-04,12,WIR0331,22.32
2026-10-04,13,WIR0331,17.30
2026-10-04,14,WIR0331,23.55
2026-10-04,15,WIR0331,23.58
2026-10-04,16,WIR0331,24.80
2026-10-04,17,WIR0331,24.01
2026-10-04,18,WIR0331,23.01
2026-10-04,19,WIR0331,24.59
2026-10-04,20,WIR0331,25.02
2026-10-04,21,WIR0331,8.55
2026-10-04,22,WIR0331,0.64
2026-10-04,23,WIR0331,0.11
2026-10-04,24,WIR0331,0.03
2026-10-04,25,WIR0331,3.13
2026-10-04,26,WIR0331,0.49
2026-10-04,27,WIR0331,0.02
2026-10-04,28,WIR0331,0.03
2026-10-04,29,WIR0331,0.07
2026-10-04,30,WIR0331,0.06
2026-10-04,31,WIR0331,0.02
2026-10-04,32,WIR0331,2.34
2026-10-04,33,WIR0331,6.57
2026-10-04,34,WIR0331,22.85
2026-10-04,35,WIR0331,31.80
2026-10-04,36,WIR0331,46.39
2026-10-04,37,WIR0331,53.23
2026-10-04,38,WIR0331,92.96
2026-10-04,39,WIR0331,98.25
2026-10-04,40,WIR0331,80.18
2026-10-04,41,WIR0331,115.55
2026-10-04,42,WIR0331,110.76
2026-10-04,43,WIR0331,86.13
2026-10-04,44,WIR0331,194.95
2026-10-04,45,WIR0331,101.45
2026-10-04,46,WIR0331,76.40
2026-10-04,47,WIR0331,70.59
2026-10-04,48,WIR0331,67.93
2026-10-04,1,WKM2201,20.87
2026-10-04,2,WKM2201,22.24
2026-10-04,3,WKM2201,20.89
2026-10-04,4,WKM2201,20.83
2026-10-04,5,WKM2201,23.32
2026-10-04,6,WKM2201,22.86
2026-10-04,7,WKM2201,21.74
2026-10-04,8,WKM2201,20.74
2026-10-04,9,WKM2201,20.72
2026-10-04,10,WKM2201,19.80
2026-10-04,11,WKM2201,11.79
2026-10-04,12,WKM2201,21.27
2026-10-04,13,WKM2201,16.45
2026-10-04,14,WKM2201,22.19
2026-10-04,15,WKM2201,22.06
2026-10-04,16,WKM2201,23.10
2026-10-04,17,WKM2201,22.34
2026-10-04,18,WKM2201,21.40
2026-10-04,19,WKM2201,22.84
2026-10-04,20,WKM2201,23.22
2026-10-04,21,WKM2201,7.94
2026-10-04,22,WKM2201,0.59
2026-10-04,23,WKM2201,0.11
2026-10-04,24,WKM2201,0.03
2026-10-04,25,WKM2201,2.90
2026-10-04,26,WKM2201,0.46
2026-10-04,27,WKM2201,0.02
2026-10-04,28,WKM2201,0.03
2026-10-04,29,WKM2201,0.07
2026-10-04,30,WKM2201,0.05
2026-10-04,31,WKM2201,0.02
2026-10-04,32,WKM2201,2.17
2026-10-04,33,WKM2201,6.08
2026-10-04,34,WKM2201,21.12
2026-10-04,35,WKM2201,29.38
2026-10-04,36,WKM2201,42.86
2026-10-04,37,WKM2201,49.17
2026-10-04,38,WKM2201,85.56
2026-10-04,39,WKM2201,90.28
2026-10-04,40,WKM2201,73.58
2026-10-04,41,WKM2201,106.04
2026-10-04,42,WKM2201,101.65
2026-10-04,43,WKM2201,79.05
2026-10-04,44,WKM2201,179.79
2026-10-04,45,WKM2201,93.62
2026-10-04,46,WKM2201,70.58
2026-10-04,47,WKM2201,65.31
2026-10-04,48,WKM2201,62.93
2026-10-04,1,WKO0331,22.76
2026-10-04,2,WKO0331,24.13
2026-10-04,3,WKO0331,22.55
2026-10-04,4,WKO0331,22.50
2026-10-04,5,WKO0331,25.17
2026-10-04,6,WKO0331,24.67
2026-10-04,7,WKO0331,23.47
2026-10-04,8,WKO0331,22.39
2026-10-04,9,WKO0331,22.36
2026-10-04,10,WKO0331,21.38
2026-10-04,11,WKO0331,12.73
2026-10-04,12,WKO0331,23.08
2026-10-04,13,WKO0331,17.89
2026-10-04,14,WKO0331,24.24
2026-10-04,15,WKO0331,24.20
2026-10-04,16,WKO0331,25.22
2026-10-04,17,WKO0331,24.29
2026-10-04,18,WKO0331,23.27
2026-10-04,19,WKO0331,24.52
2026-10-04,20,WKO0331,24.71
2026-10-04,21,WKO0331,8.41
2026-10-04,22,WKO0331,0.63
2026-10-04,23,WKO0331,0.11
2026-10-04,24,WKO0331,0.03
2026-10-04,25,WKO0331,2.97
2026-10-04,26,WKO0331,0.47
2026-10-04,27,WKO0331,0.02
2026-10-04,28,WKO0331,0.03
2026-10-04,29,WKO0331,0.07
2026-10-04,30,WKO0331,0.05
2026-10-04,31,WKO0331,0.02
2026-10-04,32,WKO0331,2.27
2026-10-04,33,WKO0331,6.37
2026-10-04,34,WKO0331,22.26
2026-10-04,35,WKO0331,31.22
2026-10-04,36,WKO0331,45.79
2026-10-04,37,WKO0331,53.17
2026-10-04,38,WKO0331,94.23
2026-10-04,39,WKO0331,100.23
2026-10-04,40,WKO0331,82.25
2026-10-04,41,WKO0331,118.43
2026-10-04,42,WKO0331,112.11
2026-10-04,43,WKO0331,87.07
2026-10-04,44,WKO0331,196.17
2026-10-04,45,WKO0331,102.32
2026-10-04,46,WKO0331,76.98
2026-10-04,47,WKO0331,71.18
2026-10-04,48,WKO0331,68.70
2026-10-04,1,WPA2201,20.82
2026-10-04,2,WPA2201,22.23
2026-10-04,3,WPA2201,20.88
2026-10-04,4,WPA2201,20.81
2026-10-04,5,WPA2201,23.30
2026-10-04,6,WPA2201,22.85
2026-10-04,7,WPA2201,21.73
2026-10-04,8,WPA2201,20.74
2026-10-04,9,WPA2201,20.71
2026-10-04,10,WPA2201,19.79
2026-10-04,11,WPA2201,11.78
2026-10-04,12,WPA2201,21.26
2026-10-04,13,WPA2201,16.42
2026-10-04,14,WPA2201,22.15
2026-10-04,15,WPA2201,22.01
2026-10-04,16,WPA2201,23.04
2026-10-04,17,WPA2201,22.28
2026-10-04,18,WPA2201,21.31
2026-10-04,19,WPA2201,22.75
2026-10-04,20,WPA2201,23.13
2026-10-04,21,WPA2201,7.92
2026-10-04,22,WPA2201,0.59
2026-10-04,23,WPA2201,0.11
2026-10-04,24,WPA2201,0.03
2026-10-04,25,WPA2201,2.89
2026-10-04,26,WPA2201,0.46
2026-10-04,27,WPA2201,0.02
2026-10-04,28,WPA2201,0.03
2026-10-04,29,WPA2201,0.07
2026-10-04,30,WPA2201,0.05
2026-10-04,31,WPA2201,0.02
2026-10-04,32,WPA2201,2.16
2026-10-04,33,WPA2201,6.07
2026-10-04,34,WPA2201,21.06
2026-10-04,35,WPA2201,29.30
2026-10-04,36,WPA2201,42.75
2026-10-04,37,WPA2201,48.98
2026-10-04,38,WPA2201,85.22
2026-10-04,39,WPA2201,89.92
2026-10-04,40,WPA2201,73.29
2026-10-04,41,WPA2201,105.62
2026-10-04,42,WPA2201,101.25
2026-10-04,43,WPA2201,78.74
2026-10-04,44,WPA2201,179.09
2026-10-04,45,WPA2201,93.25
2026-10-04,46,WPA2201,70.30
2026-10-04,47,WPA2201,65.14
2026-10-04,48,WPA2201,62.77
2026-10-04,1,WPR0331,21.38
2026-10-04,2,WPR0331,21.22
2026-10-04,3,WPR0331,21.20
2026-10-04,4,WPR0331,21.23
2026-10-04,5,WPR0331,23.73
2026-10-04,6,WPR0331,23.28
2026-10-04,7,WPR0331,22.14
2026-10-04,8,WPR0331,20.96
2026-10-04,9,WPR0331,20.97
2026-10-04,10,WPR0331,20.24
2026-10-04,11,WPR0331,11.92
2026-10-04,12,WPR0331,21.12
2026-10-04,13,WPR0331,16.09
2026-10-04,14,WPR0331,21.42
2026-10-04,15,WPR0331,21.50
2026-10-04,16,WPR0331,21.60
2026-10-04,17,WPR0331,21.49
2026-10-04,18,WPR0331,20.63
2026-10-04,19,WPR0331,20.85
2026-10-04,20,WPR0331,19.98
2026-10-04,21,WPR0331,5.50
2026-10-04,22,WPR0331,0.02
2026-10-04,23,WPR0331,0.02
2026-10-04,24,WPR0331,0.02
2026-10-04,25,WPR0331,2.56
2026-10-04,26,WPR0331,0.42
2026-10-04,27,WPR0331,0.02
2026-10-04,28,WPR0331,0.02
2026-10-04,29,WPR0331,0.02
2026-10-04,30,WPR0331,0.02
2026-10-04,31,WPR0331,0.02
2026-10-04,32,WPR0331,1.31
2026-10-04,33,WPR0331,1.49
2026-10-04,34,WPR0331,12.05
2026-10-04,35,WPR0331,18.30
2026-10-04,36,WPR0331,21.02
2026-10-04,37,WPR0331,21.47
2026-10-04,38,WPR0331,21.42
2026-10-04,39,WPR0331,21.55
2026-10-04,40,WPR0331,21.68
2026-10-04,41,WPR0331,51.25
2026-10-04,42,WPR0331,53.65
2026-10-04,43,WPR0331,52.18
2026-10-04,44,WPR0331,50.43
2026-10-04,45,WPR0331,53.54
2026-10-04,46,WPR0331,53.23
2026-10-04,47,WPR0331,53.34
2026-10-04,48,WPR0331,52.71
2026-10-04,1,WPR0661,21.31
2026-10-04,2,WPR0661,21.16
2026-10-04,3,WPR0661,21.14
2026-10-04,4,WPR0661,21.16
2026-10-04,5,WPR0661,23.66
2026-10-04,6,WPR0661,23.21
2026-10-04,7,WPR0661,22.07
2026-10-04,8,WPR0661,20.90
2026-10-04,9,WPR0661,20.91
2026-10-04,10,WPR0661,20.18
2026-10-04,11,WPR0661,11.88
2026-10-04,12,WPR0661,21.05
2026-10-04,13,WPR0661,16.04
2026-10-04,14,WPR0661,21.35
2026-10-04,15,WPR0661,21.38
2026-10-04,16,WPR0661,21.48
2026-10-04,17,WPR0661,21.37
2026-10-04,18,WPR0661,20.52
2026-10-04,19,WPR0661,20.74
2026-10-04,20,WPR0661,19.88
2026-10-04,21,WPR0661,5.48
2026-10-04,22,WPR0661,0.02
2026-10-04,23,WPR0661,0.02
2026-10-04,24,WPR0661,0.02
2026-10-04,25,WPR0661,2.55
2026-10-04,26,WPR0661,0.41
2026-10-04,27,WPR0661,0.02
2026-10-04,28,WPR0661,0.02
2026-10-04,29,WPR0661,0.02
2026-10-04,30,WPR0661,0.02
2026-10-04,31,WPR0661,0.02
2026-10-04,32,WPR0661,1.30
2026-10-04,33,WPR0661,1.49
2026-10-04,34,WPR0661,12.01
2026-10-04,35,WPR0661,18.24
2026-10-04,36,WPR0661,20.94
2026-10-04,37,WPR0661,21.36
2026-10-04,38,WPR0661,21.30
2026-10-04,39,WPR0661,21.43
2026-10-04,40,WPR0661,21.56
2026-10-04,41,WPR0661,50.97
2026-10-04,42,WPR0661,53.36
2026-10-04,43,WPR0661,51.90
2026-10-04,44,WPR0661,50.16
2026-10-04,45,WPR0661,53.26
2026-10-04,46,WPR0661,52.97
2026-10-04,47,WPR0661,53.05
2026-10-04,48,WPR0661,52.53
2026-10-04,1,WPW0331,21.56
2026-10-04,2,WPW0331,22.61
2026-10-04,3,WPW0331,21.35
2026-10-04,4,WPW0331,21.39
2026-10-04,5,WPW0331,23.80
2026-10-04,6,WPW0331,23.39
2026-10-04,7,WPW0331,22.22
2026-10-04,8,WPW0331,21.22
2026-10-04,9,WPW0331,21.19
2026-10-04,10,WPW0331,20.33
2026-10-04,11,WPW0331,12.04
2026-10-04,12,WPW0331,21.50
2026-10-04,13,WPW0331,16.57
2026-10-04,14,WPW0331,22.38
2026-10-04,15,WPW0331,22.41
2026-10-04,16,WPW0331,23.34
2026-10-04,17,WPW0331,22.60
2026-10-04,18,WPW0331,21.48
2026-10-04,19,WPW0331,22.74
2026-10-04,20,WPW0331,22.95
2026-10-04,21,WPW0331,7.88
2026-10-04,22,WPW0331,0.57
2026-10-04,23,WPW0331,0.10
2026-10-04,24,WPW0331,0.03
2026-10-04,25,WPW0331,2.78
2026-10-04,26,WPW0331,0.45
2026-10-04,27,WPW0331,0.02
2026-10-04,28,WPW0331,0.03
2026-10-04,29,WPW0331,0.07
2026-10-04,30,WPW0331,0.05
2026-10-04,31,WPW0331,0.02
2026-10-04,32,WPW0331,2.09
2026-10-04,33,WPW0331,5.82
2026-10-04,34,WPW0331,20.09
2026-10-04,35,WPW0331,27.97
2026-10-04,36,WPW0331,40.76
2026-10-04,37,WPW0331,46.67
2026-10-04,38,WPW0331,82.31
2026-10-04,39,WPW0331,86.85
2026-10-04,40,WPW0331,71.68
2026-10-04,41,WPW0331,102.94
2026-10-04,42,WPW0331,98.30
2026-10-04,43,WPW0331,76.02
2026-10-04,44,WPW0331,173.85
2026-10-04,45,WPW0331,90.01
2026-10-04,46,WPW0331,68.91
2026-10-04,47,WPW0331,64.80
2026-10-04,48,WPW0331,63.07
2026-10-04,1,WRD0331,22.23
2026-10-04,2,WRD0331,23.46
2026-10-04,3,WRD0331,21.90
2026-10-04,4,WRD0331,21.84
2026-10-04,5,WRD0331,24.48
2026-10-04,6,WRD0331,23.98
2026-10-04,7,WRD0331,22.81
2026-10-04,8,WRD0331,21.77
2026-10-04,9,WRD0331,21.74
2026-10-04,10,WRD0331,20.78
2026-10-04,11,WRD0331,12.38
2026-10-04,12,WRD0331,22.44
2026-10-04,13,WRD0331,17.36
2026-10-04,14,WRD0331,23.63
2026-10-04,15,WRD0331,23.73
2026-10-04,16,WRD0331,25.03
2026-10-04,17,WRD0331,24.24
2026-10-04,18,WRD0331,23.25
2026-10-04,19,WRD0331,24.83
2026-10-04,20,WRD0331,25.25
2026-10-04,21,WRD0331,8.63
2026-10-04,22,WRD0331,0.64
2026-10-04,23,WRD0331,0.11
2026-10-04,24,WRD0331,0.03
2026-10-04,25,WRD0331,3.15
2026-10-04,26,WRD0331,0.50
2026-10-04,27,WRD0331,0.02
2026-10-04,28,WRD0331,0.03
2026-10-04,29,WRD0331,0.08
2026-10-04,30,WRD0331,0.06
2026-10-04,31,WRD0331,0.02
2026-10-04,32,WRD0331,2.37
2026-10-04,33,WRD0331,6.64
2026-10-04,34,WRD0331,23.06
2026-10-04,35,WRD0331,32.12
2026-10-04,36,WRD0331,46.86
2026-10-04,37,WRD0331,53.76
2026-10-04,38,WRD0331,93.87
2026-10-04,39,WRD0331,99.62
2026-10-04,40,WRD0331,81.25
2026-10-04,41,WRD0331,117.09
2026-10-04,42,WRD0331,112.23
2026-10-04,43,WRD0331,87.16
2026-10-04,44,WRD0331,196.69
2026-10-04,45,WRD0331,102.43
2026-10-04,46,WRD0331,77.20
2026-10-04,47,WRD0331,71.30
2026-10-04,48,WRD0331,68.39
2026-10-04,1,WRK0331,20.53
2026-10-04,2,WRK0331,21.87
2026-10-04,3,WRK0331,20.55
2026-10-04,4,WRK0331,20.49
2026-10-04,5,WRK0331,22.93
2026-10-04,6,WRK0331,22.47
2026-10-04,7,WRK0331,21.38
2026-10-04,8,WRK0331,20.39
2026-10-04,9,WRK0331,20.37
2026-10-04,10,WRK0331,19.47
2026-10-04,11,WRK0331,11.59
2026-10-04,12,WRK0331,20.94
2026-10-04,13,WRK0331,16.20
2026-10-04,14,WRK0331,21.86
2026-10-04,15,WRK0331,21.72
2026-10-04,16,WRK0331,22.76
2026-10-04,17,WRK0331,21.99
2026-10-04,18,WRK0331,21.07
2026-10-04,19,WRK0331,22.50
2026-10-04,20,WRK0331,22.87
2026-10-04,21,WRK0331,7.81
2026-10-04,22,WRK0331,0.58
2026-10-04,23,WRK0331,0.10
2026-10-04,24,WRK0331,0.03
2026-10-04,25,WRK0331,2.85
2026-10-04,26,WRK0331,0.45
2026-10-04,27,WRK0331,0.02
2026-10-04,28,WRK0331,0.03
2026-10-04,29,WRK0331,0.07
2026-10-04,30,WRK0331,0.05
2026-10-04,31,WRK0331,0.02
2026-10-04,32,WRK0331,2.13
2026-10-04,33,WRK0331,5.98
2026-10-04,34,WRK0331,20.78
2026-10-04,35,WRK0331,28.90
2026-10-04,36,WRK0331,42.20
2026-10-04,37,WRK0331,48.39
2026-10-04,38,WRK0331,84.20
2026-10-04,39,WRK0331,88.84
2026-10-04,40,WRK0331,72.41
2026-10-04,41,WRK0331,104.37
2026-10-04,42,WRK0331,100.05
2026-10-04,43,WRK0331,77.80
2026-10-04,44,WRK0331,176.80
2026-10-04,45,WRK0331,92.07
2026-10-04,46,WRK0331,69.39
2026-10-04,47,WRK0331,64.24
2026-10-04,48,WRK0331,61.93
2026-10-04,1,WRK2201,20.54
2026-10-04,2,WRK2201,21.88
2026-10-04,3,WRK2201,20.56
2026-10-04,4,WRK2201,20.50
2026-10-04,5,WRK2201,22.94
2026-10-04,6,WRK2201,22.49
2026-10-04,7,WRK2201,21.39
2026-10-04,8,WRK2201,20.40
2026-10-04,9,WRK2201,20.38
2026-10-04,10,WRK2201,19.48
2026-10-04,11,WRK2201,11.59
2026-10-04,12,WRK2201,20.95
2026-10-04,13,WRK2201,16.21
2026-10-04,14,WRK2201,21.85
2026-10-04,15,WRK2201,21.71
2026-10-04,16,WRK2201,22.74
2026-10-04,17,WRK2201,21.98
2026-10-04,18,WRK2201,21.06
2026-10-04,19,WRK2201,22.48
2026-10-04,20,WRK2201,22.85
2026-10-04,21,WRK2201,7.81
2026-10-04,22,WRK2201,0.58
2026-10-04,23,WRK2201,0.10
2026-10-04,24,WRK2201,0.03
2026-10-04,25,WRK2201,2.85
2026-10-04,26,WRK2201,0.45
2026-10-04,27,WRK2201,0.02
2026-10-04,28,WRK2201,0.03
2026-10-04,29,WRK2201,0.07
2026-10-04,30,WRK2201,0.05
2026-10-04,31,WRK2201,0.02
2026-10-04,32,WRK2201,2.13
2026-10-04,33,WRK2201,5.98
2026-10-04,34,WRK2201,20.77
2026-10-04,35,WRK2201,28.89
2026-10-04,36,WRK2201,42.17
2026-10-04,37,WRK2201,48.36
2026-10-04,38,WRK2201,84.16
2026-10-04,39,WRK2201,88.79
2026-10-04,40,WRK2201,72.38
2026-10-04,41,WRK2201,104.32
2026-10-04,42,WRK2201,100.00
2026-10-04,43,WRK2201,77.76
2026-10-04,44,WRK2201,176.73
2026-10-04,45,WRK2201,92.05
2026-10-04,46,WRK2201,69.42
2026-10-04,47,WRK2201,64.27
2026-10-04,48,WRK2201,61.96
2026-10-04,1,WTK0111,20.07
2026-10-04,2,WTK0111,19.92
2026-10-04,3,WTK0111,19.94
2026-10-04,4,WTK0111,19.97
2026-10-04,5,WTK0111,22.39
2026-10-04,6,WTK0111,22.03
2026-10-04,7,WTK0111,20.95
2026-10-04,8,WTK0111,19.98
2026-10-04,9,WTK0111,19.98
2026-10-04,10,WTK0111,19.16
2026-10-04,11,WTK0111,11.23
2026-10-04,12,WTK0111,19.88
2026-10-04,13,WTK0111,15.04
2026-10-04,14,WTK0111,19.95
2026-10-04,15,WTK0111,19.94
2026-10-04,16,WTK0111,19.99
2026-10-04,17,WTK0111,19.93
2026-10-04,18,WTK0111,19.18
2026-10-04,19,WTK0111,19.45
2026-10-04,20,WTK0111,18.76
2026-10-04,21,WTK0111,5.22
2026-10-04,22,WTK0111,0.02
2026-10-04,23,WTK0111,0.02
2026-10-04,24,WTK0111,0.02
2026-10-04,25,WTK0111,2.51
2026-10-04,26,WTK0111,0.41
2026-10-04,27,WTK0111,0.02
2026-10-04,28,WTK0111,0.02
2026-10-04,29,WTK0111,0.02
2026-10-04,30,WTK0111,0.02
2026-10-04,31,WTK0111,0.02
2026-10-04,32,WTK0111,1.28
2026-10-04,33,WTK0111,1.46
2026-10-04,34,WTK0111,11.78
2026-10-04,35,WTK0111,17.56
2026-10-04,36,WTK0111,19.72
2026-10-04,37,WTK0111,19.97
2026-10-04,38,WTK0111,19.85
2026-10-04,39,WTK0111,19.97
2026-10-04,40,WTK0111,20.03
2026-10-04,41,WTK0111,47.16
2026-10-04,42,WTK0111,49.62
2026-10-04,43,WTK0111,48.13
2026-10-04,44,WTK0111,46.74
2026-10-04,45,WTK0111,49.62
2026-10-04,46,WTK0111,49.70
2026-10-04,47,WTK0111,49.64
2026-10-04,48,WTK0111,49.61
2026-10-04,1,WTK0331,20.10
2026-10-04,2,WTK0331,19.95
2026-10-04,3,WTK0331,19.97
2026-10-04,4,WTK0331,20.00
2026-10-04,5,WTK0331,22.42
2026-10-04,6,WTK0331,22.06
2026-10-04,7,WTK0331,20.97
2026-10-04,8,WTK0331,20.01
2026-10-04,9,WTK0331,20.01
2026-10-04,10,WTK0331,19.19
2026-10-04,11,WTK0331,11.25
2026-10-04,12,WTK0331,19.91
2026-10-04,13,WTK0331,15.06
2026-10-04,14,WTK0331,19.98
2026-10-04,15,WTK0331,19.96
2026-10-04,16,WTK0331,20.02
2026-10-04,17,WTK0331,19.96
2026-10-04,18,WTK0331,19.21
2026-10-04,19,WTK0331,19.47
2026-10-04,20,WTK0331,18.78
2026-10-04,21,WTK0331,5.23
2026-10-04,22,WTK0331,0.02
2026-10-04,23,WTK0331,0.02
2026-10-04,24,WTK0331,0.02
2026-10-04,25,WTK0331,2.52
2026-10-04,26,WTK0331,0.41
2026-10-04,27,WTK0331,0.02
2026-10-04,28,WTK0331,0.02
2026-10-04,29,WTK0331,0.02
2026-10-04,30,WTK0331,0.02
2026-10-04,31,WTK0331,0.02
2026-10-04,32,WTK0331,1.28
2026-10-04,33,WTK0331,1.47
2026-10-04,34,WTK0331,11.80
2026-10-04,35,WTK0331,17.58
2026-10-04,36,WTK0331,19.75
2026-10-04,37,WTK0331,20.00
2026-10-04,38,WTK0331,19.88
2026-10-04,39,WTK0331,20.00
2026-10-04,40,WTK0331,20.06
2026-10-04,41,WTK0331,47.23
2026-10-04,42,WTK0331,49.69
2026-10-04,43,WTK0331,48.19
2026-10-04,44,WTK0331,46.81
2026-10-04,45,WTK0331,49.69
2026-10-04,46,WTK0331,49.76
2026-10-04,47,WTK0331,49.70
2026-10-04,48,WTK0331,49.67
2026-10-04,1,WTK2201,20.13
2026-10-04,2,WTK2201,19.99
2026-10-04,3,WTK2201,20.00
2026-10-04,4,WTK2201,20.01
2026-10-04,5,WTK2201,22.46
2026-10-04,6,WTK2201,22.07
2026-10-04,7,WTK2201,20.98
2026-10-04,8,WTK2201,20.01
2026-10-04,9,WTK2201,20.01
2026-10-04,10,WTK2201,19.20
2026-10-04,11,WTK2201,11.26
2026-10-04,12,WTK2201,19.92
2026-10-04,13,WTK2201,15.07
2026-10-04,14,WTK2201,19.99
2026-10-04,15,WTK2201,19.97
2026-10-04,16,WTK2201,20.02
2026-10-04,17,WTK2201,19.97
2026-10-04,18,WTK2201,19.22
2026-10-04,19,WTK2201,19.48
2026-10-04,20,WTK2201,18.79
2026-10-04,21,WTK2201,5.23
2026-10-04,22,WTK2201,0.02
2026-10-04,23,WTK2201,0.02
2026-10-04,24,WTK2201,0.02
2026-10-04,25,WTK2201,2.52
2026-10-04,26,WTK2201,0.41
2026-10-04,27,WTK2201,0.02
2026-10-04,28,WTK2201,0.02
2026-10-04,29,WTK2201,0.02
2026-10-04,30,WTK2201,0.02
2026-10-04,31,WTK2201,0.02
2026-10-04,32,WTK2201,1.28
2026-10-04,33,WTK2201,1.47
2026-10-04,34,WTK2201,11.80
2026-10-04,35,WTK2201,17.59
2026-10-04,36,WTK2201,19.76
2026-10-04,37,WTK2201,20.01
2026-10-04,38,WTK2201,19.88
2026-10-04,39,WTK2201,20.01
2026-10-04,40,WTK2201,20.07
2026-10-04,41,WTK2201,47.24
2026-10-04,42,WTK2201,49.71
2026-10-04,43,WTK2201,48.21
2026-10-04,44,WTK2201,46.82
2026-10-04,45,WTK2201,49.71
2026-10-04,46,WTK2201,49.78
2026-10-04,47,WTK2201,49.72
2026-10-04,48,WTK2201,49.69
2026-10-04,1,WTU0331,20.64
2026-10-04,2,WTU0331,22.01
2026-10-04,3,WTU0331,20.66
2026-10-04,4,WTU0331,20.59
2026-10-04,5,WTU0331,23.10
2026-10-04,6,WTU0331,22.63
2026-10-04,7,WTU0331,21.50
2026-10-04,8,WTU0331,20.49
2026-10-04,9,WTU0331,20.50
2026-10-04,10,WTU0331,19.57
2026-10-04,11,WTU0331,11.69
2026-10-04,12,WTU0331,21.11
2026-10-04,13,WTU0331,16.34
2026-10-04,14,WTU0331,22.06
2026-10-04,15,WTU0331,21.91
2026-10-04,16,WTU0331,23.01
2026-10-04,17,WTU0331,22.23
2026-10-04,18,WTU0331,21.30
2026-10-04,19,WTU0331,22.75
2026-10-04,20,WTU0331,23.12
2026-10-04,21,WTU0331,7.90
2026-10-04,22,WTU0331,0.59
2026-10-04,23,WTU0331,0.11
2026-10-04,24,WTU0331,0.03
2026-10-04,25,WTU0331,2.88
2026-10-04,26,WTU0331,0.46
2026-10-04,27,WTU0331,0.02
2026-10-04,28,WTU0331,0.03
2026-10-04,29,WTU0331,0.07
2026-10-04,30,WTU0331,0.05
2026-10-04,31,WTU0331,0.02
2026-10-04,32,WTU0331,2.15
2026-10-04,33,WTU0331,6.04
2026-10-04,34,WTU0331,20.97
2026-10-04,35,WTU0331,29.20
2026-10-04,36,WTU0331,42.67
2026-10-04,37,WTU0331,48.93
2026-10-04,38,WTU0331,85.15
2026-10-04,39,WTU0331,90.27
2026-10-04,40,WTU0331,74.28
2026-10-04,41,WTU0331,107.05
2026-10-04,42,WTU0331,102.62
2026-10-04,43,WTU0331,79.80
2026-10-04,44,WTU0331,180.70
2026-10-04,45,WTU0331,93.59
2026-10-04,46,WTU0331,70.14
2026-10-04,47,WTU0331,64.74
2026-10-04,48,WTU0331,62.35
2026-10-04,1,WVY0111,21.15
2026-10-04,2,WVY0111,22.58
2026-10-04,3,WVY0111,21.04
2026-10-04,4,WVY0111,20.96
2026-10-04,5,WVY0111,23.22
2026-10-04,6,WVY0111,22.79
2026-10-04,7,WVY0111,21.68
2026-10-04,8,WVY0111,20.80
2026-10-04,9,WVY0111,20.80
2026-10-04,10,WVY0111,19.86
2026-10-04,11,WVY0111,11.71
2026-10-04,12,WVY0111,20.96
2026-10-04,13,WVY0111,16.43
2026-10-04,14,WVY0111,22.25
2026-10-04,15,WVY0111,22.36
2026-10-04,16,WVY0111,23.34
2026-10-04,17,WVY0111,22.87
2026-10-04,18,WVY0111,21.86
2026-10-04,19,WVY0111,22.90
2026-10-04,20,WVY0111,23.17
2026-10-04,21,WVY0111,7.87
2026-10-04,22,WVY0111,0.57
2026-10-04,23,WVY0111,0.10
2026-10-04,24,WVY0111,0.03
2026-10-04,25,WVY0111,2.74
2026-10-04,26,WVY0111,0.44
2026-10-04,27,WVY0111,0.02
2026-10-04,28,WVY0111,0.03
2026-10-04,29,WVY0111,0.07
2026-10-04,30,WVY0111,0.05
2026-10-04,31,WVY0111,0.02
2026-10-04,32,WVY0111,2.05
2026-10-04,33,WVY0111,5.74
2026-10-04,34,WVY0111,19.97
2026-10-04,35,WVY0111,27.88
2026-10-04,36,WVY0111,40.65
2026-10-04,37,WVY0111,46.38
2026-10-04,38,WVY0111,81.12
2026-10-04,39,WVY0111,85.90
2026-10-04,40,WVY0111,70.38
2026-10-04,41,WVY0111,101.92
2026-10-04,42,WVY0111,97.74
2026-10-04,43,WVY0111,76.03
2026-10-04,44,WVY0111,174.20
2026-10-04,45,WVY0111,91.48
2026-10-04,46,WVY0111,71.06
2026-10-04,47,WVY0111,66.91
2026-10-04,48,WVY0111,65.35
2026-10-04,1,WVY1101,21.09
2026-10-04,2,WVY1101,22.56
2026-10-04,3,WVY1101,21.03
2026-10-04,4,WVY1101,20.94
2026-10-04,5,WVY1101,23.21
2026-10-04,6,WVY1101,22.78
2026-10-04,7,WVY1101,21.67
2026-10-04,8,WVY1101,20.78
2026-10-04,9,WVY1101,20.79
2026-10-04,10,WVY1101,19.83
2026-10-04,11,WVY1101,11.68
2026-10-04,12,WVY1101,20.90
2026-10-04,13,WVY1101,16.38
2026-10-04,14,WVY1101,22.18
2026-10-04,15,WVY1101,22.29
2026-10-04,16,WVY1101,23.26
2026-10-04,17,WVY1101,22.80
2026-10-04,18,WVY1101,21.80
2026-10-04,19,WVY1101,22.83
2026-10-04,20,WVY1101,23.09
2026-10-04,21,WVY1101,7.85
2026-10-04,22,WVY1101,0.56
2026-10-04,23,WVY1101,0.10
2026-10-04,24,WVY1101,0.03
2026-10-04,25,WVY1101,2.73
2026-10-04,26,WVY1101,0.44
2026-10-04,27,WVY1101,0.02
2026-10-04,28,WVY1101,0.03
2026-10-04,29,WVY1101,0.07
2026-10-04,30,WVY1101,0.05
2026-10-04,31,WVY1101,0.02
2026-10-04,32,WVY1101,2.04
2026-10-04,33,WVY1101,5.73
2026-10-04,34,WVY1101,19.91
2026-10-04,35,WVY1101,27.79
2026-10-04,36,WVY1101,40.52
2026-10-04,37,WVY1101,46.24
2026-10-04,38,WVY1101,80.87
2026-10-04,39,WVY1101,85.63
2026-10-04,40,WVY1101,70.16
2026-10-04,41,WVY1101,101.61
2026-10-04,42,WVY1101,97.44
2026-10-04,43,WVY1101,75.80
2026-10-04,44,WVY1101,173.66
2026-10-04,45,WVY1101,91.20
2026-10-04,46,WVY1101,70.84
2026-10-04,47,WVY1101,66.71
2026-10-04,48,WVY1101,65.18
2026-10-04,1,WWD1102,20.80
2026-10-04,2,WWD1102,21.84
2026-10-04,3,WWD1102,20.71
2026-10-04,4,WWD1102,20.76
2026-10-04,5,WWD1102,23.19
2026-10-04,6,WWD1102,22.76
2026-10-04,7,WWD1102,21.65
2026-10-04,8,WWD1102,20.65
2026-10-04,9,WWD1102,20.64
2026-10-04,10,WWD1102,19.79
2026-10-04,11,WWD1102,11.62
2026-10-04,12,WWD1102,20.65
2026-10-04,13,WWD1102,15.83
2026-10-04,14,WWD1102,21.29
2026-10-04,15,WWD1102,21.32
2026-10-04,16,WWD1102,22.17
2026-10-04,17,WWD1102,21.59
2026-10-04,18,WWD1102,20.68
2026-10-04,19,WWD1102,21.91
2026-10-04,20,WWD1102,22.10
2026-10-04,21,WWD1102,7.53
2026-10-04,22,WWD1102,0.55
2026-10-04,23,WWD1102,0.10
2026-10-04,24,WWD1102,0.03
2026-10-04,25,WWD1102,2.71
2026-10-04,26,WWD1102,0.44
2026-10-04,27,WWD1102,0.02
2026-10-04,28,WWD1102,0.03
2026-10-04,29,WWD1102,0.07
2026-10-04,30,WWD1102,0.05
2026-10-04,31,WWD1102,0.02
2026-10-04,32,WWD1102,2.02
2026-10-04,33,WWD1102,5.60
2026-10-04,34,WWD1102,19.39
2026-10-04,35,WWD1102,27.00
2026-10-04,36,WWD1102,39.02
2026-10-04,37,WWD1102,44.37
2026-10-04,38,WWD1102,77.49
2026-10-04,39,WWD1102,81.08
2026-10-04,40,WWD1102,66.73
2026-10-04,41,WWD1102,96.33
2026-10-04,42,WWD1102,92.35
2026-10-04,43,WWD1102,71.88
2026-10-04,44,WWD1102,165.36
2026-10-04,45,WWD1102,85.55
2026-10-04,46,WWD1102,65.69
2026-10-04,47,WWD1102,61.91
2026-10-04,48,WWD1102,60.38
2026-10-04,1,WWD1103,20.80
2026-10-04,2,WWD1103,21.84
2026-10-04,3,WWD1103,20.69
2026-10-04,4,WWD1103,20.73
2026-10-04,5,WWD1103,23.19
2026-10-04,6,WWD1103,22.75
2026-10-04,7,WWD1103,21.65
2026-10-04,8,WWD1103,20.64
2026-10-04,9,WWD1103,20.63
2026-10-04,10,WWD1103,19.77
2026-10-04,11,WWD1103,11.61
2026-10-04,12,WWD1103,20.65
2026-10-04,13,WWD1103,15.82
2026-10-04,14,WWD1103,21.29
2026-10-04,15,WWD1103,21.32
2026-10-04,16,WWD1103,22.18
2026-10-04,17,WWD1103,21.58
2026-10-04,18,WWD1103,20.69
2026-10-04,19,WWD1103,21.94
2026-10-04,20,WWD1103,22.13
2026-10-04,21,WWD1103,7.54
2026-10-04,22,WWD1103,0.55
2026-10-04,23,WWD1103,0.10
2026-10-04,24,WWD1103,0.03
2026-10-04,25,WWD1103,2.71
2026-10-04,26,WWD1103,0.44
2026-10-04,27,WWD1103,0.02
2026-10-04,28,WWD1103,0.03
2026-10-04,29,WWD1103,0.07
2026-10-04,30,WWD1103,0.05
2026-10-04,31,WWD1103,0.02
2026-10-04,32,WWD1103,2.02
2026-10-04,33,WWD1103,5.60
2026-10-04,34,WWD1103,19.37
2026-10-04,35,WWD1103,26.99
2026-10-04,36,WWD1103,38.98
2026-10-04,37,WWD1103,44.34
2026-10-04,38,WWD1103,77.49
2026-10-04,39,WWD1103,81.08
2026-10-04,40,WWD1103,66.73
2026-10-04,41,WWD1103,96.33
2026-10-04,42,WWD1103,92.35
2026-10-04,43,WWD1103,71.88
2026-10-04,44,WWD1103,165.35
2026-10-04,45,WWD1103,85.55
2026-10-04,46,WWD1103,65.69
2026-10-04,47,WWD1103,61.91
2026-10-04,48,WWD1103,60.38
